DATE,IMPORTS,NUCLEAR,BIOMASS,GAS,COAL,PEAKING,HYDRO,HYDRO_ROR,HYDRO_PS,WIND,SOLAR,WIND_ONSHORE,WIND_OFFSHORE,COAL_TO_BIOMASS,COAL_TO_LCPD,COAL_OTHER,CCGT_E,CCGT_F,CCGT_G,CCGT_H
01/01/2009,2435,10720,4873,29660,27897,9010,4012,1082,2930,3373,0,2757,90,3178,6140,18579,9456,16080,1124,0
02/01/2009,2435,10720,4873,29660,27897,9010,4012,1082,2930,3373,0,2757,90,3178,6140,18579,9456,16080,1124,0
03/01/2009,2435,10720,4873,29660,27897,9010,4012,1082,2930,3373,0,2757,90,3178,6140,18579,9456,16080,1124,0
04/01/2009,2435,10720,4873,29660,27897,9010,4012,1082,2930,3373,0,2757,90,3178,6140,18579,9456,16080,1124,0
05/01/2009,2435,10720,4873,29660,27897,9010,4012,1082,2930,3373,0,2757,90,3178,6140,18579,9456,16080,1124,0
06/01/2009,2435,10720,4873,29660,27897,9010,4012,1082,2930,3373,0,2757,90,3178,6140,18579,9456,16080,1124,0
07/01/2009,2435,10720,4873,29660,27897,9010,4012,1082,2930,3373,0,2757,90,3178,6140,18579,9456,16080,1124,0
08/01/2009,2435,10720,4873,29660,27897,9010,4012,1082,2930,3373,0,2757,90,3178,6140,18579,9456,16080,1124,0
09/01/2009,2435,10720,4873,29660,27897,9010,4012,1082,2930,3373,0,2757,90,3178,6140,18579,9456,16080,1124,0
10/01/2009,2435,10720,4873,29660,27897,9010,4012,1082,2930,3373,0,2757,90,3178,6140,18579,9456,16080,1124,0
11/01/2009,2435,10720,4873,29660,27897,9010,4012,1082,2930,3373,0,2757,90,3178,6140,18579,9456,16080,1124,0
12/01/2009,2435,10720,4873,29660,27897,9010,4012,1082,2930,3373,0,2757,90,3178,6140,18579,9456,16080,1124,0
13/01/2009,2435,10720,4873,29660,27897,9010,4012,1082,2930,3373,0,2757,90,3178,6140,18579,9456,16080,1124,0
14/01/2009,2435,10720,4873,29660,27897,9010,4012,1082,2930,3373,0,2757,90,3178,6140,18579,9456,16080,1124,0
15/01/2009,2435,10720,4873,29660,27897,9010,4012,1082,2930,3373,0,2757,90,3178,6140,18579,9456,16080,1124,0
16/01/2009,2435,10720,4873,29660,27897,9010,4012,1082,2930,3373,0,2757,90,3178,6140,18579,9456,16080,1124,0
17/01/2009,2435,10720,4873,29660,27897,9010,4012,1082,2930,3373,0,2757,90,3178,6140,18579,9456,16080,1124,0
18/01/2009,2435,10720,4873,29660,27897,9010,4012,1082,2930,3373,0,2757,90,3178,6140,18579,9456,16080,1124,0
19/01/2009,2435,10720,4873,29660,27897,9010,4012,1082,2930,3373,0,2757,90,3178,6140,18579,9456,16080,1124,0
20/01/2009,2435,10720,4873,29660,27897,9010,4012,1082,2930,3373,0,2757,90,3178,6140,18579,9456,16080,1124,0
21/01/2009,2435,10720,4873,29660,27897,9010,4012,1082,2930,3373,0,2757,90,3178,6140,18579,9456,16080,1124,0
22/01/2009,2435,10720,4873,29660,27897,9010,4012,1082,2930,3373,0,2757,90,3178,6140,18579,9456,16080,1124,0
23/01/2009,2435,10720,4873,29660,27897,9010,4012,1082,2930,3373,0,2757,90,3178,6140,18579,9456,16080,1124,0
24/01/2009,2435,10720,4873,29660,27897,9010,4012,1082,2930,3373,0,2757,90,3178,6140,18579,9456,16080,1124,0
25/01/2009,2435,10720,4873,29660,27897,9010,4012,1082,2930,3373,0,2757,90,3178,6140,18579,9456,16080,1124,0
26/01/2009,2435,10720,4873,29660,27897,9010,4012,1082,2930,3373,0,2757,90,3178,6140,18579,9456,16080,1124,0
27/01/2009,2435,10720,4873,29660,27897,9010,4012,1082,2930,3373,0,2757,90,3178,6140,18579,9456,16080,1124,0
28/01/2009,2435,10720,4873,29660,27927,9010,4012,1082,2930,3373,0,2757,90,3178,6140,18609,9456,16080,1124,0
29/01/2009,2435,10720,4873,29660,27927,9010,4012,1082,2930,3373,0,2757,90,3178,6140,18609,9456,16080,1124,0
30/01/2009,2435,10720,4873,29660,27927,9010,4012,1082,2930,3373,0,2757,90,3178,6140,18609,9456,16080,1124,0
31/01/2009,2435,10720,4873,29660,27927,9010,4012,1082,2930,3373,0,2757,90,3178,6140,18609,9456,16080,1124,0
01/02/2009,2435,10720,4873,29660,27927,9010,4012,1082,2930,3459,0,2821,90,3178,6140,18609,9456,16080,1124,0
02/02/2009,2435,10720,4873,29660,27927,9010,4012,1082,2930,3459,0,2821,90,3178,6140,18609,9456,16080,1124,0
03/02/2009,2435,10720,4873,29660,27927,9010,4012,1082,2930,3459,0,2821,90,3178,6140,18609,9456,16080,1124,0
04/02/2009,2435,10720,4873,29660,27927,9010,4012,1082,2930,3459,0,2821,90,3178,6140,18609,9456,16080,1124,0
05/02/2009,2435,10720,4873,29660,27927,9010,4012,1082,2930,3459,0,2821,90,3178,6140,18609,9456,16080,1124,0
06/02/2009,2435,10720,4873,29660,27927,9010,4012,1082,2930,3459,0,2821,90,3178,6140,18609,9456,16080,1124,0
07/02/2009,2435,10720,4873,29660,27927,9010,4012,1082,2930,3459,0,2821,90,3178,6140,18609,9456,16080,1124,0
08/02/2009,2435,10720,4873,29660,27927,9010,4012,1082,2930,3459,0,2821,90,3178,6140,18609,9456,16080,1124,0
09/02/2009,2435,10720,4873,29660,27927,9010,4012,1082,2930,3459,0,2821,90,3178,6140,18609,9456,16080,1124,0
10/02/2009,2435,10720,4873,29660,27957,9010,4012,1082,2930,3459,0,2821,90,3178,6140,18639,9456,16080,1124,0
11/02/2009,2435,10720,4873,29660,27957,9010,4012,1082,2930,3459,0,2821,90,3178,6140,18639,9456,16080,1124,0
12/02/2009,2435,10720,4873,29660,27957,9010,4012,1082,2930,3459,0,2821,90,3178,6140,18639,9456,16080,1124,0
13/02/2009,2435,10720,4873,29660,27957,9010,4012,1082,2930,3459,0,2821,90,3178,6140,18639,9456,16080,1124,0
14/02/2009,2435,10720,4873,29660,27957,9010,4012,1082,2930,3459,0,2821,90,3178,6140,18639,9456,16080,1124,0
15/02/2009,2435,10720,4873,29660,27957,9010,4012,1082,2930,3459,0,2821,90,3178,6140,18639,9456,16080,1124,0
16/02/2009,2435,10720,4873,29660,27957,9010,4012,1082,2930,3459,0,2821,90,3178,6140,18639,9456,16080,1124,0
17/02/2009,2435,10720,4873,29660,27957,9010,4012,1082,2930,3459,0,2821,90,3178,6140,18639,9456,16080,1124,0
18/02/2009,2435,10720,4873,29660,27957,9010,4012,1082,2930,3459,0,2821,90,3178,6140,18639,9456,16080,1124,0
19/02/2009,2435,10720,4873,29660,27957,9010,4012,1082,2930,3459,0,2821,90,3178,6140,18639,9456,16080,1124,0
20/02/2009,2435,10720,4873,29660,27957,9010,4012,1082,2930,3459,0,2821,90,3178,6140,18639,9456,16080,1124,0
21/02/2009,2435,10720,4873,29660,27957,9010,4012,1082,2930,3459,0,2821,90,3178,6140,18639,9456,16080,1124,0
22/02/2009,2435,10720,4873,29660,27957,9010,4012,1082,2930,3459,0,2821,90,3178,6140,18639,9456,16080,1124,0
23/02/2009,2435,10720,4873,29660,27957,9010,4012,1082,2930,3459,0,2821,90,3178,6140,18639,9456,16080,1124,0
24/02/2009,2435,10720,4873,29660,27957,9010,4012,1082,2930,3459,0,2821,90,3178,6140,18639,9456,16080,1124,0
25/02/2009,2435,10720,4873,29660,27957,9010,4012,1082,2930,3459,0,2821,90,3178,6140,18639,9456,16080,1124,0
26/02/2009,2435,10720,4873,29660,27957,9010,4012,1082,2930,3459,0,2821,90,3178,6140,18639,9456,16080,1124,0
27/02/2009,2435,10720,4873,29660,27957,9010,4012,1082,2930,3459,0,2821,90,3178,6140,18639,9456,16080,1124,0
28/02/2009,2435,10720,4873,29660,27957,9010,4012,1082,2930,3459,0,2821,90,3178,6140,18639,9456,16080,1124,0
01/03/2009,2435,10740,4873,29660,27955,9010,4012,1082,2930,3539,0,2872,90,3178,6140,18637,9456,16080,1124,0
02/03/2009,2435,10740,4873,29660,27955,9010,4012,1082,2930,3539,0,2872,90,3178,6140,18637,9456,16080,1124,0
03/03/2009,2435,10740,4873,29660,27955,9010,4012,1082,2930,3539,0,2872,90,3178,6140,18637,9456,16080,1124,0
04/03/2009,2435,10740,4873,29660,27955,9010,4012,1082,2930,3539,0,2872,90,3178,6140,18637,9456,16080,1124,0
05/03/2009,2435,10740,4873,29660,27955,9010,4012,1082,2930,3539,0,2872,90,3178,6140,18637,9456,16080,1124,0
06/03/2009,2435,10740,4873,29660,27955,9010,4012,1082,2930,3539,0,2872,90,3178,6140,18637,9456,16080,1124,0
07/03/2009,2435,10740,4873,29660,27955,9010,4012,1082,2930,3539,0,2872,90,3178,6140,18637,9456,16080,1124,0
08/03/2009,2435,10740,4873,29660,27955,9010,4012,1082,2930,3539,0,2872,90,3178,6140,18637,9456,16080,1124,0
09/03/2009,2435,10740,4873,29660,27967,9010,4012,1082,2930,3539,0,2872,90,3178,6140,18649,9456,16080,1124,0
10/03/2009,2435,10740,4873,29660,27967,9010,4012,1082,2930,3539,0,2872,90,3178,6140,18649,9456,16080,1124,0
11/03/2009,2435,10740,4873,29660,27967,9010,4012,1082,2930,3539,0,2872,90,3178,6140,18649,9456,16080,1124,0
12/03/2009,2435,10740,4873,29660,27967,9010,4012,1082,2930,3539,0,2872,90,3178,6140,18649,9456,16080,1124,0
13/03/2009,2435,10740,4873,29660,27967,9010,4012,1082,2930,3539,0,2872,90,3178,6140,18649,9456,16080,1124,0
14/03/2009,2435,10740,4873,29660,27967,9010,4012,1082,2930,3539,0,2872,90,3178,6140,18649,9456,16080,1124,0
15/03/2009,2435,10740,4873,29660,27967,9010,4012,1082,2930,3539,0,2872,90,3178,6140,18649,9456,16080,1124,0
16/03/2009,2435,10750,4873,29660,27967,9010,4012,1082,2930,3539,0,2872,90,3178,6140,18649,9456,16080,1124,0
17/03/2009,2435,10750,4873,29660,27967,9010,4012,1082,2930,3539,0,2872,90,3178,6140,18649,9456,16080,1124,0
18/03/2009,2435,10750,4873,29660,27967,9010,4012,1082,2930,3539,0,2872,90,3178,6140,18649,9456,16080,1124,0
19/03/2009,2435,10750,4873,29660,27967,9010,4012,1082,2930,3539,0,2872,90,3178,6140,18649,9456,16080,1124,0
20/03/2009,2435,10750,4873,29660,27967,9010,4012,1082,2930,3539,0,2872,90,3178,6140,18649,9456,16080,1124,0
21/03/2009,2435,10750,4873,29660,27967,9010,4012,1082,2930,3539,0,2872,90,3178,6140,18649,9456,16080,1124,0
22/03/2009,2435,10750,4873,29660,27967,9010,4012,1082,2930,3539,0,2872,90,3178,6140,18649,9456,16080,1124,0
23/03/2009,2435,10750,4873,29660,27967,9010,4012,1082,2930,3539,0,2872,90,3178,6140,18649,9456,16080,1124,0
24/03/2009,2435,10750,4873,29660,27967,9010,4012,1082,2930,3539,0,2872,90,3178,6140,18649,9456,16080,1124,0
25/03/2009,2435,10750,4873,29660,27967,9010,4012,1082,2930,3539,0,2872,90,3178,6140,18649,9456,16080,1124,0
26/03/2009,2435,10750,4873,29660,27967,9010,4012,1082,2930,3539,0,2872,90,3178,6140,18649,9456,16080,1124,0
27/03/2009,2435,10750,4873,29660,27967,9010,4012,1082,2930,3539,0,2872,90,3178,6140,18649,9456,16080,1124,0
28/03/2009,2435,10750,4873,29660,27967,9010,4012,1082,2930,3539,0,2872,90,3178,6140,18649,9456,16080,1124,0
29/03/2009,2435,10750,4873,29660,27967,9010,4012,1082,2930,3539,0,2872,90,3178,6140,18649,9456,16080,1124,0
30/03/2009,2435,10750,4873,29660,27967,9010,4012,1082,2930,3539,0,2872,90,3178,6140,18649,9456,16080,1124,0
31/03/2009,2435,10750,4873,29660,27967,9010,4012,1082,2930,3539,0,2872,90,3178,6140,18649,9456,16080,1124,0
01/04/2009,2435,10750,4873,29660,27967,9010,4012,1082,2930,3599,0,2910,90,3178,6140,18649,9456,16080,1124,0
02/04/2009,2435,10750,4873,29660,27967,9010,4012,1082,2930,3599,0,2910,90,3178,6140,18649,9456,16080,1124,0
03/04/2009,2435,10755,4873,29660,27967,9010,4012,1082,2930,3599,0,2910,90,3178,6140,18649,9456,16080,1124,0
04/04/2009,2435,10755,4873,29660,27967,9010,4012,1082,2930,3599,0,2910,90,3178,6140,18649,9456,16080,1124,0
05/04/2009,2435,10755,4873,29660,27967,9010,4012,1082,2930,3599,0,2910,90,3178,6140,18649,9456,16080,1124,0
06/04/2009,2435,10755,4873,29660,27967,9010,4012,1082,2930,3599,0,2910,90,3178,6140,18649,9456,16080,1124,0
07/04/2009,2435,10755,4873,29660,27967,9010,4012,1082,2930,3599,0,2910,90,3178,6140,18649,9456,16080,1124,0
08/04/2009,2435,10755,4873,29660,27967,9010,4012,1082,2930,3599,0,2910,90,3178,6140,18649,9456,16080,1124,0
09/04/2009,2435,10755,4873,29660,27967,9010,4012,1082,2930,3599,0,2910,90,3178,6140,18649,9456,16080,1124,0
10/04/2009,2435,10755,4873,29660,27967,9010,4012,1082,2930,3599,0,2910,90,3178,6140,18649,9456,16080,1124,0
11/04/2009,2435,10755,4873,29660,27967,9010,4012,1082,2930,3599,0,2910,90,3178,6140,18649,9456,16080,1124,0
12/04/2009,2435,10755,4873,29660,27967,9010,4012,1082,2930,3599,0,2910,90,3178,6140,18649,9456,16080,1124,0
13/04/2009,2435,10755,4873,29660,27967,9010,4012,1082,2930,3599,0,2910,90,3178,6140,18649,9456,16080,1124,0
14/04/2009,2435,10755,4873,29660,27967,9010,4012,1082,2930,3599,0,2910,90,3178,6140,18649,9456,16080,1124,0
15/04/2009,2435,10755,4873,29660,27967,9010,4012,1082,2930,3599,0,2910,90,3178,6140,18649,9456,16080,1124,0
16/04/2009,2435,10755,4873,29660,27967,9010,4012,1082,2930,3599,0,2910,90,3178,6140,18649,9456,16080,1124,0
17/04/2009,2435,10755,4873,29660,27967,9010,4012,1082,2930,3599,0,2910,90,3178,6140,18649,9456,16080,1124,0
18/04/2009,2435,10755,4873,29660,27967,9010,4012,1082,2930,3599,0,2910,90,3178,6140,18649,9456,16080,1124,0
19/04/2009,2435,10755,4873,29660,27967,9010,4012,1082,2930,3599,0,2910,90,3178,6140,18649,9456,16080,1124,0
20/04/2009,2435,10755,4873,29660,27967,9010,4012,1082,2930,3599,0,2910,90,3178,6140,18649,9456,16080,1124,0
21/04/2009,2435,10755,4873,29660,27967,9010,4012,1082,2930,3599,0,2910,90,3178,6140,18649,9456,16080,1124,0
22/04/2009,2435,10755,4873,29660,27967,9010,4012,1082,2930,3599,0,2910,90,3178,6140,18649,9456,16080,1124,0
23/04/2009,2435,10755,4873,29660,27967,9010,4012,1082,2930,3599,0,2910,90,3178,6140,18649,9456,16080,1124,0
24/04/2009,2435,10755,4873,29660,27967,9010,4012,1082,2930,3599,0,2910,90,3178,6140,18649,9456,16080,1124,0
25/04/2009,2435,10755,4873,29660,27967,9010,4012,1082,2930,3599,0,2910,90,3178,6140,18649,9456,16080,1124,0
26/04/2009,2435,10755,4873,29660,27967,9010,4012,1082,2930,3599,0,2910,90,3178,6140,18649,9456,16080,1124,0
27/04/2009,2435,10755,4873,29660,27967,9010,4012,1082,2930,3599,0,2910,90,3178,6140,18649,9456,16080,1124,0
28/04/2009,2435,10755,4873,29660,27967,9010,4012,1082,2930,3599,0,2910,90,3178,6140,18649,9456,16080,1124,0
29/04/2009,2435,10755,4873,29660,27967,9010,4012,1082,2930,3599,0,2910,90,3178,6140,18649,9456,16080,1124,0
30/04/2009,2435,10755,4873,29660,27967,9010,4012,1082,2930,3599,0,2910,90,3178,6140,18649,9456,16080,1124,0
01/05/2009,2435,10755,4873,29660,27967,9010,4012,1082,2930,3642,0,2940,90,3178,6140,18649,9456,16080,1124,0
02/05/2009,2435,10755,4873,29660,27967,9010,4012,1082,2930,3642,0,2940,90,3178,6140,18649,9456,16080,1124,0
03/05/2009,2435,10755,4873,29660,27967,9010,4012,1082,2930,3642,0,2940,90,3178,6140,18649,9456,16080,1124,0
04/05/2009,2435,10755,4873,29660,27967,9010,4012,1082,2930,3642,0,2940,90,3178,6140,18649,9456,16080,1124,0
05/05/2009,2435,10755,4873,29660,27967,9010,4012,1082,2930,3642,0,2940,90,3178,6140,18649,9456,16080,1124,0
06/05/2009,2435,10755,4873,29660,27967,9010,4012,1082,2930,3642,0,2940,90,3178,6140,18649,9456,16080,1124,0
07/05/2009,2435,10755,4873,29660,27967,9010,4012,1082,2930,3642,0,2940,90,3178,6140,18649,9456,16080,1124,0
08/05/2009,2435,10755,4873,29660,27967,9010,4012,1082,2930,3642,0,2940,90,3178,6140,18649,9456,16080,1124,0
09/05/2009,2435,10755,4873,29660,27967,9010,4012,1082,2930,3642,0,2940,90,3178,6140,18649,9456,16080,1124,0
10/05/2009,2435,10755,4873,29660,27967,9010,4012,1082,2930,3642,0,2940,90,3178,6140,18649,9456,16080,1124,0
11/05/2009,2435,10755,4873,29660,27967,9010,4012,1082,2930,3642,0,2940,90,3178,6140,18649,9456,16080,1124,0
12/05/2009,2435,10755,4873,29660,27967,9010,4012,1082,2930,3642,0,2940,90,3178,6140,18649,9456,16080,1124,0
13/05/2009,2435,10755,4873,29660,27967,9010,4012,1082,2930,3642,0,2940,90,3178,6140,18649,9456,16080,1124,0
14/05/2009,2435,10755,4873,29660,27967,9010,4012,1082,2930,3642,0,2940,90,3178,6140,18649,9456,16080,1124,0
15/05/2009,2435,10755,4873,29660,27967,9010,4012,1082,2930,3642,0,2940,90,3178,6140,18649,9456,16080,1124,0
16/05/2009,2435,10755,4873,29660,27967,9010,4012,1082,2930,3642,0,2940,90,3178,6140,18649,9456,16080,1124,0
17/05/2009,2435,10755,4873,29660,27967,9010,4012,1082,2930,3642,0,2940,90,3178,6140,18649,9456,16080,1124,0
18/05/2009,2435,10755,4873,29660,27967,9010,4012,1082,2930,3642,0,2940,90,3178,6140,18649,9456,16080,1124,0
19/05/2009,2435,10755,4873,29660,27967,9010,4012,1082,2930,3642,0,2940,90,3178,6140,18649,9456,16080,1124,0
20/05/2009,2435,10755,4873,29660,27967,9010,4012,1082,2930,3642,0,2940,90,3178,6140,18649,9456,16080,1124,0
21/05/2009,2435,10755,4873,29660,27967,9010,4012,1082,2930,3642,0,2940,90,3178,6140,18649,9456,16080,1124,0
22/05/2009,2435,10755,4873,29660,27967,9010,4012,1082,2930,3642,0,2940,90,3178,6140,18649,9456,16080,1124,0
23/05/2009,2435,10755,4873,29660,27967,9010,4012,1082,2930,3642,0,2940,90,3178,6140,18649,9456,16080,1124,0
24/05/2009,2435,10755,4873,29660,27967,9010,4012,1082,2930,3642,0,2940,90,3178,6140,18649,9456,16080,1124,0
25/05/2009,2435,10755,4873,29660,27967,9010,4012,1082,2930,3642,0,2940,90,3178,6140,18649,9456,16080,1124,0
26/05/2009,2435,10755,4873,29660,27967,9010,4012,1082,2930,3642,0,2940,90,3178,6140,18649,9456,16080,1124,0
27/05/2009,2435,10755,4873,29660,27967,9010,4012,1082,2930,3642,0,2940,90,3178,6140,18649,9456,16080,1124,0
28/05/2009,2435,10755,4873,29660,27967,9010,4012,1082,2930,3642,0,2940,90,3178,6140,18649,9456,16080,1124,0
29/05/2009,2435,10755,4873,29660,27967,9010,4012,1082,2930,3642,0,2940,90,3178,6140,18649,9456,16080,1124,0
30/05/2009,2435,10755,4873,29660,27967,9010,4012,1082,2930,3642,0,2940,90,3178,6140,18649,9456,16080,1124,0
31/05/2009,2435,10755,4873,29660,27967,9010,4012,1082,2930,3642,0,2940,90,3178,6140,18649,9456,16080,1124,0
01/06/2009,2435,10775,4873,29660,27967,9010,4012,1082,2930,3666,0,2960,90,3178,6140,18649,9456,16080,1124,0
02/06/2009,2435,10775,4873,29660,27967,9010,4012,1082,2930,3666,0,2960,90,3178,6140,18649,9456,16080,1124,0
03/06/2009,2435,10775,4873,29660,27967,9010,4012,1082,2930,3666,0,2960,90,3178,6140,18649,9456,16080,1124,0
04/06/2009,2435,10775,4873,29660,27967,9010,4012,1082,2930,3666,0,2960,90,3178,6140,18649,9456,16080,1124,0
05/06/2009,2435,10775,4873,29660,27967,9010,4012,1082,2930,3666,0,2960,90,3178,6140,18649,9456,16080,1124,0
06/06/2009,2435,10775,4873,29660,27967,9010,4012,1082,2930,3666,0,2960,90,3178,6140,18649,9456,16080,1124,0
07/06/2009,2435,10775,4873,29660,27967,9010,4012,1082,2930,3666,0,2960,90,3178,6140,18649,9456,16080,1124,0
08/06/2009,2435,10775,4873,29660,27967,9010,4012,1082,2930,3666,0,2960,90,3178,6140,18649,9456,16080,1124,0
09/06/2009,2435,10775,4873,29660,27967,9010,4012,1082,2930,3666,0,2960,90,3178,6140,18649,9456,16080,1124,0
10/06/2009,2435,10775,4873,29660,27967,9010,4012,1082,2930,3666,0,2960,90,3178,6140,18649,9456,16080,1124,0
11/06/2009,2435,10775,4873,29660,27967,9010,4012,1082,2930,3666,0,2960,90,3178,6140,18649,9456,16080,1124,0
12/06/2009,2435,10775,4873,29660,27967,9010,4012,1082,2930,3666,0,2960,90,3178,6140,18649,9456,16080,1124,0
13/06/2009,2435,10775,4873,29660,27967,9010,4012,1082,2930,3666,0,2960,90,3178,6140,18649,9456,16080,1124,0
14/06/2009,2435,10775,4873,29660,27967,9010,4012,1082,2930,3666,0,2960,90,3178,6140,18649,9456,16080,1124,0
15/06/2009,2435,10775,4873,29660,27967,9010,4012,1082,2930,3666,0,2960,90,3178,6140,18649,9456,16080,1124,0
16/06/2009,2435,10775,4873,29660,27967,9010,4012,1082,2930,3666,0,2960,90,3178,6140,18649,9456,16080,1124,0
17/06/2009,2435,10775,4873,29660,27967,9010,4012,1082,2930,3666,0,2960,90,3178,6140,18649,9456,16080,1124,0
18/06/2009,2435,10775,4873,29660,27967,9010,4012,1082,2930,3666,0,2960,90,3178,6140,18649,9456,16080,1124,0
19/06/2009,2435,10775,4873,29660,27967,9010,4014,1084,2930,3666,0,2960,90,3178,6140,18649,9456,16080,1124,0
20/06/2009,2435,10775,4873,29660,27967,9010,4014,1084,2930,3666,0,2960,90,3178,6140,18649,9456,16080,1124,0
21/06/2009,2435,10775,4873,29660,27967,9010,4014,1084,2930,3666,0,2960,90,3178,6140,18649,9456,16080,1124,0
22/06/2009,2435,10775,4873,29660,27967,9010,4014,1084,2930,3666,0,2960,90,3178,6140,18649,9456,16080,1124,0
23/06/2009,2435,10775,4873,29660,27967,9010,4014,1084,2930,3666,0,2960,90,3178,6140,18649,9456,16080,1124,0
24/06/2009,2435,10775,4873,29660,27967,9010,4014,1084,2930,3666,0,2960,90,3178,6140,18649,9456,16080,1124,0
25/06/2009,2435,10775,4873,29660,27967,9010,4014,1084,2930,3666,0,2960,90,3178,6140,18649,9456,16080,1124,0
26/06/2009,2435,10775,4873,29660,27967,9010,4014,1084,2930,3666,0,2960,90,3178,6140,18649,9456,16080,1124,0
27/06/2009,2435,10775,4873,29660,27967,9010,4014,1084,2930,3666,0,2960,90,3178,6140,18649,9456,16080,1124,0
28/06/2009,2435,10775,4873,29660,27967,9010,4014,1084,2930,3666,0,2960,90,3178,6140,18649,9456,16080,1124,0
29/06/2009,2435,10775,4873,29660,27967,9010,4014,1084,2930,3666,0,2960,90,3178,6140,18649,9456,16080,1124,0
30/06/2009,2435,10775,4873,29660,27967,9010,4014,1084,2930,3666,0,2960,90,3178,6140,18649,9456,16080,1124,0
01/07/2009,2435,10775,4873,29660,27967,9010,4014,1084,2930,3693,0,2975,90,3178,6140,18649,9456,16080,1124,0
02/07/2009,2435,10775,4873,29660,27967,9010,4014,1084,2930,3693,0,2975,90,3178,6140,18649,9456,16080,1124,0
03/07/2009,2435,10775,4873,29660,27967,9010,4014,1084,2930,3693,0,2975,90,3178,6140,18649,9456,16080,1124,0
04/07/2009,2435,10775,4873,29660,27967,9010,4014,1084,2930,3693,0,2975,90,3178,6140,18649,9456,16080,1124,0
05/07/2009,2435,10775,4873,29660,27967,9010,4014,1084,2930,3693,0,2975,90,3178,6140,18649,9456,16080,1124,0
06/07/2009,2435,10775,4873,29660,27967,9010,4014,1084,2930,3693,0,2975,90,3178,6140,18649,9456,16080,1124,0
07/07/2009,2435,10775,4873,29660,27967,9010,4014,1084,2930,3693,0,2975,90,3178,6140,18649,9456,16080,1124,0
08/07/2009,2435,10775,4873,29660,27967,9010,4014,1084,2930,3693,0,2975,90,3178,6140,18649,9456,16080,1124,0
09/07/2009,2435,10775,4873,29660,27967,9010,4014,1084,2930,3693,0,2975,90,3178,6140,18649,9456,16080,1124,0
10/07/2009,2435,10775,4873,29660,27967,9010,4014,1084,2930,3693,0,2975,90,3178,6140,18649,9456,16080,1124,0
11/07/2009,2435,10775,4873,29660,27967,9010,4014,1084,2930,3693,0,2975,90,3178,6140,18649,9456,16080,1124,0
12/07/2009,2435,10775,4873,29660,27967,9010,4014,1084,2930,3693,0,2975,90,3178,6140,18649,9456,16080,1124,0
13/07/2009,2435,10775,4873,29660,27967,9010,4014,1084,2930,3693,0,2975,90,3178,6140,18649,9456,16080,1124,0
14/07/2009,2435,10775,4873,29660,27967,9010,4014,1084,2930,3693,0,2975,90,3178,6140,18649,9456,16080,1124,0
15/07/2009,2435,10775,4873,29660,27967,9010,4014,1084,2930,3693,0,2975,90,3178,6140,18649,9456,16080,1124,0
16/07/2009,2435,10775,4873,29660,27967,9010,4014,1084,2930,3693,0,2975,90,3178,6140,18649,9456,16080,1124,0
17/07/2009,2435,10775,4873,29660,27967,9010,4014,1084,2930,3693,0,2975,90,3178,6140,18649,9456,16080,1124,0
18/07/2009,2435,10775,4873,29660,27967,9010,4014,1084,2930,3693,0,2975,90,3178,6140,18649,9456,16080,1124,0
19/07/2009,2435,10775,4873,29660,27967,9010,4014,1084,2930,3693,0,2975,90,3178,6140,18649,9456,16080,1124,0
20/07/2009,2435,10775,4873,29660,27967,9010,4014,1084,2930,3693,0,2975,90,3178,6140,18649,9456,16080,1124,0
21/07/2009,2435,10775,4873,29660,27967,9010,4014,1084,2930,3693,0,2975,90,3178,6140,18649,9456,16080,1124,0
22/07/2009,2435,10775,4873,29660,27967,9010,4014,1084,2930,3693,0,2975,90,3178,6140,18649,9456,16080,1124,0
23/07/2009,2435,10775,4873,29660,27967,9010,4014,1084,2930,3693,0,2975,90,3178,6140,18649,9456,16080,1124,0
24/07/2009,2435,10775,4873,29660,27967,9010,4014,1084,2930,3693,0,2975,90,3178,6140,18649,9456,16080,1124,0
25/07/2009,2435,10775,4873,29660,27967,9010,4014,1084,2930,3693,0,2975,176,3178,6140,18649,9456,16080,1124,0
26/07/2009,2435,10775,4873,29660,27967,9010,4014,1084,2930,3693,0,2975,176,3178,6140,18649,9456,16080,1124,0
27/07/2009,2435,10775,4873,29660,27967,9010,4014,1084,2930,3693,0,2975,176,3178,6140,18649,9456,16080,1124,0
28/07/2009,2435,10775,4873,29660,27967,9010,4014,1084,2930,3693,0,2975,176,3178,6140,18649,9456,16080,1124,0
29/07/2009,2435,10775,4873,29660,27967,9010,4014,1084,2930,3693,0,2975,176,3178,6140,18649,9456,16080,1124,0
30/07/2009,2435,10775,4873,29660,27967,9010,4014,1084,2930,3693,0,2975,176,3178,6140,18649,9456,16080,1124,0
31/07/2009,2435,10775,4873,29660,27967,9010,4014,1084,2930,3693,0,2975,176,3178,6140,18649,9456,16080,1124,0
01/08/2009,2435,10775,4873,29660,27967,9010,4014,1084,2930,3743,0,2986,176,3178,6140,18649,9456,16080,1124,0
02/08/2009,2435,10775,4873,29660,27967,9010,4014,1084,2930,3743,0,2986,176,3178,6140,18649,9456,16080,1124,0
03/08/2009,2435,10775,4873,29660,27967,9010,4014,1084,2930,3743,0,2986,176,3178,6140,18649,9456,16080,1124,0
04/08/2009,2435,10775,4873,29660,27967,9010,4014,1084,2930,3743,0,2986,176,3178,6140,18649,9456,16080,1124,0
05/08/2009,2435,10775,4873,29660,27967,9010,4014,1084,2930,3743,0,2986,176,3178,6140,18649,9456,16080,1124,0
06/08/2009,2435,10775,4873,29660,27967,9010,4014,1084,2930,3743,0,2986,176,3178,6140,18649,9456,16080,1124,0
07/08/2009,2435,10775,4873,29660,27967,9010,4014,1084,2930,3743,0,2986,176,3178,6140,18649,9456,16080,1124,0
08/08/2009,2435,10775,4873,29660,27967,9010,4014,1084,2930,3743,0,2986,176,3178,6140,18649,9456,16080,1124,0
09/08/2009,2435,10775,4873,29660,27967,9010,4014,1084,2930,3743,0,2986,176,3178,6140,18649,9456,16080,1124,0
10/08/2009,2435,10775,4873,29660,27967,9010,4014,1084,2930,3743,0,2986,176,3178,6140,18649,9456,16080,1124,0
11/08/2009,2435,10775,4873,29660,27967,9010,4014,1084,2930,3743,0,2986,176,3178,6140,18649,9456,16080,1124,0
12/08/2009,2435,10775,4873,29660,27967,9010,4014,1084,2930,3743,0,2986,176,3178,6140,18649,9456,16080,1124,0
13/08/2009,2435,10775,4873,29660,27967,9010,4014,1084,2930,3743,0,2986,176,3178,6140,18649,9456,16080,1124,0
14/08/2009,2435,10775,4873,29660,27967,9010,4014,1084,2930,3743,0,2986,176,3178,6140,18649,9456,16080,1124,0
15/08/2009,2435,10775,4873,29660,27967,9010,4014,1084,2930,3743,0,2986,176,3178,6140,18649,9456,16080,1124,0
16/08/2009,2435,10775,4873,29660,27967,9010,4014,1084,2930,3743,0,2986,176,3178,6140,18649,9456,16080,1124,0
17/08/2009,2435,10775,4873,29660,27967,9010,4014,1084,2930,3743,0,2986,176,3178,6140,18649,9456,16080,1124,0
18/08/2009,2435,10775,4873,29660,27967,9010,4014,1084,2930,3743,0,2986,176,3178,6140,18649,9456,16080,1124,0
19/08/2009,2435,10775,4873,29660,27967,9010,4014,1084,2930,3743,0,2986,176,3178,6140,18649,9456,16080,1124,0
20/08/2009,2435,10775,4873,29660,27967,9010,4014,1084,2930,3743,0,2986,263,3178,6140,18649,9456,16080,1124,0
21/08/2009,2435,10775,4873,29660,27967,9010,4014,1084,2930,3743,0,2986,263,3178,6140,18649,9456,16080,1124,0
22/08/2009,2435,10775,4873,29660,27967,9010,4014,1084,2930,3743,0,2986,263,3178,6140,18649,9456,16080,1124,0
23/08/2009,2435,10775,4873,29660,27967,9010,4014,1084,2930,3743,0,2986,263,3178,6140,18649,9456,16080,1124,0
24/08/2009,2435,10775,4873,29660,27967,9010,4014,1084,2930,3743,0,2986,263,3178,6140,18649,9456,16080,1124,0
25/08/2009,2435,10775,4873,29660,27967,9010,4014,1084,2930,3743,0,2986,263,3178,6140,18649,9456,16080,1124,0
26/08/2009,2435,10775,4873,29660,27967,9010,4014,1084,2930,3743,0,2986,263,3178,6140,18649,9456,16080,1124,0
27/08/2009,2435,10775,4873,29660,27967,9010,4014,1084,2930,3743,0,2986,263,3178,6140,18649,9456,16080,1124,0
28/08/2009,2435,10775,4873,30124,27967,9010,4014,1084,2930,3743,0,2986,263,3178,6140,18649,9456,16080,1588,0
29/08/2009,2435,10775,4873,30124,27967,9010,4014,1084,2930,3743,0,2986,263,3178,6140,18649,9456,16080,1588,0
30/08/2009,2435,10775,4873,30124,27967,9010,4014,1084,2930,3743,0,2986,263,3178,6140,18649,9456,16080,1588,0
31/08/2009,2435,10775,4873,30124,27967,9010,4014,1084,2930,3743,0,2986,263,3178,6140,18649,9456,16080,1588,0
01/09/2009,2435,10775,4873,30124,27967,9010,4012,1082,2930,3826,0,2998,263,3178,6140,18649,9456,16080,1588,0
02/09/2009,2435,10775,4873,30124,27967,9010,4012,1082,2930,3826,0,2998,263,3178,6140,18649,9456,16080,1588,0
03/09/2009,2435,10775,4873,30124,27967,9010,4012,1082,2930,3826,0,2998,263,3178,6140,18649,9456,16080,1588,0
04/09/2009,2435,10775,4873,30124,27967,9010,4012,1082,2930,3826,0,2998,263,3178,6140,18649,9456,16080,1588,0
05/09/2009,2435,10775,4873,30124,27967,9010,4012,1082,2930,3826,0,2998,263,3178,6140,18649,9456,16080,1588,0
06/09/2009,2435,10775,4873,30124,27967,9010,4012,1082,2930,3826,0,2998,263,3178,6140,18649,9456,16080,1588,0
07/09/2009,2435,10775,4873,30124,27967,9010,4012,1082,2930,3826,0,2998,263,3178,6140,18649,9456,16080,1588,0
08/09/2009,2435,10775,4873,30124,27967,9010,4012,1082,2930,3826,0,2998,263,3178,6140,18649,9456,16080,1588,0
09/09/2009,2435,10775,4873,30124,27967,9010,4012,1082,2930,3826,0,2998,263,3178,6140,18649,9456,16080,1588,0
10/09/2009,2435,10775,4873,30124,27967,9010,4012,1082,2930,3826,0,2998,263,3178,6140,18649,9456,16080,1588,0
11/09/2009,2435,10775,4873,30124,27967,9010,4012,1082,2930,3826,0,2998,263,3178,6140,18649,9456,16080,1588,0
12/09/2009,2435,10775,4873,30124,27967,9010,4012,1082,2930,3826,0,2998,263,3178,6140,18649,9456,16080,1588,0
13/09/2009,2435,10775,4873,30124,27967,9010,4012,1082,2930,3826,0,2998,263,3178,6140,18649,9456,16080,1588,0
14/09/2009,2435,10775,4873,30124,27967,9010,4012,1082,2930,3826,0,2998,263,3178,6140,18649,9456,16080,1588,0
15/09/2009,2435,10775,4873,30124,27967,9010,4012,1082,2930,3826,0,2998,263,3178,6140,18649,9456,16080,1588,0
16/09/2009,2435,10775,4873,30124,27967,9010,4012,1082,2930,3826,0,2998,263,3178,6140,18649,9456,16080,1588,0
17/09/2009,2435,10775,4873,30124,27967,9010,4012,1082,2930,3826,0,2998,263,3178,6140,18649,9456,16080,1588,0
18/09/2009,2435,10775,4873,30124,27967,9010,4012,1082,2930,3826,0,2998,263,3178,6140,18649,9456,16080,1588,0
19/09/2009,2435,10775,4873,30124,27967,9010,4012,1082,2930,3826,0,2998,263,3178,6140,18649,9456,16080,1588,0
20/09/2009,2435,10775,4873,30124,27967,9010,4012,1082,2930,3826,0,2998,263,3178,6140,18649,9456,16080,1588,0
21/09/2009,2435,10775,4873,30124,27967,9010,4012,1082,2930,3826,0,2998,263,3178,6140,18649,9456,16080,1588,0
22/09/2009,2435,10775,4873,30124,27967,9010,4012,1082,2930,3826,0,2998,263,3178,6140,18649,9456,16080,1588,0
23/09/2009,2435,10775,4873,30589,27967,9010,4012,1082,2930,3826,0,2998,263,3178,6140,18649,9456,16080,2053,0
24/09/2009,2435,10775,4873,30589,27967,9010,4012,1082,2930,3826,0,2998,263,3178,6140,18649,9456,16080,2053,0
25/09/2009,2435,10775,4873,30589,27967,9010,4012,1082,2930,3826,0,2998,263,3178,6140,18649,9456,16080,2053,0
26/09/2009,2435,10775,4873,30589,27967,9010,4012,1082,2930,3826,0,2998,263,3178,6140,18649,9456,16080,2053,0
27/09/2009,2435,10775,4873,30589,27967,9010,4012,1082,2930,3826,0,2998,263,3178,6140,18649,9456,16080,2053,0
28/09/2009,2435,10775,4873,30589,27967,9010,4012,1082,2930,3826,0,2998,263,3178,6140,18649,9456,16080,2053,0
29/09/2009,2435,10775,4873,30589,27967,9010,4012,1082,2930,3826,0,2998,263,3178,6140,18649,9456,16080,2053,0
30/09/2009,2435,10775,4873,30589,27967,9010,4012,1082,2930,3826,0,2998,263,3178,6140,18649,9456,16080,2053,0
01/10/2009,2435,10775,4873,30589,27967,9010,4012,1082,2930,3949,0,3012,263,3178,6140,18649,9456,16080,2053,0
02/10/2009,2435,10795,4873,30589,27967,9010,4012,1082,2930,3949,0,3012,263,3178,6140,18649,9456,16080,2053,0
03/10/2009,2435,10795,4873,30589,27967,9010,4012,1082,2930,3949,0,3012,263,3178,6140,18649,9456,16080,2053,0
04/10/2009,2435,10795,4873,30589,27967,9010,4012,1082,2930,3949,0,3012,263,3178,6140,18649,9456,16080,2053,0
05/10/2009,2435,10795,4873,30589,27967,9010,4012,1082,2930,3949,0,3012,263,3178,6140,18649,9456,16080,2053,0
06/10/2009,2435,10795,4873,30589,27967,9010,4012,1082,2930,3949,0,3012,263,3178,6140,18649,9456,16080,2053,0
07/10/2009,2435,10795,4873,30589,27967,9010,4012,1082,2930,3949,0,3012,263,3178,6140,18649,9456,16080,2053,0
08/10/2009,2435,10795,4873,30589,27967,9010,4012,1082,2930,3949,0,3012,263,3178,6140,18649,9456,16080,2053,0
09/10/2009,2435,10795,4873,30589,27967,9010,4012,1082,2930,3949,0,3012,263,3178,6140,18649,9456,16080,2053,0
10/10/2009,2435,10795,4873,30589,27967,9010,4012,1082,2930,3949,0,3012,263,3178,6140,18649,9456,16080,2053,0
11/10/2009,2435,10795,4873,30589,27967,9010,4012,1082,2930,3949,0,3012,263,3178,6140,18649,9456,16080,2053,0
12/10/2009,2435,10795,4873,30589,27967,9010,4012,1082,2930,3949,0,3012,263,3178,6140,18649,9456,16080,2053,0
13/10/2009,2435,10795,4873,30589,27967,9010,4012,1082,2930,3949,0,3012,263,3178,6140,18649,9456,16080,2053,0
14/10/2009,2435,10795,4873,30589,27967,9010,4012,1082,2930,3949,0,3012,263,3178,6140,18649,9456,16080,2053,0
15/10/2009,2435,10795,4873,30589,27967,9010,4012,1082,2930,3949,0,3012,263,3178,6140,18649,9456,16080,2053,0
16/10/2009,2435,10795,4873,30589,27967,9010,4012,1082,2930,3949,0,3012,263,3178,6140,18649,9456,16080,2053,0
17/10/2009,2435,10795,4873,30589,27967,9010,4012,1082,2930,3949,0,3012,263,3178,6140,18649,9456,16080,2053,0
18/10/2009,2435,10795,4873,30589,27967,9010,4012,1082,2930,3949,0,3012,263,3178,6140,18649,9456,16080,2053,0
19/10/2009,2435,10795,4873,30589,27967,9010,4012,1082,2930,3949,0,3012,263,3178,6140,18649,9456,16080,2053,0
20/10/2009,2435,10795,4873,30589,27967,9010,4012,1082,2930,3949,0,3012,263,3178,6140,18649,9456,16080,2053,0
21/10/2009,2435,10795,4873,31053,27967,9010,4012,1082,2930,3949,0,3012,263,3178,6140,18649,9456,16080,2517,0
22/10/2009,2435,10795,4873,31053,27967,9010,4012,1082,2930,3949,0,3012,263,3178,6140,18649,9456,16080,2517,0
23/10/2009,2435,10795,4873,31053,27967,9010,4012,1082,2930,3949,0,3012,263,3178,6140,18649,9456,16080,2517,0
24/10/2009,2435,10795,4873,31053,27967,9010,4012,1082,2930,3949,0,3012,263,3178,6140,18649,9456,16080,2517,0
25/10/2009,2435,10795,4873,31053,27967,9010,4012,1082,2930,3949,0,3012,263,3178,6140,18649,9456,16080,2517,0
26/10/2009,2435,10795,4873,31053,27967,9010,4014,1084,2930,3949,0,3012,263,3178,6140,18649,9456,16080,2517,0
27/10/2009,2435,10795,4873,31053,27967,9010,4014,1084,2930,3949,0,3012,263,3178,6140,18649,9456,16080,2517,0
28/10/2009,2435,10795,4873,31053,27967,9010,4014,1084,2930,3949,0,3012,263,3178,6140,18649,9456,16080,2517,0
29/10/2009,2435,10795,4873,31053,27967,9010,4014,1084,2930,3949,0,3012,263,3178,6140,18649,9456,16080,2517,0
30/10/2009,2435,10795,4873,31053,27967,9010,4014,1084,2930,3949,0,3012,263,3178,6140,18649,9456,16080,2517,0
31/10/2009,2435,10795,4873,31053,27967,9010,4014,1084,2930,3949,0,3012,263,3178,6140,18649,9456,16080,2517,0
01/11/2009,2435,10795,4873,31053,27967,9010,4014,1084,2930,4067,0,3031,263,3178,6140,18649,9456,16080,2517,0
02/11/2009,2435,10795,4873,31053,27967,9010,4014,1084,2930,4067,0,3031,263,3178,6140,18649,9456,16080,2517,0
03/11/2009,2435,10795,4873,31053,27967,9010,4014,1084,2930,4067,0,3031,263,3178,6140,18649,9456,16080,2517,0
04/11/2009,2435,10795,4873,31053,27967,9010,4014,1084,2930,4067,0,3031,263,3178,6140,18649,9456,16080,2517,0
05/11/2009,2435,10795,4873,31053,27967,9010,4014,1084,2930,4067,0,3031,263,3178,6140,18649,9456,16080,2517,0
06/11/2009,2435,10795,4873,31053,27967,9010,4014,1084,2930,4067,0,3031,263,3178,6140,18649,9456,16080,2517,0
07/11/2009,2435,10795,4873,31053,27967,9010,4014,1084,2930,4067,0,3031,263,3178,6140,18649,9456,16080,2517,0
08/11/2009,2435,10795,4873,31053,27967,9010,4014,1084,2930,4067,0,3031,263,3178,6140,18649,9456,16080,2517,0
09/11/2009,2435,10795,4873,31053,27967,9010,4014,1084,2930,4067,0,3031,263,3178,6140,18649,9456,16080,2517,0
10/11/2009,2435,10795,4873,31053,27967,9010,4014,1084,2930,4067,0,3031,263,3178,6140,18649,9456,16080,2517,0
11/11/2009,2435,10795,4873,31053,27967,9010,4014,1084,2930,4067,0,3031,263,3178,6140,18649,9456,16080,2517,0
12/11/2009,2435,10795,4873,31053,27976,9010,4014,1084,2930,4067,0,3031,263,3178,6140,18658,9456,16080,2517,0
13/11/2009,2435,10795,4873,31053,27976,9010,4014,1084,2930,4067,0,3031,263,3178,6140,18658,9456,16080,2517,0
14/11/2009,2435,10795,4873,31053,27976,9010,4014,1084,2930,4067,0,3031,263,3178,6140,18658,9456,16080,2517,0
15/11/2009,2435,10795,4873,31053,27976,9010,4014,1084,2930,4067,0,3031,263,3178,6140,18658,9456,16080,2517,0
16/11/2009,2435,10795,4873,31053,27976,9010,4014,1084,2930,4067,0,3031,263,3178,6140,18658,9456,16080,2517,0
17/11/2009,2435,10795,4873,31053,27976,9010,4014,1084,2930,4067,0,3031,263,3178,6140,18658,9456,16080,2517,0
18/11/2009,2435,10795,4873,31053,27976,9010,4014,1084,2930,4067,0,3031,263,3178,6140,18658,9456,16080,2517,0
19/11/2009,2435,10795,4873,31053,27976,9010,4014,1084,2930,4067,0,3031,263,3178,6140,18658,9456,16080,2517,0
20/11/2009,2435,10795,4873,31053,27976,9010,4014,1084,2930,4067,0,3031,263,3178,6140,18658,9456,16080,2517,0
21/11/2009,2435,10795,4873,31053,27976,9010,4014,1084,2930,4067,0,3031,263,3178,6140,18658,9456,16080,2517,0
22/11/2009,2435,10795,4873,31053,27976,9010,4014,1084,2930,4067,0,3031,263,3178,6140,18658,9456,16080,2517,0
23/11/2009,2435,10795,4873,31053,27976,9010,4014,1084,2930,4067,0,3031,263,3178,6140,18658,9456,16080,2517,0
24/11/2009,2435,10795,4873,31053,27976,9010,4014,1084,2930,4067,0,3031,263,3178,6140,18658,9456,16080,2517,0
25/11/2009,2435,10795,4873,31053,27976,9010,4014,1084,2930,4067,0,3031,263,3178,6140,18658,9456,16080,2517,0
26/11/2009,2435,10795,4873,31053,27976,9010,4014,1084,2930,4067,0,3031,263,3178,6140,18658,9456,16080,2517,0
27/11/2009,2435,10795,4873,31053,27976,9010,4014,1084,2930,4067,0,3031,263,3178,6140,18658,9456,16080,2517,0
28/11/2009,2435,10795,4873,31053,27976,9010,4014,1084,2930,4067,0,3031,263,3178,6140,18658,9456,16080,2517,0
29/11/2009,2435,10795,4873,31053,27976,9010,4014,1084,2930,4067,0,3031,263,3178,6140,18658,9456,16080,2517,0
30/11/2009,2435,10795,4873,31053,27976,9010,4014,1084,2930,4067,0,3031,263,3178,6140,18658,9456,16080,2517,0
01/12/2009,2435,10795,4873,31053,27967,9010,4012,1082,2930,4172,0,3051,263,3178,6140,18649,9456,16080,2517,0
02/12/2009,2435,10795,4873,31053,27967,9010,4012,1082,2930,4172,0,3051,263,3178,6140,18649,9456,16080,2517,0
03/12/2009,2435,10795,4873,31053,27967,9010,4012,1082,2930,4172,0,3051,263,3178,6140,18649,9456,16080,2517,0
04/12/2009,2435,10810,4873,31053,27967,9010,4012,1082,2930,4172,0,3051,263,3178,6140,18649,9456,16080,2517,0
05/12/2009,2435,10810,4873,31053,27967,9010,4012,1082,2930,4172,0,3051,263,3178,6140,18649,9456,16080,2517,0
06/12/2009,2435,10810,4873,31053,27967,9010,4012,1082,2930,4172,0,3051,263,3178,6140,18649,9456,16080,2517,0
07/12/2009,2435,10810,4873,31053,27967,9010,4012,1082,2930,4172,0,3051,263,3178,6140,18649,9456,16080,2517,0
08/12/2009,2435,10810,4873,31053,27967,9010,4012,1082,2930,4172,0,3051,263,3178,6140,18649,9456,16080,2517,0
09/12/2009,2435,10810,4873,31053,27967,9010,4012,1082,2930,4172,0,3051,263,3178,6140,18649,9456,16080,2517,0
10/12/2009,2435,10810,4873,31053,27967,9010,4012,1082,2930,4172,0,3051,263,3178,6140,18649,9456,16080,2517,0
11/12/2009,2435,10810,4873,31053,27967,9010,4012,1082,2930,4172,0,3051,263,3178,6140,18649,9456,16080,2517,0
12/12/2009,2435,10810,4873,31053,27967,9010,4012,1082,2930,4172,0,3051,263,3178,6140,18649,9456,16080,2517,0
13/12/2009,2435,10810,4873,31053,27967,9010,4012,1082,2930,4172,0,3051,263,3178,6140,18649,9456,16080,2517,0
14/12/2009,2435,10810,4873,31053,27967,9010,4012,1082,2930,4172,0,3051,263,3178,6140,18649,9456,16080,2517,0
15/12/2009,2435,10810,4873,31053,27967,9010,4012,1082,2930,4172,0,3051,263,3178,6140,18649,9456,16080,2517,0
16/12/2009,2435,10810,4873,31053,27967,9010,4012,1082,2930,4172,0,3051,263,3178,6140,18649,9456,16080,2517,0
17/12/2009,2435,10810,4873,31053,27967,9010,4012,1082,2930,4172,0,3051,263,3178,6140,18649,9456,16080,2517,0
18/12/2009,2435,10810,4873,31053,27967,9010,4012,1082,2930,4172,0,3051,263,3178,6140,18649,9456,16080,2517,0
19/12/2009,2435,10810,4873,31518,27967,9010,4012,1082,2930,4172,0,3051,263,3178,6140,18649,9456,16080,2982,0
20/12/2009,2435,10810,4873,31518,27967,9010,4012,1082,2930,4172,0,3051,263,3178,6140,18649,9456,16080,2982,0
21/12/2009,2435,10825,4873,31518,27967,9010,4012,1082,2930,4172,0,3051,263,3178,6140,18649,9456,16080,2982,0
22/12/2009,2435,10825,4873,31518,27967,9010,4012,1082,2930,4172,0,3051,263,3178,6140,18649,9456,16080,2982,0
23/12/2009,2435,10825,4873,31518,27967,9010,4012,1082,2930,4172,0,3051,263,3178,6140,18649,9456,16080,2982,0
24/12/2009,2435,10825,4873,31518,27967,9010,4012,1082,2930,4172,0,3051,263,3178,6140,18649,9456,16080,2982,0
25/12/2009,2435,10825,4873,31518,27967,9010,4012,1082,2930,4172,0,3051,263,3178,6140,18649,9456,16080,2982,0
26/12/2009,2435,10825,4873,31518,27967,9010,4012,1082,2930,4172,0,3051,263,3178,6140,18649,9456,16080,2982,0
27/12/2009,2435,10825,4873,31518,27967,9010,4012,1082,2930,4172,0,3051,263,3178,6140,18649,9456,16080,2982,0
28/12/2009,2435,10825,4873,31518,27967,9010,4012,1082,2930,4172,0,3051,263,3178,6140,18649,9456,16080,2982,0
29/12/2009,2435,10825,4873,31518,27967,9010,4012,1082,2930,4172,0,3051,263,3178,6140,18649,9456,16080,2982,0
30/12/2009,2435,10825,4873,31518,27967,9010,4012,1082,2930,4172,0,3051,263,3178,6140,18649,9456,16080,2982,0
31/12/2009,2435,10825,4873,31518,27967,9010,4012,1082,2930,4172,0,3051,263,3178,6140,18649,9456,16080,2982,0
01/01/2010,2435,10825,4873,31518,27967,9010,4012,1082,2930,4244,0,3068,263,3178,6140,18649,9456,16080,2982,0
02/01/2010,2435,10825,4873,31518,27967,9010,4012,1082,2930,4244,0,3068,263,3178,6140,18649,9456,16080,2982,0
03/01/2010,2435,10825,4873,31518,27967,9010,4012,1082,2930,4244,0,3068,263,3178,6140,18649,9456,16080,2982,0
04/01/2010,2435,10825,4873,31518,27967,9010,4012,1082,2930,4244,0,3068,263,3178,6140,18649,9456,16080,2982,0
05/01/2010,2435,10825,4873,31518,27967,9010,4012,1082,2930,4244,0,3068,263,3178,6140,18649,9456,16080,2982,0
06/01/2010,2435,10825,4873,31518,27967,9010,4012,1082,2930,4244,0,3068,263,3178,6140,18649,9456,16080,2982,0
07/01/2010,2435,10825,4873,31518,27967,9010,4012,1082,2930,4244,0,3068,263,3178,6140,18649,9456,16080,2982,0
08/01/2010,2435,10825,4873,31518,27993,9010,4012,1082,2930,4244,0,3068,263,3178,6140,18675,9456,16080,2982,0
09/01/2010,2435,10825,4873,31518,27993,9010,4012,1082,2930,4244,0,3068,263,3178,6140,18675,9456,16080,2982,0
10/01/2010,2435,10825,4873,31518,27993,9010,4012,1082,2930,4244,0,3068,263,3178,6140,18675,9456,16080,2982,0
11/01/2010,2435,10825,4873,31518,27993,9010,4012,1082,2930,4244,0,3068,263,3178,6140,18675,9456,16080,2982,0
12/01/2010,2435,10825,4873,31518,28017,9010,4012,1082,2930,4244,0,3068,263,3178,6140,18699,9456,16080,2982,0
13/01/2010,2435,10825,4873,31518,28017,9010,4012,1082,2930,4244,0,3068,263,3178,6140,18699,9456,16080,2982,0
14/01/2010,2435,10825,4873,31518,28017,9010,4012,1082,2930,4244,0,3068,263,3178,6140,18699,9456,16080,2982,0
15/01/2010,2435,10825,4873,31518,28017,9010,4012,1082,2930,4244,0,3068,263,3178,6140,18699,9456,16080,2982,0
16/01/2010,2435,10825,4873,31518,28017,9010,4012,1082,2930,4244,0,3068,263,3178,6140,18699,9456,16080,2982,0
17/01/2010,2435,10825,4873,31518,28017,9010,4012,1082,2930,4244,0,3068,263,3178,6140,18699,9456,16080,2982,0
18/01/2010,2435,10825,4873,31518,28017,9010,4012,1082,2930,4244,0,3068,263,3178,6140,18699,9456,16080,2982,0
19/01/2010,2435,10825,4873,31518,28017,9010,4012,1082,2930,4244,0,3068,263,3178,6140,18699,9456,16080,2982,0
20/01/2010,2435,10825,4873,31518,28017,9010,4012,1082,2930,4244,0,3068,263,3178,6140,18699,9456,16080,2982,0
21/01/2010,2435,10825,4873,31518,28017,9010,4012,1082,2930,4244,0,3068,263,3178,6140,18699,9456,16080,2982,0
22/01/2010,2435,10825,4873,31518,28017,9010,4012,1082,2930,4244,0,3068,263,3178,6140,18699,9456,16080,2982,0
23/01/2010,2435,10825,4873,31518,28017,9010,4012,1082,2930,4244,0,3068,263,3178,6140,18699,9456,16080,2982,0
24/01/2010,2435,10825,4873,31518,28017,9010,4012,1082,2930,4244,0,3068,263,3178,6140,18699,9456,16080,2982,0
25/01/2010,2435,10825,4873,31518,28017,9010,4012,1082,2930,4244,0,3068,263,3178,6140,18699,9456,16080,2982,0
26/01/2010,2435,10825,4873,31518,28017,9010,4012,1082,2930,4244,0,3068,263,3178,6140,18699,9456,16080,2982,0
27/01/2010,2435,10825,4873,31518,28017,9010,4012,1082,2930,4244,0,3068,263,3178,6140,18699,9456,16080,2982,0
28/01/2010,2435,10825,4873,31518,28017,9010,4012,1082,2930,4244,0,3068,263,3178,6140,18699,9456,16080,2982,0
29/01/2010,2435,10825,4873,31518,28017,9010,4012,1082,2930,4244,0,3068,263,3178,6140,18699,9456,16080,2982,0
30/01/2010,2435,10825,4873,31518,28017,9010,4012,1082,2930,4244,0,3068,263,3178,6140,18699,9456,16080,2982,0
31/01/2010,2435,10825,4873,31518,28017,9010,4012,1082,2930,4244,0,3068,263,3178,6140,18699,9456,16080,2982,0
01/02/2010,2435,10825,4873,31518,28017,9010,4012,1082,2930,4294,0,3079,263,3178,6140,18699,9456,16080,2982,0
02/02/2010,2435,10825,4873,31518,28017,9010,4012,1082,2930,4294,0,3079,263,3178,6140,18699,9456,16080,2982,0
03/02/2010,2435,10825,4873,31518,28017,9010,4012,1082,2930,4294,0,3079,263,3178,6140,18699,9456,16080,2982,0
04/02/2010,2435,10825,4873,31518,28017,9010,4012,1082,2930,4294,0,3079,263,3178,6140,18699,9456,16080,2982,0
05/02/2010,2435,10845,4873,31518,28017,9010,4012,1082,2930,4294,0,3079,263,3178,6140,18699,9456,16080,2982,0
06/02/2010,2435,10845,4873,31518,28017,9010,4012,1082,2930,4294,0,3079,263,3178,6140,18699,9456,16080,2982,0
07/02/2010,2435,10845,4873,31518,28017,9010,4012,1082,2930,4294,0,3079,263,3178,6140,18699,9456,16080,2982,0
08/02/2010,2435,10845,4873,31518,28017,9010,4012,1082,2930,4294,0,3079,263,3178,6140,18699,9456,16080,2982,0
09/02/2010,2435,10855,4873,31518,28017,9010,4012,1082,2930,4294,0,3079,263,3178,6140,18699,9456,16080,2982,0
10/02/2010,2435,10855,4873,31518,28017,9010,4012,1082,2930,4294,0,3079,263,3178,6140,18699,9456,16080,2982,0
11/02/2010,2435,10855,4873,31518,28017,9010,4012,1082,2930,4294,0,3079,263,3178,6140,18699,9456,16080,2982,0
12/02/2010,2435,10855,4873,31518,28017,9010,4012,1082,2930,4294,0,3079,263,3178,6140,18699,9456,16080,2982,0
13/02/2010,2435,10855,4873,31518,28017,9010,4012,1082,2930,4294,0,3079,263,3178,6140,18699,9456,16080,2982,0
14/02/2010,2435,10855,4873,31518,28017,9010,4012,1082,2930,4294,0,3079,263,3178,6140,18699,9456,16080,2982,0
15/02/2010,2435,10855,4873,31518,28017,9010,4012,1082,2930,4294,0,3079,263,3178,6140,18699,9456,16080,2982,0
16/02/2010,2435,10855,4873,31518,28017,9010,4012,1082,2930,4294,0,3079,263,3178,6140,18699,9456,16080,2982,0
17/02/2010,2435,10855,4873,31518,28017,9010,4012,1082,2930,4294,0,3079,263,3178,6140,18699,9456,16080,2982,0
18/02/2010,2435,10855,4873,31518,28017,9010,4012,1082,2930,4294,0,3079,263,3178,6140,18699,9456,16080,2982,0
19/02/2010,2435,10855,4873,31518,28017,9010,4012,1082,2930,4294,0,3079,263,3178,6140,18699,9456,16080,2982,0
20/02/2010,2435,10855,4873,31518,28017,9010,4012,1082,2930,4294,0,3079,263,3178,6140,18699,9456,16080,2982,0
21/02/2010,2435,10855,4873,31518,28017,9010,4012,1082,2930,4294,0,3079,263,3178,6140,18699,9456,16080,2982,0
22/02/2010,2435,10855,4873,31518,28017,9010,4012,1082,2930,4294,0,3079,263,3178,6140,18699,9456,16080,2982,0
23/02/2010,2435,10855,4873,31518,28017,9010,4012,1082,2930,4294,0,3079,263,3178,6140,18699,9456,16080,2982,0
24/02/2010,2435,10855,4873,31518,28017,9010,4012,1082,2930,4294,0,3079,263,3178,6140,18699,9456,16080,2982,0
25/02/2010,2435,10855,4873,31518,28017,9010,4012,1082,2930,4294,0,3079,263,3178,6140,18699,9456,16080,2982,0
26/02/2010,2435,10855,4873,31518,28017,9010,4012,1082,2930,4294,0,3079,263,3178,6140,18699,9456,16080,2982,0
27/02/2010,2435,10855,4873,31518,28017,9010,4012,1082,2930,4294,0,3079,263,3178,6140,18699,9456,16080,2982,0
28/02/2010,2435,10855,4873,31518,28017,9010,4012,1082,2930,4294,0,3079,263,3178,6140,18699,9456,16080,2982,0
01/03/2010,2435,10840,4873,31518,27967,9010,4012,1082,2930,4327,0,3090,263,3178,6140,18649,9456,16080,2982,0
02/03/2010,2435,10840,4873,31518,27967,9010,4012,1082,2930,4327,0,3090,263,3178,6140,18649,9456,16080,2982,0
03/03/2010,2435,10840,4873,31518,27967,9010,4012,1082,2930,4327,0,3090,263,3178,6140,18649,9456,16080,2982,0
04/03/2010,2435,10840,4873,31518,27967,9010,4012,1082,2930,4327,0,3090,263,3178,6140,18649,9456,16080,2982,0
05/03/2010,2435,10840,4873,31518,27967,9010,4012,1082,2930,4327,0,3090,263,3178,6140,18649,9456,16080,2982,0
06/03/2010,2435,10840,4873,31518,27967,9010,4012,1082,2930,4327,0,3090,263,3178,6140,18649,9456,16080,2982,0
07/03/2010,2435,10840,4873,31518,27967,9010,4012,1082,2930,4327,0,3090,263,3178,6140,18649,9456,16080,2982,0
08/03/2010,2435,10840,4873,31986,27967,9010,4012,1082,2930,4327,0,3090,263,3178,6140,18649,9456,16080,3450,0
09/03/2010,2435,10840,4873,32411,27967,9010,4012,1082,2930,4327,0,3090,263,3178,6140,18649,9456,16080,3875,0
10/03/2010,2435,10840,4873,32411,27967,9010,4012,1082,2930,4327,0,3090,263,3178,6140,18649,9456,16080,3875,0
11/03/2010,2435,10840,4873,32411,27967,9010,4012,1082,2930,4327,0,3090,263,3178,6140,18649,9456,16080,3875,0
12/03/2010,2435,10840,4873,32411,27967,9010,4012,1082,2930,4327,0,3090,263,3178,6140,18649,9456,16080,3875,0
13/03/2010,2435,10840,4873,32411,27967,9010,4012,1082,2930,4327,0,3090,263,3178,6140,18649,9456,16080,3875,0
14/03/2010,2435,10840,4873,32411,27967,9010,4012,1082,2930,4327,0,3090,263,3178,6140,18649,9456,16080,3875,0
15/03/2010,2435,10840,4873,32411,27967,9010,4012,1082,2930,4327,0,3090,263,3178,6140,18649,9456,16080,3875,0
16/03/2010,2435,10840,4873,32411,27967,9010,4012,1082,2930,4327,0,3090,263,3178,6140,18649,9456,16080,3875,0
17/03/2010,2435,10840,4873,32411,27967,9010,4012,1082,2930,4327,0,3090,263,3178,6140,18649,9456,16080,3875,0
18/03/2010,2435,10840,4873,32411,27967,9010,4012,1082,2930,4327,0,3090,263,3178,6140,18649,9456,16080,3875,0
19/03/2010,2435,10840,4873,32411,27967,9010,4012,1082,2930,4327,0,3090,263,3178,6140,18649,9456,16080,3875,0
20/03/2010,2435,10840,4873,32411,27967,9010,4012,1082,2930,4327,0,3090,263,3178,6140,18649,9456,16080,3875,0
21/03/2010,2435,10840,4873,32411,27967,9010,4012,1082,2930,4327,0,3090,263,3178,6140,18649,9456,16080,3875,0
22/03/2010,2435,10840,4873,32411,27967,9010,4012,1082,2930,4327,0,3090,263,3178,6140,18649,9456,16080,3875,0
23/03/2010,2435,10840,4873,32411,27967,9010,4012,1082,2930,4327,0,3090,263,3178,6140,18649,9456,16080,3875,0
24/03/2010,2435,10840,4873,32411,27967,9010,4012,1082,2930,4327,0,3090,263,3178,6140,18649,9456,16080,3875,0
25/03/2010,2435,10840,4873,32411,27967,9010,4012,1082,2930,4327,0,3090,263,3178,6140,18649,9456,16080,3875,0
26/03/2010,2435,10840,4873,32411,27978,9010,4012,1082,2930,4327,0,3090,263,3178,6140,18660,9456,16080,3875,0
27/03/2010,2435,10840,4873,32411,27978,9010,4012,1082,2930,4327,0,3090,263,3178,6140,18660,9456,16080,3875,0
28/03/2010,2435,10840,4873,32411,27978,9010,4012,1082,2930,4327,0,3090,263,3178,6140,18660,9456,16080,3875,0
29/03/2010,2435,10840,4873,32411,27978,9010,4012,1082,2930,4327,0,3090,263,3178,6140,18660,9456,16080,3875,0
30/03/2010,2435,10840,4873,32411,27978,9010,4012,1082,2930,4327,0,3090,263,3178,6140,18660,9456,16080,3875,0
31/03/2010,2435,10840,4873,32411,27978,9010,4012,1082,2930,4327,0,3090,431,3178,6140,18660,9456,16080,3875,0
01/04/2010,2435,10840,4873,32411,27978,9010,4012,1082,2930,4358,1,3110,431,3178,6140,18660,9456,16080,3875,0
02/04/2010,2435,10840,4873,32411,27978,9010,4012,1082,2930,4358,1,3110,431,3178,6140,18660,9456,16080,3875,0
03/04/2010,2435,10840,4873,32411,27978,9010,4012,1082,2930,4358,1,3110,431,3178,6140,18660,9456,16080,3875,0
04/04/2010,2435,10840,4873,32411,27978,9010,4012,1082,2930,4358,1,3110,431,3178,6140,18660,9456,16080,3875,0
05/04/2010,2435,10840,4873,32411,27978,9010,4012,1082,2930,4358,1,3110,431,3178,6140,18660,9456,16080,3875,0
06/04/2010,2435,10840,4873,32411,27978,9010,4012,1082,2930,4358,1,3110,431,3178,6140,18660,9456,16080,3875,0
07/04/2010,2435,10840,4873,32411,27978,9010,4012,1082,2930,4358,1,3110,431,3178,6140,18660,9456,16080,3875,0
08/04/2010,2435,10840,4873,32411,27978,9010,4012,1082,2930,4358,1,3110,431,3178,6140,18660,9456,16080,3875,0
09/04/2010,2435,10840,4873,32411,27978,9010,4012,1082,2930,4358,1,3110,431,3178,6140,18660,9456,16080,3875,0
10/04/2010,2435,10840,4873,32411,27978,9010,4012,1082,2930,4358,1,3110,431,3178,6140,18660,9456,16080,3875,0
11/04/2010,2435,10840,4873,32411,27978,9010,4012,1082,2930,4358,1,3110,431,3178,6140,18660,9456,16080,3875,0
12/04/2010,2435,10840,4873,32411,27978,9010,4012,1082,2930,4358,1,3110,431,3178,6140,18660,9456,16080,3875,0
13/04/2010,2435,10840,4873,32411,27978,9010,4012,1082,2930,4358,1,3110,431,3178,6140,18660,9456,16080,3875,0
14/04/2010,2435,10840,4873,32411,27978,9010,4012,1082,2930,4358,1,3110,431,3178,6140,18660,9456,16080,3875,0
15/04/2010,2435,10840,4873,32411,27978,9010,4012,1082,2930,4358,1,3110,431,3178,6140,18660,9456,16080,3875,0
16/04/2010,2435,10840,4873,32411,27978,9010,4012,1082,2930,4358,1,3110,431,3178,6140,18660,9456,16080,3875,0
17/04/2010,2435,10840,4873,32411,27978,9010,4012,1082,2930,4358,1,3110,431,3178,6140,18660,9456,16080,3875,0
18/04/2010,2435,10840,4873,32411,27978,9010,4012,1082,2930,4358,1,3110,431,3178,6140,18660,9456,16080,3875,0
19/04/2010,2435,10840,4873,32411,27978,9010,4012,1082,2930,4358,1,3110,431,3178,6140,18660,9456,16080,3875,0
20/04/2010,2435,10840,4873,32411,27978,9010,4012,1082,2930,4358,1,3110,431,3178,6140,18660,9456,16080,3875,0
21/04/2010,2435,10840,4873,32411,27978,9010,4012,1082,2930,4358,1,3110,431,3178,6140,18660,9456,16080,3875,0
22/04/2010,2435,10840,4873,32411,27978,9010,4012,1082,2930,4358,1,3110,431,3178,6140,18660,9456,16080,3875,0
23/04/2010,2435,10840,4873,32411,27978,9010,4014,1084,2930,4358,1,3110,431,3178,6140,18660,9456,16080,3875,0
24/04/2010,2435,10840,4873,32411,27978,9010,4014,1084,2930,4358,1,3110,431,3178,6140,18660,9456,16080,3875,0
25/04/2010,2435,10840,4873,32411,27978,9010,4014,1084,2930,4358,1,3110,431,3178,6140,18660,9456,16080,3875,0
26/04/2010,2435,10840,4873,32411,27978,9010,4014,1084,2930,4358,2,3110,431,3178,6140,18660,9456,16080,3875,0
27/04/2010,2435,10840,4873,32411,27978,9010,4014,1084,2930,4358,2,3110,431,3178,6140,18660,9456,16080,3875,0
28/04/2010,2435,10840,4873,32411,27978,9010,4014,1084,2930,4358,2,3110,431,3178,6140,18660,9456,16080,3875,0
29/04/2010,2435,10840,4873,32411,27978,9010,4014,1084,2930,4358,2,3110,431,3178,6140,18660,9456,16080,3875,0
30/04/2010,2435,10840,4873,32411,27978,9010,4014,1084,2930,4358,2,3110,742,3178,6140,18660,9456,16080,3875,0
01/05/2010,2435,10840,4873,32411,27978,9010,4014,1084,2930,4398,2,3147,742,3178,6140,18660,9456,16080,3875,0
02/05/2010,2435,10840,4873,32411,27978,9010,4014,1084,2930,4398,2,3147,742,3178,6140,18660,9456,16080,3875,0
03/05/2010,2435,10840,4873,32411,27978,9010,4014,1084,2930,4398,2,3147,742,3178,6140,18660,9456,16080,3875,0
04/05/2010,2435,10840,4873,32411,27978,9010,4014,1084,2930,4398,2,3147,742,3178,6140,18660,9456,16080,3875,0
05/05/2010,2435,10840,4873,32836,27978,9010,4014,1084,2930,4398,2,3147,742,3178,6140,18660,9456,16080,4300,0
06/05/2010,2435,10840,4873,32836,27978,9010,4014,1084,2930,4398,2,3147,742,3178,6140,18660,9456,16080,4300,0
07/05/2010,2435,10840,4873,32836,27978,9010,4014,1084,2930,4398,2,3147,742,3178,6140,18660,9456,16080,4300,0
08/05/2010,2435,10840,4873,32836,27978,9010,4014,1084,2930,4398,2,3147,742,3178,6140,18660,9456,16080,4300,0
09/05/2010,2435,10840,4873,32836,27978,9010,4014,1084,2930,4398,2,3147,742,3178,6140,18660,9456,16080,4300,0
10/05/2010,2435,10840,4873,32836,27978,9010,4014,1084,2930,4398,2,3147,742,3178,6140,18660,9456,16080,4300,0
11/05/2010,2435,10840,4873,32836,27978,9010,4014,1084,2930,4398,2,3147,742,3178,6140,18660,9456,16080,4300,0
12/05/2010,2435,10840,4873,32836,27978,9010,4014,1084,2930,4398,2,3147,742,3178,6140,18660,9456,16080,4300,0
13/05/2010,2435,10840,4873,32836,27978,9010,4014,1084,2930,4398,2,3147,742,3178,6140,18660,9456,16080,4300,0
14/05/2010,2435,10840,4873,32836,27978,9010,4014,1084,2930,4398,2,3147,742,3178,6140,18660,9456,16080,4300,0
15/05/2010,2435,10840,4873,32836,27978,9010,4014,1084,2930,4398,2,3147,742,3178,6140,18660,9456,16080,4300,0
16/05/2010,2435,10840,4873,32836,27978,9010,4014,1084,2930,4398,2,3147,742,3178,6140,18660,9456,16080,4300,0
17/05/2010,2435,10840,4873,32836,27978,9010,4014,1084,2930,4398,3,3147,742,3178,6140,18660,9456,16080,4300,0
18/05/2010,2435,10840,4873,32836,27978,9010,4014,1084,2930,4398,3,3147,742,3178,6140,18660,9456,16080,4300,0
19/05/2010,2435,10840,4873,32836,27978,9010,4014,1084,2930,4398,3,3147,742,3178,6140,18660,9456,16080,4300,0
20/05/2010,2435,10840,4873,32836,27978,9010,4014,1084,2930,4398,3,3147,742,3178,6140,18660,9456,16080,4300,0
21/05/2010,2435,10840,4873,32836,27978,9010,4014,1084,2930,4398,3,3147,742,3178,6140,18660,9456,16080,4300,0
22/05/2010,2435,10840,4873,32836,27978,9010,4014,1084,2930,4398,3,3147,742,3178,6140,18660,9456,16080,4300,0
23/05/2010,2435,10840,4873,32836,27978,9010,4014,1084,2930,4398,3,3147,742,3178,6140,18660,9456,16080,4300,0
24/05/2010,2435,10840,4873,32836,27978,9010,4014,1084,2930,4398,4,3147,742,3178,6140,18660,9456,16080,4300,0
25/05/2010,2435,10840,4873,32836,27978,9010,4014,1084,2930,4398,4,3147,742,3178,6140,18660,9456,16080,4300,0
26/05/2010,2435,10840,4873,32836,27978,9010,4014,1084,2930,4398,4,3147,742,3178,6140,18660,9456,16080,4300,0
27/05/2010,2435,10840,4873,32836,27978,9010,4014,1084,2930,4398,4,3147,742,3178,6140,18660,9456,16080,4300,0
28/05/2010,2435,10840,4873,32836,27978,9010,4014,1084,2930,4398,4,3147,742,3178,6140,18660,9456,16080,4300,0
29/05/2010,2435,10840,4873,32836,27978,9010,4014,1084,2930,4398,4,3147,742,3178,6140,18660,9456,16080,4300,0
30/05/2010,2435,10840,4873,32836,27978,9010,4014,1084,2930,4398,4,3147,742,3178,6140,18660,9456,16080,4300,0
31/05/2010,2435,10840,4873,32836,27978,9010,4014,1084,2930,4398,4,3147,742,3178,6140,18660,9456,16080,4300,0
01/06/2010,2435,10860,4873,32836,27967,9010,4012,1082,2930,4453,4,3201,742,3178,6140,18649,9456,16080,4300,0
02/06/2010,2435,10860,4873,32836,27967,9010,4012,1082,2930,4453,4,3201,742,3178,6140,18649,9456,16080,4300,0
03/06/2010,2435,10860,4873,32836,27967,9010,4012,1082,2930,4453,4,3201,742,3178,6140,18649,9456,16080,4300,0
04/06/2010,2435,10860,4873,32836,27967,9010,4012,1082,2930,4453,4,3201,742,3178,6140,18649,9456,16080,4300,0
05/06/2010,2435,10860,4873,32836,27967,9010,4012,1082,2930,4453,4,3201,742,3178,6140,18649,9456,16080,4300,0
06/06/2010,2435,10860,4873,32836,27967,9010,4012,1082,2930,4453,4,3201,742,3178,6140,18649,9456,16080,4300,0
07/06/2010,2435,10860,4873,32836,27967,9010,4012,1082,2930,4453,5,3201,742,3178,6140,18649,9456,16080,4300,0
08/06/2010,2435,10860,4873,32836,27967,9010,4012,1082,2930,4453,5,3201,742,3178,6140,18649,9456,16080,4300,0
09/06/2010,2435,10860,4873,32836,27967,9010,4012,1082,2930,4453,5,3201,742,3178,6140,18649,9456,16080,4300,0
10/06/2010,2435,10860,4873,32836,27967,9010,4012,1082,2930,4453,5,3201,742,3178,6140,18649,9456,16080,4300,0
11/06/2010,2435,10860,4873,32836,27967,9010,4012,1082,2930,4453,5,3201,742,3178,6140,18649,9456,16080,4300,0
12/06/2010,2435,10860,4873,32836,27967,9010,4012,1082,2930,4453,5,3201,742,3178,6140,18649,9456,16080,4300,0
13/06/2010,2435,10860,4873,32836,27967,9010,4012,1082,2930,4453,5,3201,742,3178,6140,18649,9456,16080,4300,0
14/06/2010,2435,10860,4873,32836,27967,9010,4012,1082,2930,4453,6,3201,742,3178,6140,18649,9456,16080,4300,0
15/06/2010,2435,10860,4873,32836,27967,9010,4012,1082,2930,4453,6,3201,742,3178,6140,18649,9456,16080,4300,0
16/06/2010,2435,10860,4873,32836,27967,9010,4012,1082,2930,4453,6,3201,742,3178,6140,18649,9456,16080,4300,0
17/06/2010,2435,10860,4873,32836,27967,9010,4012,1082,2930,4453,6,3201,742,3178,6140,18649,9456,16080,4300,0
18/06/2010,2435,10860,4873,32836,27967,9010,4012,1082,2930,4453,6,3201,742,3178,6140,18649,9456,16080,4300,0
19/06/2010,2435,10860,4873,32836,27967,9010,4012,1082,2930,4453,6,3201,742,3178,6140,18649,9456,16080,4300,0
20/06/2010,2435,10860,4873,32836,27967,9010,4012,1082,2930,4453,6,3201,742,3178,6140,18649,9456,16080,4300,0
21/06/2010,2435,10860,4873,32836,27967,9010,4012,1082,2930,4453,6,3201,742,3178,6140,18649,9456,16080,4300,0
22/06/2010,2435,10860,4873,32836,27967,9010,4012,1082,2930,4453,6,3201,742,3178,6140,18649,9456,16080,4300,0
23/06/2010,2435,10860,4873,32836,27967,9010,4012,1082,2930,4453,6,3201,742,3178,6140,18649,9456,16080,4300,0
24/06/2010,2435,10860,4873,32836,27967,9010,4012,1082,2930,4453,6,3201,742,3178,6140,18649,9456,16080,4300,0
25/06/2010,2435,10860,4873,32836,27967,9010,4012,1082,2930,4453,6,3201,742,3178,6140,18649,9456,16080,4300,0
26/06/2010,2435,10860,4873,32836,27967,9010,4012,1082,2930,4453,6,3201,742,3178,6140,18649,9456,16080,4300,0
27/06/2010,2435,10860,4873,32836,27967,9010,4012,1082,2930,4453,6,3201,742,3178,6140,18649,9456,16080,4300,0
28/06/2010,2435,10860,4873,32836,27967,9010,4012,1082,2930,4453,7,3201,742,3178,6140,18649,9456,16080,4300,0
29/06/2010,2435,10860,4873,32836,27967,9010,4012,1082,2930,4453,7,3201,742,3178,6140,18649,9456,16080,4300,0
30/06/2010,2435,10860,4873,32836,27967,9010,4012,1082,2930,4453,7,3201,742,3178,6140,18649,9456,16080,4300,0
01/07/2010,2435,10860,4873,32836,27967,9010,4012,1082,2930,4515,7,3264,742,3178,6140,18649,9456,16080,4300,0
02/07/2010,2435,10860,4873,32836,27967,9010,4012,1082,2930,4515,7,3264,742,3178,6140,18649,9456,16080,4300,0
03/07/2010,2435,10860,4873,32836,27967,9010,4012,1082,2930,4515,7,3264,742,3178,6140,18649,9456,16080,4300,0
04/07/2010,2435,10860,4873,32836,27967,9010,4012,1082,2930,4515,7,3264,742,3178,6140,18649,9456,16080,4300,0
05/07/2010,2435,10860,4873,32836,27967,9010,4012,1082,2930,4515,8,3264,742,3178,6140,18649,9456,16080,4300,0
06/07/2010,2435,10860,4873,32836,27967,9010,4012,1082,2930,4515,8,3264,742,3178,6140,18649,9456,16080,4300,0
07/07/2010,2435,10860,4873,32836,27967,9010,4012,1082,2930,4515,8,3264,742,3178,6140,18649,9456,16080,4300,0
08/07/2010,2435,10860,4873,32836,27967,9010,4012,1082,2930,4515,8,3264,742,3178,6140,18649,9456,16080,4300,0
09/07/2010,2435,10860,4873,32836,27967,9010,4012,1082,2930,4515,8,3264,742,3178,6140,18649,9456,16080,4300,0
10/07/2010,2435,10860,4873,32836,27967,9010,4012,1082,2930,4515,8,3264,742,3178,6140,18649,9456,16080,4300,0
11/07/2010,2435,10860,4873,32836,27967,9010,4012,1082,2930,4515,8,3264,742,3178,6140,18649,9456,16080,4300,0
12/07/2010,2435,10860,4873,32836,27967,9010,4012,1082,2930,4515,9,3264,742,3178,6140,18649,9456,16080,4300,0
13/07/2010,2435,10860,4873,32836,27967,9010,4012,1082,2930,4515,9,3264,742,3178,6140,18649,9456,16080,4300,0
14/07/2010,2435,10860,4873,32836,27967,9010,4012,1082,2930,4515,9,3264,742,3178,6140,18649,9456,16080,4300,0
15/07/2010,2435,10860,4873,32836,27967,9010,4012,1082,2930,4515,9,3264,742,3178,6140,18649,9456,16080,4300,0
16/07/2010,2435,10860,4873,32836,27967,9010,4012,1082,2930,4515,9,3264,742,3178,6140,18649,9456,16080,4300,0
17/07/2010,2435,10860,4873,32836,27967,9010,4012,1082,2930,4515,9,3264,742,3178,6140,18649,9456,16080,4300,0
18/07/2010,2435,10860,4873,32836,27967,9010,4012,1082,2930,4515,9,3264,742,3178,6140,18649,9456,16080,4300,0
19/07/2010,2435,10860,4873,32836,27967,9010,4012,1082,2930,4515,10,3264,742,3178,6140,18649,9456,16080,4300,0
20/07/2010,2435,10860,4873,32836,27967,9010,4012,1082,2930,4515,10,3264,742,3178,6140,18649,9456,16080,4300,0
21/07/2010,2435,10860,4873,32836,27967,9010,4012,1082,2930,4515,10,3264,742,3178,6140,18649,9456,16080,4300,0
22/07/2010,2435,10860,4873,32836,27967,9010,4012,1082,2930,4515,10,3264,742,3178,6140,18649,9456,16080,4300,0
23/07/2010,2435,10860,4873,32836,27967,9010,4012,1082,2930,4515,10,3264,742,3178,6140,18649,9456,16080,4300,0
24/07/2010,2435,10860,4873,32836,27967,9010,4012,1082,2930,4515,10,3264,742,3178,6140,18649,9456,16080,4300,0
25/07/2010,2435,10860,4873,32836,27967,9010,4012,1082,2930,4515,10,3264,742,3178,6140,18649,9456,16080,4300,0
26/07/2010,2435,10860,4873,32836,27991,9010,4012,1082,2930,4515,11,3264,742,3178,6140,18673,9456,16080,4300,0
27/07/2010,2435,10860,4873,32836,27991,9010,4012,1082,2930,4515,11,3264,742,3178,6140,18673,9456,16080,4300,0
28/07/2010,2435,10860,4873,32836,27991,9010,4012,1082,2930,4515,11,3264,742,3178,6140,18673,9456,16080,4300,0
29/07/2010,2435,10860,4873,32836,27991,9010,4012,1082,2930,4515,11,3264,742,3178,6140,18673,9456,16080,4300,0
30/07/2010,2435,10860,4873,32836,27991,9010,4012,1082,2930,4515,11,3264,742,3178,6140,18673,9456,16080,4300,0
31/07/2010,2435,10860,4873,32836,27991,9010,4012,1082,2930,4515,11,3264,742,3178,6140,18673,9456,16080,4300,0
01/08/2010,2435,10860,4873,32836,27991,9010,4012,1082,2930,4568,11,3316,742,3178,6140,18673,9456,16080,4300,0
02/08/2010,2435,10860,4873,32836,27991,9010,4012,1082,2930,4568,12,3316,742,3178,6140,18673,9456,16080,4300,0
03/08/2010,2435,10860,4873,32836,27991,9010,4012,1082,2930,4568,12,3316,742,3178,6140,18673,9456,16080,4300,0
04/08/2010,2435,10860,4873,32836,27991,9010,4012,1082,2930,4568,12,3316,742,3178,6140,18673,9456,16080,4300,0
05/08/2010,2435,10860,4873,33304,27991,9010,4012,1082,2930,4568,12,3316,742,3178,6140,18673,9456,16080,4768,0
06/08/2010,2435,10860,4873,33304,27991,9010,4012,1082,2930,4568,12,3316,742,3178,6140,18673,9456,16080,4768,0
07/08/2010,2435,10860,4873,33304,27991,9010,4012,1082,2930,4568,12,3316,742,3178,6140,18673,9456,16080,4768,0
08/08/2010,2435,10860,4873,33304,27991,9010,4012,1082,2930,4568,12,3316,742,3178,6140,18673,9456,16080,4768,0
09/08/2010,2435,10860,4873,33304,27991,9010,4012,1082,2930,4568,14,3316,742,3178,6140,18673,9456,16080,4768,0
10/08/2010,2435,10860,4873,33304,27991,9010,4012,1082,2930,4568,14,3316,742,3178,6140,18673,9456,16080,4768,0
11/08/2010,2435,10860,4873,33304,27991,9010,4012,1082,2930,4568,14,3316,742,3178,6140,18673,9456,16080,4768,0
12/08/2010,2435,10860,4873,33304,27991,9010,4012,1082,2930,4568,14,3316,742,3178,6140,18673,9456,16080,4768,0
13/08/2010,2435,10860,4873,33304,27991,9010,4012,1082,2930,4568,14,3316,742,3178,6140,18673,9456,16080,4768,0
14/08/2010,2435,10860,4873,33304,27991,9010,4012,1082,2930,4568,14,3316,742,3178,6140,18673,9456,16080,4768,0
15/08/2010,2435,10860,4873,33304,27991,9010,4012,1082,2930,4568,14,3316,742,3178,6140,18673,9456,16080,4768,0
16/08/2010,2435,10860,4873,33304,27991,9010,4012,1082,2930,4568,14,3316,742,3178,6140,18673,9456,16080,4768,0
17/08/2010,2435,10860,4873,33304,27991,9010,4012,1082,2930,4568,14,3316,742,3178,6140,18673,9456,16080,4768,0
18/08/2010,2435,10860,4873,33304,27991,9010,4012,1082,2930,4568,14,3316,742,3178,6140,18673,9456,16080,4768,0
19/08/2010,2435,10860,4873,33772,27991,9010,4012,1082,2930,4568,14,3316,742,3178,6140,18673,9456,16080,5236,0
20/08/2010,2435,10860,4873,33772,27991,9010,4012,1082,2930,4568,14,3316,742,3178,6140,18673,9456,16080,5236,0
21/08/2010,2435,10860,4873,33772,27991,9010,4012,1082,2930,4568,14,3316,742,3178,6140,18673,9456,16080,5236,0
22/08/2010,2435,10860,4873,33772,27991,9010,4012,1082,2930,4568,14,3316,742,3178,6140,18673,9456,16080,5236,0
23/08/2010,2435,10860,4873,33772,27991,9010,4012,1082,2930,4568,17,3316,742,3178,6140,18673,9456,16080,5236,0
24/08/2010,2435,10860,4873,33772,27991,9010,4012,1082,2930,4568,17,3316,742,3178,6140,18673,9456,16080,5236,0
25/08/2010,2435,10860,4873,33772,27991,9010,4012,1082,2930,4568,17,3316,742,3178,6140,18673,9456,16080,5236,0
26/08/2010,2435,10860,4873,33772,27991,9010,4012,1082,2930,4568,17,3316,742,3178,6140,18673,9456,16080,5236,0
27/08/2010,2435,10860,4873,33772,27991,9010,4012,1082,2930,4568,17,3316,742,3178,6140,18673,9456,16080,5236,0
28/08/2010,2435,10860,4873,33772,27991,9010,4012,1082,2930,4568,17,3316,742,3178,6140,18673,9456,16080,5236,0
29/08/2010,2435,10860,4873,33772,27991,9010,4012,1082,2930,4568,17,3316,742,3178,6140,18673,9456,16080,5236,0
30/08/2010,2435,10860,4873,33772,27991,9010,4012,1082,2930,4568,18,3316,742,3178,6140,18673,9456,16080,5236,0
31/08/2010,2435,10860,4873,33772,27991,9010,4012,1082,2930,4568,18,3316,742,3178,6140,18673,9456,16080,5236,0
01/09/2010,2435,10860,4873,33772,27967,9010,4012,1082,2930,4606,18,3355,742,3178,6140,18649,9456,16080,5236,0
02/09/2010,2435,10860,4873,33772,27967,9010,4012,1082,2930,4606,18,3355,742,3178,6140,18649,9456,16080,5236,0
03/09/2010,2435,10860,4873,33772,27967,9010,4012,1082,2930,4606,18,3355,742,3178,6140,18649,9456,16080,5236,0
04/09/2010,2435,10860,4873,33772,27967,9010,4012,1082,2930,4606,18,3355,742,3178,6140,18649,9456,16080,5236,0
05/09/2010,2435,10860,4873,33772,27967,9010,4012,1082,2930,4606,18,3355,742,3178,6140,18649,9456,16080,5236,0
06/09/2010,2435,10860,4873,33772,27967,9010,4012,1082,2930,4606,22,3355,742,3178,6140,18649,9456,16080,5236,0
07/09/2010,2435,10860,4873,33772,27967,9010,4012,1082,2930,4606,22,3355,742,3178,6140,18649,9456,16080,5236,0
08/09/2010,2435,10860,4873,33772,27967,9010,4012,1082,2930,4606,22,3355,742,3178,6140,18649,9456,16080,5236,0
09/09/2010,2435,10860,4873,33772,27967,9010,4012,1082,2930,4606,22,3355,742,3178,6140,18649,9456,16080,5236,0
10/09/2010,2435,10860,4873,33772,27967,9010,4012,1082,2930,4606,22,3355,742,3178,6140,18649,9456,16080,5236,0
11/09/2010,2435,10860,4873,33772,27967,9010,4012,1082,2930,4606,22,3355,742,3178,6140,18649,9456,16080,5236,0
12/09/2010,2435,10860,4873,33772,27967,9010,4012,1082,2930,4606,22,3355,742,3178,6140,18649,9456,16080,5236,0
13/09/2010,2435,10860,4873,33772,27967,9010,4012,1082,2930,4606,24,3355,742,3178,6140,18649,9456,16080,5236,0
14/09/2010,2435,10860,4873,33772,27967,9010,4012,1082,2930,4606,24,3355,742,3178,6140,18649,9456,16080,5236,0
15/09/2010,2435,10860,4873,33772,27967,9010,4012,1082,2930,4606,24,3355,742,3178,6140,18649,9456,16080,5236,0
16/09/2010,2435,10860,4873,33772,27967,9010,4012,1082,2930,4606,24,3355,742,3178,6140,18649,9456,16080,5236,0
17/09/2010,2435,10860,4873,33772,27967,9010,4012,1082,2930,4606,24,3355,742,3178,6140,18649,9456,16080,5236,0
18/09/2010,2435,10860,4873,33772,27967,9010,4012,1082,2930,4606,24,3355,742,3178,6140,18649,9456,16080,5236,0
19/09/2010,2435,10860,4873,33772,27967,9010,4012,1082,2930,4606,24,3355,742,3178,6140,18649,9456,16080,5236,0
20/09/2010,2435,10860,4873,33772,27967,9010,4012,1082,2930,4606,25,3355,742,3178,6140,18649,9456,16080,5236,0
21/09/2010,2435,10860,4873,33772,27967,9010,4012,1082,2930,4606,25,3355,742,3178,6140,18649,9456,16080,5236,0
22/09/2010,2435,10860,4873,33772,27967,9010,4012,1082,2930,4606,25,3355,742,3178,6140,18649,9456,16080,5236,0
23/09/2010,2435,10860,4873,33772,27967,9010,4012,1082,2930,4606,25,3355,742,3178,6140,18649,9456,16080,5236,0
24/09/2010,2435,10860,4873,33772,27967,9010,4012,1082,2930,4606,25,3355,742,3178,6140,18649,9456,16080,5236,0
25/09/2010,2435,10860,4873,33772,27967,9010,4012,1082,2930,4606,25,3355,742,3178,6140,18649,9456,16080,5236,0
26/09/2010,2435,10860,4873,33772,27967,9010,4012,1082,2930,4606,25,3355,742,3178,6140,18649,9456,16080,5236,0
27/09/2010,2435,10860,4873,33772,27967,9010,4012,1082,2930,4606,26,3355,742,3178,6140,18649,9456,16080,5236,0
28/09/2010,2435,10860,4873,33772,27967,9010,4012,1082,2930,4606,26,3355,742,3178,6140,18649,9456,16080,5236,0
29/09/2010,2435,10860,4873,33772,27967,9010,4012,1082,2930,4606,26,3355,742,3178,6140,18649,9456,16080,5236,0
30/09/2010,2435,10860,4873,33772,27967,9010,4012,1082,2930,4606,26,3355,742,3178,6140,18649,9456,16080,5236,0
01/10/2010,2435,10860,4873,33772,27967,9010,4012,1082,2930,4636,26,3382,742,3178,6140,18649,9456,16080,5236,0
02/10/2010,2435,10860,4873,33772,27967,9010,4012,1082,2930,4636,26,3382,742,3178,6140,18649,9456,16080,5236,0
03/10/2010,2435,10860,4873,33772,27967,9010,4012,1082,2930,4636,26,3382,742,3178,6140,18649,9456,16080,5236,0
04/10/2010,2435,10860,4873,33772,27967,9010,4012,1082,2930,4636,27,3382,742,3178,6140,18649,9456,16080,5236,0
05/10/2010,2435,10860,4873,33772,27967,9010,4012,1082,2930,4636,27,3382,742,3178,6140,18649,9456,16080,5236,0
06/10/2010,2435,10860,4873,33772,27967,9010,4012,1082,2930,4636,27,3382,742,3178,6140,18649,9456,16080,5236,0
07/10/2010,2435,10860,4873,33772,27967,9010,4012,1082,2930,4636,27,3382,742,3178,6140,18649,9456,16080,5236,0
08/10/2010,2435,10860,4873,33772,27967,9010,4012,1082,2930,4636,27,3382,742,3178,6140,18649,9456,16080,5236,0
09/10/2010,2435,10860,4873,33772,27967,9010,4012,1082,2930,4636,27,3382,742,3178,6140,18649,9456,16080,5236,0
10/10/2010,2435,10860,4873,33772,27967,9010,4012,1082,2930,4636,27,3382,742,3178,6140,18649,9456,16080,5236,0
11/10/2010,2435,10860,4873,33772,27967,9010,4012,1082,2930,4636,29,3382,742,3178,6140,18649,9456,16080,5236,0
12/10/2010,2435,10860,4873,33772,27967,9010,4012,1082,2930,4636,29,3382,742,3178,6140,18649,9456,16080,5236,0
13/10/2010,2435,10860,4873,33772,27967,9010,4012,1082,2930,4636,29,3382,742,3178,6140,18649,9456,16080,5236,0
14/10/2010,2435,10860,4873,33772,27967,9010,4012,1082,2930,4636,29,3382,742,3178,6140,18649,9456,16080,5236,0
15/10/2010,2435,10860,4873,33772,27967,9010,4012,1082,2930,4636,29,3382,742,3178,6140,18649,9456,16080,5236,0
16/10/2010,2435,10860,4873,33772,27967,9010,4012,1082,2930,4636,29,3382,742,3178,6140,18649,9456,16080,5236,0
17/10/2010,2435,10860,4873,33772,27967,9010,4012,1082,2930,4636,29,3382,742,3178,6140,18649,9456,16080,5236,0
18/10/2010,2435,10860,4873,33772,27967,9010,4012,1082,2930,4636,30,3382,742,3178,6140,18649,9456,16080,5236,0
19/10/2010,2435,10860,4873,33772,27967,9010,4012,1082,2930,4636,30,3382,742,3178,6140,18649,9456,16080,5236,0
20/10/2010,2435,10860,4873,33772,27967,9010,4012,1082,2930,4636,30,3382,742,3178,6140,18649,9456,16080,5236,0
21/10/2010,2435,10860,4873,33772,27987,9010,4012,1082,2930,4636,30,3382,742,3178,6140,18669,9456,16080,5236,0
22/10/2010,2435,10860,4873,33772,27987,9010,4012,1082,2930,4636,30,3382,742,3178,6140,18669,9456,16080,5236,0
23/10/2010,2435,10860,4873,33772,27987,9010,4012,1082,2930,4636,30,3382,742,3178,6140,18669,9456,16080,5236,0
24/10/2010,2435,10860,4873,33772,27987,9010,4012,1082,2930,4636,30,3382,742,3178,6140,18669,9456,16080,5236,0
25/10/2010,2435,10860,4873,33772,27987,9010,4012,1082,2930,4636,32,3382,742,3178,6140,18669,9456,16080,5236,0
26/10/2010,2435,10860,4873,33772,27987,9010,4012,1082,2930,4636,32,3382,742,3178,6140,18669,9456,16080,5236,0
27/10/2010,2435,10860,4873,33772,27987,9010,4012,1082,2930,4636,32,3382,742,3178,6140,18669,9456,16080,5236,0
28/10/2010,2435,10860,4873,33772,27987,9010,4012,1082,2930,4636,32,3382,742,3178,6140,18669,9456,16080,5236,0
29/10/2010,2435,10860,4873,33772,27987,9010,4012,1082,2930,4636,32,3382,742,3178,6140,18669,9456,16080,5236,0
30/10/2010,2435,10860,4873,33772,27987,9010,4012,1082,2930,4636,32,3382,742,3178,6140,18669,9456,16080,5236,0
31/10/2010,2435,10860,4873,33772,27987,9010,4012,1082,2930,4636,32,3382,742,3178,6140,18669,9456,16080,5236,0
01/11/2010,2435,10860,4873,33772,27987,9010,4012,1082,2930,4673,34,3409,742,3178,6140,18669,9456,16080,5236,0
02/11/2010,2435,10860,4873,33772,27987,9010,4012,1082,2930,4673,34,3409,742,3178,6140,18669,9456,16080,5236,0
03/11/2010,2435,10860,4873,33772,27987,9010,4012,1082,2930,4673,34,3409,742,3178,6140,18669,9456,16080,5236,0
04/11/2010,2435,10860,4873,33772,27987,9010,4012,1082,2930,4673,34,3409,742,3178,6140,18669,9456,16080,5236,0
05/11/2010,2435,10860,4873,33772,27997,9010,4012,1082,2930,4673,34,3409,742,3178,6140,18679,9456,16080,5236,0
06/11/2010,2435,10860,4873,33772,27997,9010,4012,1082,2930,4673,34,3409,742,3178,6140,18679,9456,16080,5236,0
07/11/2010,2435,10860,4873,33772,27997,9010,4012,1082,2930,4673,34,3409,742,3178,6140,18679,9456,16080,5236,0
08/11/2010,2435,10860,4873,33772,27997,9010,4012,1082,2930,4673,35,3409,742,3178,6140,18679,9456,16080,5236,0
09/11/2010,2435,10860,4873,33772,27997,9010,4012,1082,2930,4673,35,3409,742,3178,6140,18679,9456,16080,5236,0
10/11/2010,2435,10860,4873,33772,27997,9010,4012,1082,2930,4673,35,3409,742,3178,6140,18679,9456,16080,5236,0
11/11/2010,2435,10860,4873,33772,27997,9010,4012,1082,2930,4673,35,3409,742,3178,6140,18679,9456,16080,5236,0
12/11/2010,2435,10860,4873,33772,27997,9010,4012,1082,2930,4673,35,3409,742,3178,6140,18679,9456,16080,5236,0
13/11/2010,2435,10860,4873,33772,27997,9010,4012,1082,2930,4673,35,3409,742,3178,6140,18679,9456,16080,5236,0
14/11/2010,2435,10860,4873,33772,27997,9010,4012,1082,2930,4673,35,3409,742,3178,6140,18679,9456,16080,5236,0
15/11/2010,2435,10860,4873,33772,27997,9010,4012,1082,2930,4673,36,3409,742,3178,6140,18679,9456,16080,5236,0
16/11/2010,2435,10860,4873,33772,27997,9010,4012,1082,2930,4673,36,3409,742,3178,6140,18679,9456,16080,5236,0
17/11/2010,2435,10860,4873,33772,27997,9010,4012,1082,2930,4673,36,3409,742,3178,6140,18679,9456,16080,5236,0
18/11/2010,2435,10860,4873,33772,27997,9010,4012,1082,2930,4673,36,3409,742,3178,6140,18679,9456,16080,5236,0
19/11/2010,2435,10860,4873,33772,27997,9010,4012,1082,2930,4673,36,3409,742,3178,6140,18679,9456,16080,5236,0
20/11/2010,2435,10860,4873,33772,27997,9010,4012,1082,2930,4673,36,3409,742,3178,6140,18679,9456,16080,5236,0
21/11/2010,2435,10860,4873,33772,27997,9010,4012,1082,2930,4673,36,3409,742,3178,6140,18679,9456,16080,5236,0
22/11/2010,2435,10860,4873,33772,27997,9010,4012,1082,2930,4673,38,3409,742,3178,6140,18679,9456,16080,5236,0
23/11/2010,2435,10860,4873,33772,27997,9010,4012,1082,2930,4673,38,3409,742,3178,6140,18679,9456,16080,5236,0
24/11/2010,2435,10860,4873,33772,27997,9010,4012,1082,2930,4673,38,3409,742,3178,6140,18679,9456,16080,5236,0
25/11/2010,2435,10860,4873,33772,27997,9010,4012,1082,2930,4673,38,3409,742,3178,6140,18679,9456,16080,5236,0
26/11/2010,2435,10860,4873,33772,27997,9010,4012,1082,2930,4673,38,3409,742,3178,6140,18679,9456,16080,5236,0
27/11/2010,2435,10860,4873,33772,27997,9010,4012,1082,2930,4673,38,3409,742,3178,6140,18679,9456,16080,5236,0
28/11/2010,2435,10860,4873,33772,27997,9010,4012,1082,2930,4673,38,3409,742,3178,6140,18679,9456,16080,5236,0
29/11/2010,2435,10860,4873,33772,27997,9010,4012,1082,2930,4673,40,3409,742,3178,6140,18679,9456,16080,5236,0
30/11/2010,2435,10860,4873,33772,27997,9010,4012,1082,2930,4673,40,3409,742,3178,6140,18679,9456,16080,5236,0
01/12/2010,2435,10870,4873,33772,27987,9010,3912,982,2930,4722,40,3440,742,3178,6140,18669,9456,16080,5236,0
02/12/2010,2435,10870,4873,33772,27987,9010,3912,982,2930,4722,40,3440,742,3178,6140,18669,9456,16080,5236,0
03/12/2010,2435,10870,4873,33772,27987,9010,3912,982,2930,4722,40,3440,742,3178,6140,18669,9456,16080,5236,0
04/12/2010,2435,10870,4873,33772,27987,9010,3912,982,2930,4722,40,3440,742,3178,6140,18669,9456,16080,5236,0
05/12/2010,2435,10870,4873,33772,27987,9010,3912,982,2930,4722,40,3440,742,3178,6140,18669,9456,16080,5236,0
06/12/2010,2435,10870,4873,33772,27987,9010,3912,982,2930,4722,41,3440,897,3178,6140,18669,9456,16080,5236,0
07/12/2010,2435,10870,4873,33772,27987,9010,3912,982,2930,4722,41,3440,897,3178,6140,18669,9456,16080,5236,0
08/12/2010,2435,10870,4873,33772,27987,9010,3912,982,2930,4722,41,3440,897,3178,6140,18669,9456,16080,5236,0
09/12/2010,2435,10870,4873,33772,27987,9010,3912,982,2930,4722,41,3440,897,3178,6140,18669,9456,16080,5236,0
10/12/2010,2435,10870,4873,33772,27987,9010,3912,982,2930,4722,41,3440,897,3178,6140,18669,9456,16080,5236,0
11/12/2010,2435,10870,4873,33772,27987,9010,3912,982,2930,4722,41,3440,897,3178,6140,18669,9456,16080,5236,0
12/12/2010,2435,10870,4873,33772,27987,9010,3912,982,2930,4722,41,3440,897,3178,6140,18669,9456,16080,5236,0
13/12/2010,2435,10870,4873,33772,27987,9010,3912,982,2930,4722,43,3440,897,3178,6140,18669,9456,16080,5236,0
14/12/2010,2435,10870,4873,33772,27987,9010,3912,982,2930,4722,43,3440,897,3178,6140,18669,9456,16080,5236,0
15/12/2010,2435,10870,4873,33772,27987,9010,3912,982,2930,4722,43,3440,897,3178,6140,18669,9456,16080,5236,0
16/12/2010,2435,10870,4873,33772,28013,9010,3912,982,2930,4722,43,3440,897,3178,6140,18695,9456,16080,5236,0
17/12/2010,2435,10870,4873,33772,28013,9010,3912,982,2930,4722,43,3440,897,3178,6140,18695,9456,16080,5236,0
18/12/2010,2435,10870,4873,33772,28013,9010,3912,982,2930,4722,43,3440,897,3178,6140,18695,9456,16080,5236,0
19/12/2010,2435,10870,4873,33772,28013,9010,3912,982,2930,4722,43,3440,897,3178,6140,18695,9456,16080,5236,0
20/12/2010,2435,10870,4873,33772,28013,9010,3912,982,2930,4722,44,3440,897,3178,6140,18695,9456,16080,5236,0
21/12/2010,2435,10870,4873,33772,28013,9010,3912,982,2930,4722,44,3440,897,3178,6140,18695,9456,16080,5236,0
22/12/2010,2435,10870,4873,33772,28013,9010,3912,982,2930,4722,44,3440,897,3178,6140,18695,9456,16080,5236,0
23/12/2010,2435,10870,4873,33772,28013,9010,3912,982,2930,4722,44,3440,897,3178,6140,18695,9456,16080,5236,0
24/12/2010,2435,10870,4873,33772,28013,9010,3912,982,2930,4722,44,3440,897,3178,6140,18695,9456,16080,5236,0
25/12/2010,2435,10870,4873,33772,28013,9010,3912,982,2930,4722,44,3440,897,3178,6140,18695,9456,16080,5236,0
26/12/2010,2435,10870,4873,33772,28013,9010,3912,982,2930,4722,44,3440,897,3178,6140,18695,9456,16080,5236,0
27/12/2010,2435,10870,4873,33772,28013,9010,3912,982,2930,4722,45,3440,897,3178,6140,18695,9456,16080,5236,0
28/12/2010,2435,10870,4873,33772,28013,9010,3912,982,2930,4722,45,3440,897,3178,6140,18695,9456,16080,5236,0
29/12/2010,2435,10870,4873,33772,28013,9010,3912,982,2930,4722,45,3440,897,3178,6140,18695,9456,16080,5236,0
30/12/2010,2435,10870,4873,33772,28013,9010,3912,982,2930,4722,45,3440,897,3178,6140,18695,9456,16080,5236,0
31/12/2010,2435,10870,4873,33772,28047,9010,3912,982,2930,4722,45,3440,897,3178,6140,18729,9456,16080,5236,0
01/01/2011,2435,10870,4873,33772,28047,9010,3912,982,2930,4794,79,3481,897,3178,6140,18729,9456,16080,5236,0
02/01/2011,2435,10870,4873,33772,28047,9010,3912,982,2930,4794,79,3481,897,3178,6140,18729,9456,16080,5236,0
03/01/2011,2435,10870,4873,33772,28047,9010,3912,982,2930,4794,80,3481,897,3178,6140,18729,9456,16080,5236,0
04/01/2011,2435,10870,4873,33772,28047,9010,3912,982,2930,4794,80,3481,897,3178,6140,18729,9456,16080,5236,0
05/01/2011,2435,10870,4873,33772,28047,9010,3912,982,2930,4794,81,3481,897,3178,6140,18729,9456,16080,5236,0
06/01/2011,2435,10870,4873,33772,28047,9010,3912,982,2930,4794,81,3481,897,3178,6140,18729,9456,16080,5236,0
07/01/2011,2435,10870,4873,33772,28047,9010,3912,982,2930,4794,82,3481,897,3178,6140,18729,9456,16080,5236,0
08/01/2011,2435,10870,4873,33772,28047,9010,3912,982,2930,4794,82,3481,897,3178,6140,18729,9456,16080,5236,0
09/01/2011,2435,10870,4873,33772,28047,9010,3912,982,2930,4794,83,3481,897,3178,6140,18729,9456,16080,5236,0
10/01/2011,2435,10870,4873,33772,28047,9010,3912,982,2930,4794,83,3481,897,3178,6140,18729,9456,16080,5236,0
11/01/2011,2435,10870,4873,33772,28047,9010,3912,982,2930,4794,83,3481,897,3178,6140,18729,9456,16080,5236,0
12/01/2011,2435,10870,4873,33772,28047,9010,3912,982,2930,4794,84,3481,897,3178,6140,18729,9456,16080,5236,0
13/01/2011,2435,10870,4873,33772,28047,9010,3912,982,2930,4794,84,3481,897,3178,6140,18729,9456,16080,5236,0
14/01/2011,2435,10870,4873,33772,28047,9010,3912,982,2930,4794,85,3481,897,3178,6140,18729,9456,16080,5236,0
15/01/2011,2435,10870,4873,33772,28047,9010,3912,982,2930,4794,85,3481,897,3178,6140,18729,9456,16080,5236,0
16/01/2011,2435,10870,4873,33772,28047,9010,3912,982,2930,4794,86,3481,897,3178,6140,18729,9456,16080,5236,0
17/01/2011,2435,10870,4873,33772,28047,9010,3912,982,2930,4794,86,3481,897,3178,6140,18729,9456,16080,5236,0
18/01/2011,2435,10870,4873,33772,28047,9010,3912,982,2930,4794,87,3481,897,3178,6140,18729,9456,16080,5236,0
19/01/2011,2435,10870,4873,33772,28047,9010,3912,982,2930,4794,87,3481,897,3178,6140,18729,9456,16080,5236,0
20/01/2011,2435,10870,4873,33772,28047,9010,3912,982,2930,4794,87,3481,897,3178,6140,18729,9456,16080,5236,0
21/01/2011,2435,10870,4873,33772,28047,9010,3912,982,2930,4794,88,3481,897,3178,6140,18729,9456,16080,5236,0
22/01/2011,2435,10870,4873,33772,28002,9010,3912,982,2930,4794,88,3481,897,3133,6140,18729,9456,16080,5236,0
23/01/2011,2435,10870,4873,33772,28002,9010,3912,982,2930,4794,89,3481,897,3133,6140,18729,9456,16080,5236,0
24/01/2011,2435,10870,4873,33772,28002,9010,3912,982,2930,4794,89,3481,897,3133,6140,18729,9456,16080,5236,0
25/01/2011,2435,10870,4873,33772,28002,9010,3912,982,2930,4794,90,3481,897,3133,6140,18729,9456,16080,5236,0
26/01/2011,2435,10870,4873,33772,28002,9010,3912,982,2930,4794,90,3481,897,3133,6140,18729,9456,16080,5236,0
27/01/2011,2435,10870,4873,33772,28002,9010,3912,982,2930,4794,91,3481,897,3133,6140,18729,9456,16080,5236,0
28/01/2011,2435,10870,4873,33772,28002,9010,3912,982,2930,4794,91,3481,897,3133,6140,18729,9456,16080,5236,0
29/01/2011,2435,10870,4873,33772,28002,9010,3912,982,2930,4794,92,3481,897,3133,6140,18729,9456,16080,5236,0
30/01/2011,2435,10870,4873,33772,28002,9010,3912,982,2930,4794,92,3481,897,3133,6140,18729,9456,16080,5236,0
31/01/2011,2435,10870,4873,33772,28002,9010,3912,982,2930,4794,92,3481,897,3133,6140,18729,9456,16080,5236,0
01/02/2011,2435,10870,4873,33772,28002,9010,3912,982,2930,4878,93,3527,897,3133,6140,18729,9456,16080,5236,0
02/02/2011,2435,10870,4873,33772,28002,9010,3912,982,2930,4878,94,3527,897,3133,6140,18729,9456,16080,5236,0
03/02/2011,2435,10870,4873,33772,28002,9010,3912,982,2930,4878,94,3527,897,3133,6140,18729,9456,16080,5236,0
04/02/2011,2435,10870,4873,33772,28002,9010,3912,982,2930,4878,95,3527,897,3133,6140,18729,9456,16080,5236,0
05/02/2011,2435,10870,4873,33772,28002,9010,3912,982,2930,4878,96,3527,897,3133,6140,18729,9456,16080,5236,0
06/02/2011,2435,10870,4873,33772,28002,9010,3912,982,2930,4878,97,3527,897,3133,6140,18729,9456,16080,5236,0
07/02/2011,2435,10870,4873,33772,28002,9010,3912,982,2930,4878,97,3527,897,3133,6140,18729,9456,16080,5236,0
08/02/2011,2435,10870,4873,33772,28002,9010,3912,982,2930,4878,98,3527,897,3133,6140,18729,9456,16080,5236,0
09/02/2011,2435,10870,4873,33772,28002,9010,3912,982,2930,4878,99,3527,897,3133,6140,18729,9456,16080,5236,0
10/02/2011,2435,10870,4873,33772,28002,9010,3912,982,2930,4878,99,3527,897,3133,6140,18729,9456,16080,5236,0
11/02/2011,2435,10870,4873,33772,28002,9010,3912,982,2930,4878,100,3527,897,3133,6140,18729,9456,16080,5236,0
12/02/2011,2435,10870,4873,33772,28002,9010,3912,982,2930,4878,101,3527,897,3133,6140,18729,9456,16080,5236,0
13/02/2011,2435,10870,4873,33772,28002,9010,3912,982,2930,4878,102,3527,897,3133,6140,18729,9456,16080,5236,0
14/02/2011,2435,10870,4873,33772,28002,9010,3912,982,2930,4878,102,3527,897,3133,6140,18729,9456,16080,5236,0
15/02/2011,2435,10870,4873,33772,28002,9010,3912,982,2930,4878,103,3527,897,3133,6140,18729,9456,16080,5236,0
16/02/2011,2435,10930,4873,32845,28002,9010,3912,982,2930,4878,104,3527,897,3133,6140,18729,8529,16080,5236,0
17/02/2011,2435,10930,4873,32845,28002,9010,3912,982,2930,4878,105,3527,897,3133,6140,18729,8529,16080,5236,0
18/02/2011,2435,10930,4873,32845,28002,9010,3912,982,2930,4878,105,3527,897,3133,6140,18729,8529,16080,5236,0
19/02/2011,2435,10930,4873,32845,28002,9010,3912,982,2930,4878,106,3527,897,3133,6140,18729,8529,16080,5236,0
20/02/2011,2435,10930,4873,32845,28002,9010,3912,982,2930,4878,107,3527,897,3133,6140,18729,8529,16080,5236,0
21/02/2011,2435,10930,4873,32845,28002,9010,3912,982,2930,4878,107,3527,897,3133,6140,18729,8529,16080,5236,0
22/02/2011,2435,10930,4873,32845,28002,9010,3912,982,2930,4878,108,3527,897,3133,6140,18729,8529,16080,5236,0
23/02/2011,2435,10930,4873,32845,28002,9010,3912,982,2930,4878,109,3527,897,3133,6140,18729,8529,16080,5236,0
24/02/2011,2435,10930,4873,32845,28002,9010,3912,982,2930,4878,110,3527,897,3133,6140,18729,8529,16080,5236,0
25/02/2011,2435,10930,4873,32845,28002,9010,3912,982,2930,4878,110,3527,897,3133,6140,18729,8529,16080,5236,0
26/02/2011,2435,10930,4873,32845,28002,9010,3912,982,2930,4878,111,3527,897,3133,6140,18729,8529,16080,5236,0
27/02/2011,2435,10930,4873,32845,28002,9010,3912,982,2930,4878,112,3527,897,3133,6140,18729,8529,16080,5236,0
28/02/2011,2435,10930,4873,32845,28002,9010,3912,982,2930,4878,112,3527,897,3133,6140,18729,8529,16080,5236,0
01/03/2011,2435,10950,4873,33320,27968,9010,3912,982,2930,4978,113,3580,897,3133,6140,18695,8529,16080,5236,475
02/03/2011,2435,10950,4873,33320,27968,9010,3912,982,2930,4978,114,3580,897,3133,6140,18695,8529,16080,5236,475
03/03/2011,2435,10950,4873,33320,27968,9010,3912,982,2930,4978,114,3580,897,3133,6140,18695,8529,16080,5236,475
04/03/2011,2435,10950,4873,33320,27968,9010,3912,982,2930,4978,115,3580,1102,3133,6140,18695,8529,16080,5236,475
05/03/2011,2435,10950,4873,33320,27968,9010,3912,982,2930,4978,116,3580,1102,3133,6140,18695,8529,16080,5236,475
06/03/2011,2435,10950,4873,33320,27968,9010,3912,982,2930,4978,116,3580,1102,3133,6140,18695,8529,16080,5236,475
07/03/2011,2435,10950,4873,33320,27968,9010,3912,982,2930,4978,117,3580,1102,3133,6140,18695,8529,16080,5236,475
08/03/2011,2435,10950,4873,33795,27968,9010,3912,982,2930,4978,117,3580,1102,3133,6140,18695,8529,16080,5236,950
09/03/2011,2435,10950,4873,33795,27968,9010,3912,982,2930,4978,118,3580,1102,3133,6140,18695,8529,16080,5236,950
10/03/2011,2435,10950,4873,33795,27968,9010,3912,982,2930,4978,119,3580,1102,3133,6140,18695,8529,16080,5236,950
11/03/2011,2435,10950,4873,33675,27968,9010,3912,982,2930,4978,119,3580,1102,3133,6140,18695,8529,15960,5236,950
12/03/2011,2435,10950,4873,33675,27968,9010,3912,982,2930,4978,120,3580,1102,3133,6140,18695,8529,15960,5236,950
13/03/2011,2435,10950,4873,33675,27968,9010,3912,982,2930,4978,120,3580,1102,3133,6140,18695,8529,15960,5236,950
14/03/2011,2435,10950,4873,33675,27968,9010,3912,982,2930,4978,121,3580,1102,3133,6140,18695,8529,15960,5236,950
15/03/2011,2435,10950,4873,33675,27968,9010,3912,982,2930,4978,122,3580,1102,3133,6140,18695,8529,15960,5236,950
16/03/2011,2435,10950,4873,33675,27968,9010,3912,982,2930,4978,122,3580,1102,3133,6140,18695,8529,15960,5236,950
17/03/2011,2435,10950,4873,33675,27968,9010,3912,982,2930,4978,123,3580,1102,3133,6140,18695,8529,15960,5236,950
18/03/2011,2435,10950,4873,33675,27968,9010,3912,982,2930,4978,123,3580,1102,3133,6140,18695,8529,15960,5236,950
19/03/2011,3470,10950,4873,33675,27968,9010,3912,982,2930,4978,124,3580,1102,3133,6140,18695,8529,15960,5236,950
20/03/2011,3470,10950,4873,33675,27968,9010,3912,982,2930,4978,125,3580,1102,3133,6140,18695,8529,15960,5236,950
21/03/2011,3470,10950,4873,33675,27968,9010,3912,982,2930,4978,125,3580,1102,3133,6140,18695,8529,15960,5236,950
22/03/2011,3470,10950,4873,33675,27968,9010,3912,982,2930,4978,126,3580,1102,3133,6140,18695,8529,15960,5236,950
23/03/2011,3470,10950,4873,33675,27987,9010,3912,982,2930,4978,126,3580,1102,3133,6140,18714,8529,15960,5236,950
24/03/2011,3470,10950,4873,33675,27987,9010,3912,982,2930,4978,127,3580,1102,3133,6140,18714,8529,15960,5236,950
25/03/2011,3470,10950,4873,33675,27987,9010,3912,982,2930,4978,128,3580,1102,3133,6140,18714,8529,15960,5236,950
26/03/2011,3470,10950,4873,33675,27987,9010,3912,982,2930,4978,128,3580,1102,3133,6140,18714,8529,15960,5236,950
27/03/2011,3470,10950,4873,33675,27987,9010,3912,982,2930,4978,129,3580,1102,3133,6140,18714,8529,15960,5236,950
28/03/2011,3470,10950,4873,33675,27987,9010,3912,982,2930,4978,129,3580,1102,3133,6140,18714,8529,15960,5236,950
29/03/2011,3470,10950,4873,33675,27987,9010,3912,982,2930,4978,130,3580,1102,3133,6140,18714,8529,15960,5236,950
30/03/2011,3470,10950,4873,33675,27987,9010,3912,982,2930,4978,130,3580,1102,3133,6140,18714,8529,15960,5236,950
31/03/2011,3470,10950,4873,33088,27987,9010,3912,982,2930,4978,131,3580,1102,3133,6140,18714,7942,15960,5236,950
01/04/2011,3470,10950,4873,33088,27987,9010,3912,982,2930,5197,132,3710,1102,3133,6140,18714,7942,15960,5236,950
02/04/2011,3470,10950,4873,33088,27987,9010,3912,982,2930,5197,132,3710,1102,3133,6140,18714,7942,15960,5236,950
03/04/2011,3470,10950,4873,33088,27987,9010,3912,982,2930,5197,133,3710,1102,3133,6140,18714,7942,15960,5236,950
04/04/2011,3470,10950,4873,33088,27987,9010,3912,982,2930,5197,134,3710,1102,3133,6140,18714,7942,15960,5236,950
05/04/2011,3470,10950,4873,33088,27987,9010,3912,982,2930,5197,135,3710,1102,3133,6140,18714,7942,15960,5236,950
06/04/2011,3470,10950,4873,33088,27987,9010,3912,982,2930,5197,135,3710,1102,3133,6140,18714,7942,15960,5236,950
07/04/2011,3470,10950,4873,33088,27987,9010,3912,982,2930,5197,136,3710,1102,3133,6140,18714,7942,15960,5236,950
08/04/2011,3470,10950,4873,33088,27987,9010,3912,982,2930,5197,137,3710,1102,3133,6140,18714,7942,15960,5236,950
09/04/2011,3470,10950,4873,33088,27987,9010,3912,982,2930,5197,138,3710,1102,3133,6140,18714,7942,15960,5236,950
10/04/2011,3470,10950,4873,33088,27987,9010,3912,982,2930,5197,138,3710,1102,3133,6140,18714,7942,15960,5236,950
11/04/2011,3470,10950,4873,33088,27987,9010,3912,982,2930,5197,139,3710,1102,3133,6140,18714,7942,15960,5236,950
12/04/2011,3470,10950,4873,33088,27987,9010,3912,982,2930,5197,140,3710,1102,3133,6140,18714,7942,15960,5236,950
13/04/2011,3470,10950,4873,33088,27987,9010,3912,982,2930,5197,141,3710,1102,3133,6140,18714,7942,15960,5236,950
14/04/2011,3470,10950,4873,33088,27987,9010,3912,982,2930,5197,141,3710,1102,3133,6140,18714,7942,15960,5236,950
15/04/2011,3470,10950,4873,33088,27987,9010,3912,982,2930,5197,142,3710,1102,3133,6140,18714,7942,15960,5236,950
16/04/2011,3470,10950,4873,33088,27987,9010,3912,982,2930,5197,143,3710,1102,3133,6140,18714,7942,15960,5236,950
17/04/2011,3470,10950,4873,33088,27987,9010,3912,982,2930,5197,144,3710,1102,3133,6140,18714,7942,15960,5236,950
18/04/2011,3470,10950,4873,33088,27987,9010,3912,982,2930,5197,145,3710,1102,3133,6140,18714,7942,15960,5236,950
19/04/2011,3470,10950,4873,33088,27987,9010,3912,982,2930,5197,145,3710,1102,3133,6140,18714,7942,15960,5236,950
20/04/2011,3470,10950,4873,33088,27987,9010,3912,982,2930,5197,146,3710,1102,3133,6140,18714,7942,15960,5236,950
21/04/2011,3470,10950,4873,33088,27987,9010,3912,982,2930,5197,147,3710,1102,3133,6140,18714,7942,15960,5236,950
22/04/2011,3470,10950,4873,33088,27987,9010,3912,982,2930,5197,148,3710,1102,3133,6140,18714,7942,15960,5236,950
23/04/2011,3470,10950,4873,33088,27987,9010,3912,982,2930,5197,148,3710,1102,3133,6140,18714,7942,15960,5236,950
24/04/2011,3470,10950,4873,33088,27987,9010,3912,982,2930,5197,149,3710,1102,3133,6140,18714,7942,15960,5236,950
25/04/2011,3470,10950,4873,33088,27987,9010,3912,982,2930,5197,150,3710,1102,3133,6140,18714,7942,15960,5236,950
26/04/2011,3470,10950,4873,33088,27987,9010,3912,982,2930,5197,151,3710,1102,3133,6140,18714,7942,15960,5236,950
27/04/2011,3470,10950,4873,33088,27987,9010,3912,982,2930,5197,151,3710,1102,3133,6140,18714,7942,15960,5236,950
28/04/2011,3470,10950,4873,33088,27987,9010,3912,982,2930,5197,152,3710,1102,3133,6140,18714,7942,15960,5236,950
29/04/2011,3470,10950,4873,33088,27987,9010,3912,982,2930,5197,153,3710,1102,3133,6140,18714,7942,15960,5236,950
30/04/2011,3470,10950,4873,33088,27987,9010,3912,982,2930,5197,154,3710,1102,3133,6140,18714,7942,15960,5236,950
01/05/2011,3470,10950,4873,33088,27987,9010,3912,982,2930,5389,154,3840,1102,3133,6140,18714,7942,15960,5236,950
02/05/2011,3470,10950,4873,33088,27987,9010,3912,982,2930,5389,155,3840,1102,3133,6140,18714,7942,15960,5236,950
03/05/2011,3470,10950,4873,33088,27987,9010,3912,982,2930,5389,157,3840,1102,3133,6140,18714,7942,15960,5236,950
04/05/2011,3470,10950,4873,33563,27987,9010,3912,982,2930,5389,158,3840,1102,3133,6140,18714,7942,15960,5236,1425
05/05/2011,3470,10950,4873,33563,27987,9010,3912,982,2930,5389,159,3840,1102,3133,6140,18714,7942,15960,5236,1425
06/05/2011,3470,10950,4873,33563,27987,9010,3912,982,2930,5389,160,3840,1102,3133,6140,18714,7942,15960,5236,1425
07/05/2011,3470,10950,4873,33563,27987,9010,3912,982,2930,5389,161,3840,1102,3133,6140,18714,7942,15960,5236,1425
08/05/2011,3470,10950,4873,33563,27987,9010,3912,982,2930,5389,162,3840,1102,3133,6140,18714,7942,15960,5236,1425
09/05/2011,3470,10950,4873,33563,27987,9010,3912,982,2930,5389,163,3840,1102,3133,6140,18714,7942,15960,5236,1425
10/05/2011,3470,10950,4873,33563,27987,9010,3912,982,2930,5389,164,3840,1102,3133,6140,18714,7942,15960,5236,1425
11/05/2011,3470,10950,4873,33563,27987,9010,3912,982,2930,5389,165,3840,1102,3133,6140,18714,7942,15960,5236,1425
12/05/2011,3470,10950,4873,33563,27987,9010,3912,982,2930,5389,166,3840,1102,3133,6140,18714,7942,15960,5236,1425
13/05/2011,3470,10950,4873,33563,27987,9010,3912,982,2930,5389,168,3840,1102,3133,6140,18714,7942,15960,5236,1425
14/05/2011,3470,10950,4873,33563,27987,9010,3912,982,2930,5389,169,3840,1102,3133,6140,18714,7942,15960,5236,1425
15/05/2011,3470,10950,4873,33563,27987,9010,3912,982,2930,5389,170,3840,1102,3133,6140,18714,7942,15960,5236,1425
16/05/2011,3470,10950,4873,33563,27987,9010,3912,982,2930,5389,171,3840,1102,3133,6140,18714,7942,15960,5236,1425
17/05/2011,3470,10950,4873,33563,27987,9010,3912,982,2930,5389,172,3840,1102,3133,6140,18714,7942,15960,5236,1425
18/05/2011,3470,10950,4873,33563,27987,9010,3912,982,2930,5389,173,3840,1102,3133,6140,18714,7942,15960,5236,1425
19/05/2011,3470,10950,4873,33563,27987,9010,3912,982,2930,5389,174,3840,1102,3133,6140,18714,7942,15960,5236,1425
20/05/2011,3470,10950,4873,33563,27987,9010,3912,982,2930,5389,175,3840,1102,3133,6140,18714,7942,15960,5236,1425
21/05/2011,3470,10950,4873,33563,27987,9010,3912,982,2930,5389,176,3840,1102,3133,6140,18714,7942,15960,5236,1425
22/05/2011,3470,10950,4873,33563,27987,9010,3912,982,2930,5389,178,3840,1102,3133,6140,18714,7942,15960,5236,1425
23/05/2011,3470,10950,4873,33563,27987,9010,3912,982,2930,5389,179,3840,1102,3133,6140,18714,7942,15960,5236,1425
24/05/2011,3470,10950,4873,33563,27987,9010,3912,982,2930,5389,180,3840,1102,3133,6140,18714,7942,15960,5236,1425
25/05/2011,3470,10950,4873,33563,27987,9010,3912,982,2930,5389,181,3840,1102,3133,6140,18714,7942,15960,5236,1425
26/05/2011,3470,10950,4873,33563,27987,9010,3912,982,2930,5389,182,3840,1102,3133,6140,18714,7942,15960,5236,1425
27/05/2011,3470,10950,4873,33563,27987,9010,3912,982,2930,5389,183,3840,1102,3133,6140,18714,7942,15960,5236,1425
28/05/2011,3470,10950,4873,33563,27987,9010,3912,982,2930,5389,184,3840,1102,3133,6140,18714,7942,15960,5236,1425
29/05/2011,3470,10950,4873,33563,27987,9010,3912,982,2930,5389,185,3840,1102,3133,6140,18714,7942,15960,5236,1425
30/05/2011,3470,10950,4873,33563,27987,9010,3912,982,2930,5389,186,3840,1102,3133,6140,18714,7942,15960,5236,1425
31/05/2011,3470,10950,4873,33563,27987,9010,3912,982,2930,5389,188,3840,1102,3133,6140,18714,7942,15960,5236,1425
01/06/2011,3470,10950,4873,34038,27968,9010,3912,982,2930,5556,189,3961,1102,3133,6140,18695,7942,15960,5236,1900
02/06/2011,3470,10950,4873,34038,27968,9010,3912,982,2930,5556,197,3961,1102,3133,6140,18695,7942,15960,5236,1900
03/06/2011,3470,10950,4873,34038,27968,9010,3912,982,2930,5556,206,3961,1102,3133,6140,18695,7942,15960,5236,1900
04/06/2011,3470,10950,4873,34038,27968,9010,3912,982,2930,5556,215,3961,1102,3133,6140,18695,7942,15960,5236,1900
05/06/2011,3470,10950,4873,34038,27968,9010,3912,982,2930,5556,224,3961,1102,3133,6140,18695,7942,15960,5236,1900
06/06/2011,3470,10950,4873,34038,27968,9010,3912,982,2930,5556,233,3961,1102,3133,6140,18695,7942,15960,5236,1900
07/06/2011,3470,10950,4873,34038,27968,9010,3912,982,2930,5556,241,3961,1102,3133,6140,18695,7942,15960,5236,1900
08/06/2011,3470,10950,4873,34038,27968,9010,3912,982,2930,5556,250,3961,1102,3133,6140,18695,7942,15960,5236,1900
09/06/2011,3470,10950,4873,34038,27968,8781,3912,982,2930,5556,259,3961,1102,3133,6140,18695,7942,15960,5236,1900
10/06/2011,3470,10950,4873,34038,27968,8781,3912,982,2930,5556,268,3961,1102,3133,6140,18695,7942,15960,5236,1900
11/06/2011,3470,10950,4873,34038,27968,8781,3912,982,2930,5556,277,3961,1102,3133,6140,18695,7942,15960,5236,1900
12/06/2011,3470,10950,4873,34038,27968,8781,3912,982,2930,5556,285,3961,1102,3133,6140,18695,7942,15960,5236,1900
13/06/2011,3470,10950,4873,34038,27968,8781,3912,982,2930,5556,294,3961,1102,3133,6140,18695,7942,15960,5236,1900
14/06/2011,3470,10950,4873,34038,27968,8781,3912,982,2930,5556,303,3961,1102,3133,6140,18695,7942,15960,5236,1900
15/06/2011,3470,10950,4873,34038,27968,8781,3912,982,2930,5556,312,3961,1102,3133,6140,18695,7942,15960,5236,1900
16/06/2011,3470,10950,4873,34038,27968,8781,3912,982,2930,5556,321,3961,1102,3133,6140,18695,7942,15960,5236,1900
17/06/2011,3470,10950,4873,34508,27968,8781,3912,982,2930,5556,329,3961,1102,3133,6140,18695,8412,15960,5236,1900
18/06/2011,3470,10950,4873,34508,27968,8781,3912,982,2930,5556,338,3961,1102,3133,6140,18695,8412,15960,5236,1900
19/06/2011,3470,10950,4873,34508,27968,8781,3912,982,2930,5556,347,3961,1102,3133,6140,18695,8412,15960,5236,1900
20/06/2011,3470,10950,4873,34508,27968,8781,3912,982,2930,5556,356,3961,1152,3133,6140,18695,8412,15960,5236,1900
21/06/2011,3470,10950,4873,34508,27968,8781,3912,982,2930,5556,365,3961,1152,3133,6140,18695,8412,15960,5236,1900
22/06/2011,3470,10950,4873,34508,27968,8781,3912,982,2930,5556,373,3961,1152,3133,6140,18695,8412,15960,5236,1900
23/06/2011,3470,10950,4873,34508,27968,8781,3912,982,2930,5556,382,3961,1300,3133,6140,18695,8412,15960,5236,1900
24/06/2011,3470,10950,4873,34508,27968,8781,3912,982,2930,5556,391,3961,1300,3133,6140,18695,8412,15960,5236,1900
25/06/2011,3470,10950,4873,34508,27968,8781,3912,982,2930,5556,400,3961,1300,3133,6140,18695,8412,15960,5236,1900
26/06/2011,3470,10950,4873,34508,27968,8781,3912,982,2930,5556,409,3961,1300,3133,6140,18695,8412,15960,5236,1900
27/06/2011,3470,10950,4873,34508,27968,8781,3912,982,2930,5556,417,3961,1300,3133,6140,18695,8412,15960,5236,1900
28/06/2011,3470,10950,4873,34508,27968,8781,3912,982,2930,5556,426,3961,1300,3133,6140,18695,8412,15960,5236,1900
29/06/2011,3470,10950,4873,34983,27981,8781,3912,982,2930,5556,435,3961,1300,3133,6140,18708,8412,15960,5236,2375
30/06/2011,3470,10950,4873,34983,27981,8781,3912,982,2930,5556,444,3961,1300,3133,6140,18708,8412,15960,5236,2375
01/07/2011,3470,10950,4873,34983,27981,8781,3912,982,2930,5697,453,4067,1300,3133,6140,18708,8412,15960,5236,2375
02/07/2011,3470,10950,4873,34983,27981,8781,3912,982,2930,5697,454,4067,1300,3133,6140,18708,8412,15960,5236,2375
03/07/2011,3470,10950,4873,34983,27981,8781,3912,982,2930,5697,456,4067,1300,3133,6140,18708,8412,15960,5236,2375
04/07/2011,3470,10950,4873,34983,27981,8781,3912,982,2930,5697,457,4067,1300,3133,6140,18708,8412,15960,5236,2375
05/07/2011,3470,10950,4873,34983,27981,8781,3912,982,2930,5697,459,4067,1300,3133,6140,18708,8412,15960,5236,2375
06/07/2011,3470,10950,4873,34983,27981,8781,3912,982,2930,5697,460,4067,1300,3133,6140,18708,8412,15960,5236,2375
07/07/2011,3470,10950,4873,34983,27981,8781,3912,982,2930,5697,461,4067,1300,3133,6140,18708,8412,15960,5236,2375
08/07/2011,3470,10950,4873,34983,27981,8781,3912,982,2930,5697,463,4067,1300,3133,6140,18708,8412,15960,5236,2375
09/07/2011,3470,10950,4873,34983,27981,8781,3912,982,2930,5697,464,4067,1300,3133,6140,18708,8412,15960,5236,2375
10/07/2011,3470,10950,4873,34983,27981,8781,3912,982,2930,5697,466,4067,1300,3133,6140,18708,8412,15960,5236,2375
11/07/2011,3470,10950,4873,34983,27981,8781,3912,982,2930,5697,467,4067,1300,3133,6140,18708,8412,15960,5236,2375
12/07/2011,3470,10950,4873,34983,27981,8781,3912,982,2930,5697,469,4067,1300,3133,6140,18708,8412,15960,5236,2375
13/07/2011,3470,10950,4873,34983,27981,8781,3912,982,2930,5697,470,4067,1300,3133,6140,18708,8412,15960,5236,2375
14/07/2011,3470,10950,4873,34983,27981,8781,3912,982,2930,5697,472,4067,1300,3133,6140,18708,8412,15960,5236,2375
15/07/2011,3470,10950,4873,34983,27981,8781,3912,982,2930,5697,473,4067,1300,3133,6140,18708,8412,15960,5236,2375
16/07/2011,3470,10950,4873,34983,27981,8781,3912,982,2930,5697,475,4067,1300,3133,6140,18708,8412,15960,5236,2375
17/07/2011,3470,10950,4873,34983,27981,8781,3912,982,2930,5697,476,4067,1300,3133,6140,18708,8412,15960,5236,2375
18/07/2011,3470,10950,4873,34983,27981,8781,3912,982,2930,5697,478,4067,1300,3133,6140,18708,8412,15960,5236,2375
19/07/2011,3470,10950,4873,34983,27981,8781,3912,982,2930,5697,479,4067,1300,3133,6140,18708,8412,15960,5236,2375
20/07/2011,3470,10950,4873,34983,27981,8781,3912,982,2930,5697,480,4067,1300,3133,6140,18708,8412,15960,5236,2375
21/07/2011,3470,10950,4873,34983,27981,8781,3912,982,2930,5697,482,4067,1300,3133,6140,18708,8412,15960,5236,2375
22/07/2011,3470,10950,4873,34983,27981,8781,3912,982,2930,5697,483,4067,1300,3133,6140,18708,8412,15960,5236,2375
23/07/2011,3470,10950,4873,34983,27981,8781,3912,982,2930,5697,485,4067,1300,3133,6140,18708,8412,15960,5236,2375
24/07/2011,3470,10950,4873,34983,27981,8781,3912,982,2930,5697,486,4067,1300,3133,6140,18708,8412,15960,5236,2375
25/07/2011,3470,10950,4873,34983,27981,8781,3912,982,2930,5697,488,4067,1300,3133,6140,18708,8412,15960,5236,2375
26/07/2011,3470,10950,4873,34983,27981,8781,3912,982,2930,5697,489,4067,1300,3133,6140,18708,8412,15960,5236,2375
27/07/2011,3470,10950,4873,34983,27981,8781,3912,982,2930,5697,491,4067,1458,3133,6140,18708,8412,15960,5236,2375
28/07/2011,3470,10950,4873,34983,27981,8781,3912,982,2930,5697,492,4067,1458,3133,6140,18708,8412,15960,5236,2375
29/07/2011,3470,10950,4873,34983,27981,8781,3912,982,2930,5697,494,4067,1458,3133,6140,18708,8412,15960,5236,2375
30/07/2011,3470,10950,4873,34983,27981,8781,3912,982,2930,5697,495,4067,1458,3133,6140,18708,8412,15960,5236,2375
31/07/2011,3470,10950,4873,34983,27981,8781,3912,982,2930,5697,497,4067,1458,3133,6140,18708,8412,15960,5236,2375
01/08/2011,3470,10950,4873,34983,27981,8781,3912,982,2930,5801,498,4143,1458,3133,6140,18708,8412,15960,5236,2375
02/08/2011,3470,10950,4873,34983,27981,8781,3912,982,2930,5801,501,4143,1458,3133,6140,18708,8412,15960,5236,2375
03/08/2011,3470,10950,4873,34983,27981,8781,3912,982,2930,5801,504,4143,1458,3133,6140,18708,8412,15960,5236,2375
04/08/2011,3470,10950,4873,34983,27981,8781,3912,982,2930,5801,507,4143,1458,3133,6140,18708,8412,15960,5236,2375
05/08/2011,3470,10950,4873,34983,27981,8781,3912,982,2930,5801,511,4143,1458,3133,6140,18708,8412,15960,5236,2375
06/08/2011,3470,10950,4873,34983,27981,8781,3912,982,2930,5801,514,4143,1458,3133,6140,18708,8412,15960,5236,2375
07/08/2011,3470,10950,4873,34983,27981,8781,3912,982,2930,5801,517,4143,1458,3133,6140,18708,8412,15960,5236,2375
08/08/2011,3470,10950,4873,34983,27981,8781,3912,982,2930,5801,520,4143,1458,3133,6140,18708,8412,15960,5236,2375
09/08/2011,3470,10950,4873,34983,27981,8781,3912,982,2930,5801,523,4143,1458,3133,6140,18708,8412,15960,5236,2375
10/08/2011,3470,10950,4873,34983,27981,8781,3912,982,2930,5801,526,4143,1458,3133,6140,18708,8412,15960,5236,2375
11/08/2011,3470,10950,4873,34983,27981,8781,3912,982,2930,5801,530,4143,1458,3133,6140,18708,8412,15960,5236,2375
12/08/2011,3470,10950,4873,34983,27981,8781,3912,982,2930,5801,533,4143,1458,3133,6140,18708,8412,15960,5236,2375
13/08/2011,3470,10950,4873,34983,27981,8781,3912,982,2930,5801,536,4143,1458,3133,6140,18708,8412,15960,5236,2375
14/08/2011,3470,10950,4873,34983,27981,8781,3912,982,2930,5801,539,4143,1458,3133,6140,18708,8412,15960,5236,2375
15/08/2011,3470,10950,4873,34983,27981,8781,3912,982,2930,5801,542,4143,1458,3133,6140,18708,8412,15960,5236,2375
16/08/2011,3470,10950,4873,34983,27981,8781,3912,982,2930,5801,545,4143,1617,3133,6140,18708,8412,15960,5236,2375
17/08/2011,3470,10950,4873,34983,27981,8781,3912,982,2930,5801,549,4143,1617,3133,6140,18708,8412,15960,5236,2375
18/08/2011,3470,10950,4873,34983,27981,8781,3912,982,2930,5801,552,4143,1617,3133,6140,18708,8412,15960,5236,2375
19/08/2011,3470,10950,4873,34983,27981,8781,3912,982,2930,5801,555,4143,1617,3133,6140,18708,8412,15960,5236,2375
20/08/2011,3470,10950,4873,34983,27981,8781,3912,982,2930,5801,558,4143,1617,3133,6140,18708,8412,15960,5236,2375
21/08/2011,3470,10950,4873,34983,27981,8781,3912,982,2930,5801,561,4143,1617,3133,6140,18708,8412,15960,5236,2375
22/08/2011,3470,10950,4873,34983,27981,8781,3912,982,2930,5801,564,4143,1767,3133,6140,18708,8412,15960,5236,2375
23/08/2011,3470,10950,4873,34983,27981,8781,3912,982,2930,5801,568,4143,1767,3133,6140,18708,8412,15960,5236,2375
24/08/2011,3470,10950,4873,34983,27981,8781,3912,982,2930,5801,571,4143,1767,3133,6140,18708,8412,15960,5236,2375
25/08/2011,3470,10950,4873,34983,27981,8781,3912,982,2930,5801,574,4143,1767,3133,6140,18708,8412,15960,5236,2375
26/08/2011,3470,10950,4873,34983,27981,8781,3912,982,2930,5801,577,4143,1767,3133,6140,18708,8412,15960,5236,2375
27/08/2011,3470,10950,4873,34983,27981,8781,3912,982,2930,5801,580,4143,1767,3133,6140,18708,8412,15960,5236,2375
28/08/2011,3470,10950,4873,34983,27981,8781,3912,982,2930,5801,583,4143,1767,3133,6140,18708,8412,15960,5236,2375
29/08/2011,3470,10950,4873,34983,27981,8781,3912,982,2930,5801,587,4143,1767,3133,6140,18708,8412,15960,5236,2375
30/08/2011,3470,10950,4873,34983,27981,8781,3912,982,2930,5801,590,4143,1767,3133,6140,18708,8412,15960,5236,2375
31/08/2011,3470,10950,4873,34983,27981,8781,3912,982,2930,5801,593,4143,1767,3133,6140,18708,8412,15960,5236,2375
01/09/2011,3470,10950,4873,34983,27968,8781,3912,982,2930,5900,596,4209,1767,3133,6140,18695,8412,15960,5236,2375
02/09/2011,3470,10950,4873,34983,27968,8781,3912,982,2930,5900,600,4209,1767,3133,6140,18695,8412,15960,5236,2375
03/09/2011,3470,10950,4873,34983,27968,8781,3912,982,2930,5900,604,4209,1767,3133,6140,18695,8412,15960,5236,2375
04/09/2011,3470,10950,4873,34983,27968,8781,3912,982,2930,5900,608,4209,1767,3133,6140,18695,8412,15960,5236,2375
05/09/2011,3470,10950,4873,34983,27968,8781,3912,982,2930,5900,612,4209,1767,3133,6140,18695,8412,15960,5236,2375
06/09/2011,3470,10950,4873,34983,27968,8781,3912,982,2930,5900,616,4209,1767,3133,6140,18695,8412,15960,5236,2375
07/09/2011,3470,10950,4873,34983,27968,8781,3912,982,2930,5900,620,4209,1767,3133,6140,18695,8412,15960,5236,2375
08/09/2011,3470,10950,4873,34983,27968,8781,3912,982,2930,5900,624,4209,1767,3133,6140,18695,8412,15960,5236,2375
09/09/2011,3470,10950,4873,34983,27968,8781,3912,982,2930,5900,628,4209,1767,3133,6140,18695,8412,15960,5236,2375
10/09/2011,3470,10950,4873,34983,27968,8781,3912,982,2930,5900,632,4209,1767,3133,6140,18695,8412,15960,5236,2375
11/09/2011,3470,10950,4873,34983,27968,8781,3912,982,2930,5900,636,4209,1767,3133,6140,18695,8412,15960,5236,2375
12/09/2011,3470,10950,4873,34983,27968,8781,3912,982,2930,5900,640,4209,1767,3133,6140,18695,8412,15960,5236,2375
13/09/2011,3470,10950,4873,34983,27968,8781,3912,982,2930,5900,644,4209,1767,3133,6140,18695,8412,15960,5236,2375
14/09/2011,3470,10950,4873,34983,27968,8781,3912,982,2930,5900,648,4209,1767,3133,6140,18695,8412,15960,5236,2375
15/09/2011,3470,10950,4873,34983,27968,8781,3912,982,2930,5900,652,4209,1767,3133,6140,18695,8412,15960,5236,2375
16/09/2011,3470,10950,4873,34983,27968,8781,3912,982,2930,5900,656,4209,1767,3133,6140,18695,8412,15960,5236,2375
17/09/2011,3470,10950,4873,34983,27968,8781,3912,982,2930,5900,660,4209,1767,3133,6140,18695,8412,15960,5236,2375
18/09/2011,3470,10950,4873,34983,27968,8781,3912,982,2930,5900,664,4209,1767,3133,6140,18695,8412,15960,5236,2375
19/09/2011,3470,10950,4873,34983,27968,8781,3912,982,2930,5900,668,4209,1767,3133,6140,18695,8412,15960,5236,2375
20/09/2011,3470,10950,4873,34983,27968,8781,3912,982,2930,5900,672,4209,1767,3133,6140,18695,8412,15960,5236,2375
21/09/2011,3470,10950,4873,34983,27968,8781,3912,982,2930,5900,676,4209,1767,3133,6140,18695,8412,15960,5236,2375
22/09/2011,3470,10950,4873,34983,27968,8781,3912,982,2930,5900,680,4209,1767,3133,6140,18695,8412,15960,5236,2375
23/09/2011,3470,10950,4873,34983,27968,8781,3912,982,2930,5900,684,4209,1767,3133,6140,18695,8412,15960,5236,2375
24/09/2011,3470,10950,4873,34983,27968,8781,3912,982,2930,5900,688,4209,1767,3133,6140,18695,8412,15960,5236,2375
25/09/2011,3470,10950,4873,34983,27968,8781,3912,982,2930,5900,692,4209,1767,3133,6140,18695,8412,15960,5236,2375
26/09/2011,3470,10950,4873,34983,27968,8781,3912,982,2930,5900,696,4209,1767,3133,6140,18695,8412,15960,5236,2375
27/09/2011,3470,10950,4873,34983,27968,8781,3912,982,2930,5900,700,4209,1767,3133,6140,18695,8412,15960,5236,2375
28/09/2011,3470,10950,4873,34983,27968,8781,3912,982,2930,5900,704,4209,1857,3133,6140,18695,8412,15960,5236,2375
29/09/2011,3470,10950,4873,34983,27968,8781,3912,982,2930,5900,708,4209,1857,3133,6140,18695,8412,15960,5236,2375
30/09/2011,3470,10980,4873,34983,27968,8781,3912,982,2930,5900,712,4209,1857,3133,6140,18695,8412,15960,5236,2375
01/10/2011,3470,10980,4873,34983,27968,8781,3912,982,2930,5977,716,4251,1857,3133,6140,18695,8412,15960,5236,2375
02/10/2011,3470,10980,4873,34983,27968,8781,3912,982,2930,5977,722,4251,1857,3133,6140,18695,8412,15960,5236,2375
03/10/2011,3470,10980,4873,34983,27968,8781,3912,982,2930,5977,728,4251,1857,3133,6140,18695,8412,15960,5236,2375
04/10/2011,3470,10980,4873,34983,27968,8781,3912,982,2930,5977,734,4251,1857,3133,6140,18695,8412,15960,5236,2375
05/10/2011,3470,10980,4873,34983,27968,8781,3912,982,2930,5977,741,4251,1857,3133,6140,18695,8412,15960,5236,2375
06/10/2011,3470,10980,4873,34983,27968,8781,3912,982,2930,5977,747,4251,1857,3133,6140,18695,8412,15960,5236,2375
07/10/2011,3470,10980,4873,34983,27968,8781,3912,982,2930,5977,753,4251,1857,3133,6140,18695,8412,15960,5236,2375
08/10/2011,3470,10980,4873,34983,27968,8781,3912,982,2930,5977,759,4251,1857,3133,6140,18695,8412,15960,5236,2375
09/10/2011,3470,10980,4873,34983,27968,8781,3912,982,2930,5977,766,4251,1857,3133,6140,18695,8412,15960,5236,2375
10/10/2011,3470,10980,4873,34983,27968,8781,3912,982,2930,5977,772,4251,1857,3133,6140,18695,8412,15960,5236,2375
11/10/2011,3470,10980,4873,34983,27968,8781,3912,982,2930,5977,778,4251,1857,3133,6140,18695,8412,15960,5236,2375
12/10/2011,3470,10980,4873,34983,27968,8781,3912,982,2930,5977,784,4251,1857,3133,6140,18695,8412,15960,5236,2375
13/10/2011,3470,10980,4873,34983,27968,8781,3912,982,2930,5977,790,4251,1857,3133,6140,18695,8412,15960,5236,2375
14/10/2011,3470,10980,4873,34983,27968,8781,3912,982,2930,5977,797,4251,1857,3133,6140,18695,8412,15960,5236,2375
15/10/2011,3470,10980,4873,34983,27968,8781,3912,982,2930,5977,803,4251,2108,3133,6140,18695,8412,15960,5236,2375
16/10/2011,3470,10980,4873,34983,27968,8781,3912,982,2930,5977,809,4251,2108,3133,6140,18695,8412,15960,5236,2375
17/10/2011,3470,10980,4873,34983,27968,8781,3912,982,2930,5977,815,4251,2108,3133,6140,18695,8412,15960,5236,2375
18/10/2011,3470,10980,4873,34983,27968,8781,3912,982,2930,5977,822,4251,2108,3133,6140,18695,8412,15960,5236,2375
19/10/2011,3470,10980,4873,34983,27968,8781,3912,982,2930,5977,828,4251,2108,3133,6140,18695,8412,15960,5236,2375
20/10/2011,3470,10980,4873,34983,27968,8781,3912,982,2930,5977,834,4251,2108,3133,6140,18695,8412,15960,5236,2375
21/10/2011,3470,10980,4873,34983,27968,8781,3912,982,2930,5977,840,4251,2108,3133,6140,18695,8412,15960,5236,2375
22/10/2011,3470,10980,4873,34983,27968,8781,3912,982,2930,5977,847,4251,2108,3133,6140,18695,8412,15960,5236,2375
23/10/2011,3470,10980,4873,34983,27968,8781,3912,982,2930,5977,853,4251,2108,3133,6140,18695,8412,15960,5236,2375
24/10/2011,3470,10980,4873,34983,27968,8781,3912,982,2930,5977,859,4251,2108,3133,6140,18695,8412,15960,5236,2375
25/10/2011,3470,10980,4873,34983,27968,8781,3912,982,2930,5977,865,4251,2108,3133,6140,18695,8412,15960,5236,2375
26/10/2011,3470,10980,4873,34983,27968,8781,3912,982,2930,5977,871,4251,2108,3133,6140,18695,8412,15960,5236,2375
27/10/2011,3470,10980,4873,34983,27968,8781,3912,982,2930,5977,878,4251,2108,3133,6140,18695,8412,15960,5236,2375
28/10/2011,3470,10980,4873,34983,27968,8781,3912,982,2930,5977,884,4251,2108,3133,6140,18695,8412,15960,5236,2375
29/10/2011,3470,10980,4873,34983,27968,8781,3912,982,2930,5977,890,4251,2108,3133,6140,18695,8412,15960,5236,2375
30/10/2011,3470,10980,4873,34983,27968,8781,3912,982,2930,5977,896,4251,2108,3133,6140,18695,8412,15960,5236,2375
31/10/2011,3470,10980,4873,34983,27978,8781,3912,982,2930,5977,903,4251,2108,3133,6140,18705,8412,15960,5236,2375
01/11/2011,3470,10980,4873,34983,27978,8781,3912,982,2930,6054,909,4288,2108,3133,6140,18705,8412,15960,5236,2375
02/11/2011,3470,10980,4873,34983,27978,8781,3912,982,2930,6054,915,4288,2108,3133,6140,18705,8412,15960,5236,2375
03/11/2011,3470,10980,4873,34983,27978,8781,3912,982,2930,6054,921,4288,2108,3133,6140,18705,8412,15960,5236,2375
04/11/2011,3470,10980,4873,34983,27978,8781,3912,982,2930,6054,927,4288,2108,3133,6140,18705,8412,15960,5236,2375
05/11/2011,3470,10980,4873,34983,27978,8781,3912,982,2930,6054,933,4288,2108,3133,6140,18705,8412,15960,5236,2375
06/11/2011,3470,10980,4873,34983,27978,8781,3912,982,2930,6054,940,4288,2108,3133,6140,18705,8412,15960,5236,2375
07/11/2011,3470,10980,4873,34983,27978,8781,3912,982,2930,6054,946,4288,2108,3133,6140,18705,8412,15960,5236,2375
08/11/2011,3470,10980,4873,34983,27978,8781,3912,982,2930,6054,952,4288,2108,3133,6140,18705,8412,15960,5236,2375
09/11/2011,3470,10980,4873,34983,27978,8781,3912,982,2930,6054,958,4288,2108,3133,6140,18705,8412,15960,5236,2375
10/11/2011,3470,10980,4873,34983,27978,8781,3912,982,2930,6054,964,4288,2108,3133,6140,18705,8412,15960,5236,2375
11/11/2011,3470,10980,4873,34983,27978,8781,3912,982,2930,6054,970,4288,2108,3133,6140,18705,8412,15960,5236,2375
12/11/2011,3470,10980,4873,34983,27978,8781,3912,982,2930,6054,976,4288,2108,3133,6140,18705,8412,15960,5236,2375
13/11/2011,3470,10980,4873,34983,27978,8781,3912,982,2930,6054,982,4288,2108,3133,6140,18705,8412,15960,5236,2375
14/11/2011,3470,10980,4873,34983,27978,8781,3912,982,2930,6054,989,4288,2108,3133,6140,18705,8412,15960,5236,2375
15/11/2011,3470,10980,4873,34983,27978,8781,3912,982,2930,6054,995,4288,2108,3133,6140,18705,8412,15960,5236,2375
16/11/2011,3470,10980,4873,34983,27978,8781,3912,982,2930,6054,1001,4288,2108,3133,6140,18705,8412,15960,5236,2375
17/11/2011,3470,10980,4873,34983,27978,8781,3912,982,2930,6054,1007,4288,2108,3133,6140,18705,8412,15960,5236,2375
18/11/2011,3470,10980,4873,34983,27978,8781,3912,982,2930,6054,1013,4288,2108,3133,6140,18705,8412,15960,5236,2375
19/11/2011,3470,10980,4873,34983,27978,8781,3912,982,2930,6054,1019,4288,2108,3133,6140,18705,8412,15960,5236,2375
20/11/2011,3470,10980,4873,34983,27978,8781,3912,982,2930,6054,1025,4288,2108,3133,6140,18705,8412,15960,5236,2375
21/11/2011,3470,10980,4873,34983,27978,8781,3912,982,2930,6054,1032,4288,2108,3133,6140,18705,8412,15960,5236,2375
22/11/2011,3470,10980,4873,34983,27978,8781,3912,982,2930,6054,1038,4288,2108,3133,6140,18705,8412,15960,5236,2375
23/11/2011,3470,10980,4873,34983,27978,8781,3912,982,2930,6054,1044,4288,2108,3133,6140,18705,8412,15960,5236,2375
24/11/2011,3470,10980,4873,34983,27978,8781,3912,982,2930,6054,1050,4288,2108,3133,6140,18705,8412,15960,5236,2375
25/11/2011,3470,10980,4873,34983,27978,8781,3912,982,2930,6054,1056,4288,2108,3133,6140,18705,8412,15960,5236,2375
26/11/2011,3470,10980,4873,34983,27978,8781,3912,982,2930,6054,1062,4288,2108,3133,6140,18705,8412,15960,5236,2375
27/11/2011,3470,10980,4873,34983,27978,8781,3912,982,2930,6054,1068,4288,2108,3133,6140,18705,8412,15960,5236,2375
28/11/2011,3470,10980,4873,34983,27978,8781,3912,982,2930,6054,1075,4288,2108,3133,6140,18705,8412,15960,5236,2375
29/11/2011,3470,10980,4873,34983,27978,8781,3912,982,2930,6054,1081,4288,2108,3133,6140,18705,8412,15960,5236,2375
30/11/2011,3470,10980,4873,34983,27978,8781,3912,982,2930,6054,1087,4288,2108,3133,6140,18705,8412,15960,5236,2375
01/12/2011,3470,10980,4873,34983,27968,8781,3912,982,2930,6098,1093,4302,2108,3133,6140,18695,8412,15960,5236,2375
02/12/2011,3470,10980,4873,34983,27968,8781,3912,982,2930,6098,1094,4302,2108,3133,6140,18695,8412,15960,5236,2375
03/12/2011,3470,10980,4873,34983,27968,8781,3912,982,2930,6098,1095,4302,2108,3133,6140,18695,8412,15960,5236,2375
04/12/2011,3470,10980,4873,34983,27968,8781,3912,982,2930,6098,1096,4302,2108,3133,6140,18695,8412,15960,5236,2375
05/12/2011,3470,10980,4873,34983,27968,8781,3912,982,2930,6098,1097,4302,2108,3133,6140,18695,8412,15960,5236,2375
06/12/2011,3470,10980,4873,34983,27968,8781,3912,982,2930,6098,1098,4302,2108,3133,6140,18695,8412,15960,5236,2375
07/12/2011,3470,10990,4873,34983,27968,8781,3912,982,2930,6098,1099,4302,2108,3133,6140,18695,8412,15960,5236,2375
08/12/2011,3470,10990,4873,34983,27968,8781,3912,982,2930,6098,1100,4302,2108,3133,6140,18695,8412,15960,5236,2375
09/12/2011,3470,10995,4873,34983,27968,8781,3912,982,2930,6098,1101,4302,2108,3133,6140,18695,8412,15960,5236,2375
10/12/2011,3470,10995,4873,34983,27968,8781,3912,982,2930,6098,1102,4302,2108,3133,6140,18695,8412,15960,5236,2375
11/12/2011,3470,10995,4873,34983,27968,8781,3912,982,2930,6098,1102,4302,2108,3133,6140,18695,8412,15960,5236,2375
12/12/2011,3470,10995,4873,34983,27968,8781,3912,982,2930,6098,1103,4302,2108,3133,6140,18695,8412,15960,5236,2375
13/12/2011,3470,10995,4873,34983,27968,8781,3912,982,2930,6098,1104,4302,2108,3133,6140,18695,8412,15960,5236,2375
14/12/2011,3470,10995,4873,34983,27968,8781,3912,982,2930,6098,1105,4302,2108,3133,6140,18695,8412,15960,5236,2375
15/12/2011,3470,10995,4873,34983,27968,8781,3912,982,2930,6098,1106,4302,2108,3133,6140,18695,8412,15960,5236,2375
16/12/2011,3470,10995,4873,34983,27968,8781,3912,982,2930,6098,1107,4302,2108,3133,6140,18695,8412,15960,5236,2375
17/12/2011,3470,10995,4873,34983,27968,8781,3912,982,2930,6098,1108,4302,2108,3133,6140,18695,8412,15960,5236,2375
18/12/2011,3470,10995,4873,34983,27968,8781,3912,982,2930,6098,1109,4302,2108,3133,6140,18695,8412,15960,5236,2375
19/12/2011,3470,10995,4873,34983,27968,8781,3912,982,2930,6098,1110,4302,2108,3133,6140,18695,8412,15960,5236,2375
20/12/2011,3470,10995,4873,34983,27968,8781,3912,982,2930,6098,1111,4302,2108,3133,6140,18695,8412,15960,5236,2375
21/12/2011,3470,10995,4873,34983,27968,8781,3912,982,2930,6098,1112,4302,2108,3133,6140,18695,8412,15960,5236,2375
22/12/2011,3470,10995,4873,34983,27968,8781,3912,982,2930,6098,1113,4302,2108,3133,6140,18695,8412,15960,5236,2375
23/12/2011,3470,10995,4873,34983,27968,8781,3912,982,2930,6098,1114,4302,2108,3133,6140,18695,8412,15960,5236,2375
24/12/2011,3470,10995,4873,34983,27968,8781,3912,982,2930,6098,1115,4302,2108,3133,6140,18695,8412,15960,5236,2375
25/12/2011,3470,10995,4873,34983,27968,8781,3912,982,2930,6098,1116,4302,2108,3133,6140,18695,8412,15960,5236,2375
26/12/2011,3470,10995,4873,34983,27968,8781,3912,982,2930,6098,1117,4302,2108,3133,6140,18695,8412,15960,5236,2375
27/12/2011,3470,10995,4873,34983,27968,8781,3912,982,2930,6098,1118,4302,2108,3133,6140,18695,8412,15960,5236,2375
28/12/2011,3470,10995,4873,34983,27968,8781,3912,982,2930,6098,1119,4302,2108,3133,6140,18695,8412,15960,5236,2375
29/12/2011,3470,10995,4873,34983,27968,8781,3912,982,2930,6098,1120,4302,2108,3133,6140,18695,8412,15960,5236,2375
30/12/2011,3470,10995,4873,34983,27968,8781,3912,982,2930,6098,1120,4302,2108,3133,6140,18695,8412,15960,5236,2375
31/12/2011,3470,10995,4873,34983,27968,8781,3912,982,2930,6098,1121,4302,2108,3133,6140,18695,8412,15960,5236,2375
01/01/2012,3470,10995,4873,34983,27968,8781,3912,982,2930,6805,1058,4349,2108,3133,6140,18695,8412,15960,5236,2375
02/01/2012,3470,10995,4873,34983,27968,8781,3912,982,2930,6805,1058,4349,2108,3133,6140,18695,8412,15960,5236,2375
03/01/2012,3470,10995,4873,34983,27968,8781,3912,982,2930,6805,1058,4349,2108,3133,6140,18695,8412,15960,5236,2375
04/01/2012,3470,10995,4873,34983,27968,8781,3912,982,2930,6805,1058,4349,2108,3133,6140,18695,8412,15960,5236,2375
05/01/2012,3470,10995,4873,34983,27968,8781,3912,982,2930,6805,1058,4349,2108,3133,6140,18695,8412,15960,5236,2375
06/01/2012,3470,10995,4873,34983,27968,8781,3912,982,2930,6805,1058,4349,2108,3133,6140,18695,8412,15960,5236,2375
07/01/2012,3470,10995,4873,34983,27968,8781,3912,982,2930,6805,1058,4349,2108,3133,6140,18695,8412,15960,5236,2375
08/01/2012,3470,10995,4873,34983,27968,8781,3912,982,2930,6805,1058,4349,2108,3133,6140,18695,8412,15960,5236,2375
09/01/2012,3470,10995,4873,34983,27968,8781,3912,982,2930,6805,1058,4349,2108,3133,6140,18695,8412,15960,5236,2375
10/01/2012,3470,10995,4873,34983,27968,8781,3912,982,2930,6805,1058,4349,2108,3133,6140,18695,8412,15960,5236,2375
11/01/2012,3470,10995,4873,34983,27968,8781,3912,982,2930,6805,1058,4349,2108,3133,6140,18695,8412,15960,5236,2375
12/01/2012,3470,10995,4873,34983,27978,8781,3912,982,2930,6805,1058,4349,2108,3133,6140,18705,8412,15960,5236,2375
13/01/2012,3470,10995,4873,34983,27978,8781,3912,982,2930,6805,1058,4349,2108,3133,6140,18705,8412,15960,5236,2375
14/01/2012,3470,10995,4873,34983,27978,8781,3912,982,2930,6805,1058,4349,2108,3133,6140,18705,8412,15960,5236,2375
15/01/2012,3470,10995,4873,34983,27978,8781,3912,982,2930,6805,1058,4349,2108,3133,6140,18705,8412,15960,5236,2375
16/01/2012,3470,10995,4873,34983,27978,8781,3912,982,2930,6805,1058,4349,2108,3133,6140,18705,8412,15960,5236,2375
17/01/2012,3470,10995,4873,34983,27978,8781,3912,982,2930,6805,1058,4349,2108,3133,6140,18705,8412,15960,5236,2375
18/01/2012,3470,10995,4873,34983,27986,8781,3912,982,2930,6805,1058,4349,2108,3133,6140,18713,8412,15960,5236,2375
19/01/2012,3470,10995,4873,34983,27986,8781,3912,982,2930,6805,1058,4349,2108,3133,6140,18713,8412,15960,5236,2375
20/01/2012,3470,10995,4873,34983,27986,8781,3912,982,2930,6805,1058,4349,2108,3133,6140,18713,8412,15960,5236,2375
21/01/2012,3470,10995,4873,34983,27986,8781,3912,982,2930,6805,1058,4349,2108,3133,6140,18713,8412,15960,5236,2375
22/01/2012,3470,10995,4873,34983,27986,8781,3912,982,2930,6805,1058,4349,2108,3133,6140,18713,8412,15960,5236,2375
23/01/2012,3470,10995,4873,34983,27986,8781,3912,982,2930,6805,1058,4349,2108,3133,6140,18713,8412,15960,5236,2375
24/01/2012,3470,10995,4873,34983,27986,8781,3912,982,2930,6805,1058,4349,2108,3133,6140,18713,8412,15960,5236,2375
25/01/2012,3470,10995,4873,34983,27986,8781,3912,982,2930,6805,1058,4349,2108,3133,6140,18713,8412,15960,5236,2375
26/01/2012,3470,10995,4873,34983,27986,8781,3912,982,2930,6805,1058,4349,2108,3133,6140,18713,8412,15960,5236,2375
27/01/2012,3470,10995,4873,34983,27986,8781,3912,982,2930,6805,1058,4349,2108,3133,6140,18713,8412,15960,5236,2375
28/01/2012,3470,10995,4873,34983,27245,8781,3912,982,2930,6805,1058,4349,2108,2392,6140,18713,8412,15960,5236,2375
29/01/2012,3470,10995,4873,34983,27245,8781,3912,982,2930,6805,1058,4349,2108,2392,6140,18713,8412,15960,5236,2375
30/01/2012,3470,10995,4873,34983,27245,8781,3912,982,2930,6805,1058,4349,2108,2392,6140,18713,8412,15960,5236,2375
31/01/2012,3470,10995,4873,34983,27245,8781,3912,982,2930,6805,1058,4349,2108,2392,6140,18713,8412,15960,5236,2375
01/02/2012,3470,10995,4873,34983,27245,8781,3912,982,2930,6978,1203,4461,2108,2392,6140,18713,8412,15960,5236,2375
02/02/2012,3470,10995,4873,34983,27245,8781,3912,982,2930,6978,1203,4461,2108,2392,6140,18713,8412,15960,5236,2375
03/02/2012,3470,10995,4873,34983,27245,8781,3912,982,2930,6978,1203,4461,2108,2392,6140,18713,8412,15960,5236,2375
04/02/2012,3470,10995,4873,34983,27245,8781,3912,982,2930,6978,1203,4461,2108,2392,6140,18713,8412,15960,5236,2375
05/02/2012,3470,10995,4873,34983,27245,8781,3912,982,2930,6978,1203,4461,2108,2392,6140,18713,8412,15960,5236,2375
06/02/2012,3470,10995,4873,34983,27245,8781,3912,982,2930,6978,1203,4461,2108,2392,6140,18713,8412,15960,5236,2375
07/02/2012,3470,10995,4873,34983,27245,8781,3912,982,2930,6978,1203,4461,2108,2392,6140,18713,8412,15960,5236,2375
08/02/2012,3470,10995,4873,34983,27245,8781,3912,982,2930,6978,1203,4461,2108,2392,6140,18713,8412,15960,5236,2375
09/02/2012,3470,10995,4873,34983,27245,8781,3912,982,2930,6978,1203,4461,2108,2392,6140,18713,8412,15960,5236,2375
10/02/2012,3470,10995,4873,34983,27245,8781,3912,982,2930,6978,1203,4461,2108,2392,6140,18713,8412,15960,5236,2375
11/02/2012,3470,10995,4873,34983,27245,8781,3912,982,2930,6978,1203,4461,2108,2392,6140,18713,8412,15960,5236,2375
12/02/2012,3470,10995,4873,34983,27245,8781,3912,982,2930,6978,1203,4461,2108,2392,6140,18713,8412,15960,5236,2375
13/02/2012,3470,10995,4873,34983,27245,8781,3912,982,2930,6978,1203,4461,2108,2392,6140,18713,8412,15960,5236,2375
14/02/2012,3470,11005,4873,34983,27245,8781,3912,982,2930,6978,1203,4461,2108,2392,6140,18713,8412,15960,5236,2375
15/02/2012,3470,11005,4873,34983,27245,8781,3912,982,2930,6978,1203,4461,2108,2392,6140,18713,8412,15960,5236,2375
16/02/2012,3470,11005,4873,34983,27245,8781,3912,982,2930,6978,1203,4461,2108,2392,6140,18713,8412,15960,5236,2375
17/02/2012,3470,11005,4873,35453,27245,8781,3912,982,2930,6978,1203,4461,2108,2392,6140,18713,8882,15960,5236,2375
18/02/2012,3470,11005,4873,35453,27245,8781,3912,982,2930,6978,1203,4461,2108,2392,6140,18713,8882,15960,5236,2375
19/02/2012,3470,11005,4873,35453,27245,8781,3912,982,2930,6978,1203,4461,2108,2392,6140,18713,8882,15960,5236,2375
20/02/2012,3470,11005,4873,35453,27245,8781,3912,982,2930,6978,1203,4461,2108,2392,6140,18713,8882,15960,5236,2375
21/02/2012,3470,11005,4873,35453,27245,8781,3912,982,2930,6978,1203,4461,2108,2392,6140,18713,8882,15960,5236,2375
22/02/2012,3470,11005,4873,35453,27245,8781,3912,982,2930,6978,1203,4461,2108,2392,6140,18713,8882,15960,5236,2375
23/02/2012,3470,11005,4873,35453,27245,8781,3912,982,2930,6978,1203,4461,2108,2392,6140,18713,8882,15960,5236,2375
24/02/2012,3470,11005,4873,35453,27245,8781,3912,982,2930,6978,1203,4461,2108,2392,6140,18713,8882,15960,5236,2375
25/02/2012,3470,11005,4873,35453,27245,8781,3912,982,2930,6978,1203,4461,2108,2392,6140,18713,8882,15960,5236,2375
26/02/2012,3470,11005,4873,35453,27245,8781,3912,982,2930,6978,1203,4461,2108,2392,6140,18713,8882,15960,5236,2375
27/02/2012,3470,11005,4873,35453,27245,8781,3912,982,2930,6978,1203,4461,2108,2392,6140,18713,8882,15960,5236,2375
28/02/2012,3470,11005,4873,35453,27245,8781,3912,982,2930,6978,1203,4461,2444,2392,6140,18713,8882,15960,5236,2375
29/02/2012,3470,11005,4873,35453,27245,8781,3912,982,2930,6978,1203,4461,2444,2392,6140,18713,8882,15960,5236,2375
01/03/2012,3470,10555,4873,35453,26347,8781,3912,982,2930,7190,1314,4575,2444,2392,6140,17815,8882,15960,5236,2375
02/03/2012,3470,10555,4873,35453,26347,8781,3912,982,2930,7190,1314,4575,2444,2392,6140,17815,8882,15960,5236,2375
03/03/2012,3470,10555,4873,35453,26347,8781,3912,982,2930,7190,1314,4575,2444,2392,6140,17815,8882,15960,5236,2375
04/03/2012,3470,10555,4873,35453,26347,8781,3912,982,2930,7190,1314,4575,2444,2392,6140,17815,8882,15960,5236,2375
05/03/2012,3470,10555,4873,35453,26347,8781,3912,982,2930,7190,1314,4575,2444,2392,6140,17815,8882,15960,5236,2375
06/03/2012,3470,10555,4873,35453,26347,8781,3912,982,2930,7190,1314,4575,2444,2392,6140,17815,8882,15960,5236,2375
07/03/2012,3470,10555,4873,35453,26347,8781,3912,982,2930,7190,1314,4575,2444,2392,6140,17815,8882,15960,5236,2375
08/03/2012,3470,10555,4873,35453,26347,8781,3912,982,2930,7190,1314,4575,2444,2392,6140,17815,8882,15960,5236,2375
09/03/2012,3470,10555,4873,35453,26347,8781,3912,982,2930,7190,1314,4575,2444,2392,6140,17815,8882,15960,5236,2375
10/03/2012,3470,10555,4873,35453,26347,8781,3912,982,2930,7190,1314,4575,2444,2392,6140,17815,8882,15960,5236,2375
11/03/2012,3470,10555,4873,35453,26347,8781,3912,982,2930,7190,1314,4575,2444,2392,6140,17815,8882,15960,5236,2375
12/03/2012,3470,10555,4873,35453,26347,8781,3912,982,2930,7190,1314,4575,2444,2392,6140,17815,8882,15960,5236,2375
13/03/2012,3470,10555,4873,35453,26347,8781,3912,982,2930,7190,1314,4575,2444,2392,6140,17815,8882,15960,5236,2375
14/03/2012,3470,10555,4873,35453,26347,8781,3912,982,2930,7190,1314,4575,2444,2392,6140,17815,8882,15960,5236,2375
15/03/2012,3470,10555,4873,35453,26347,8781,3912,982,2930,7190,1314,4575,2444,2392,6140,17815,8882,15960,5236,2375
16/03/2012,3470,10555,4873,35453,26347,8781,3912,982,2930,7190,1314,4575,2444,2392,6140,17815,8882,15960,5236,2375
17/03/2012,3470,10555,4873,35453,26347,8781,3912,982,2930,7190,1314,4575,2444,2392,6140,17815,8882,15960,5236,2375
18/03/2012,3470,10555,4873,35453,26347,8781,3912,982,2930,7190,1314,4575,2444,2392,6140,17815,8882,15960,5236,2375
19/03/2012,3470,10555,4873,35453,26347,8781,3912,982,2930,7190,1314,4575,2444,2392,6140,17815,8882,15960,5236,2375
20/03/2012,3470,10555,4873,35453,26347,6534,3912,982,2930,7190,1314,4575,2444,2392,6140,17815,8882,15960,5236,2375
21/03/2012,3470,10555,4873,35453,26347,6534,3912,982,2930,7190,1314,4575,2444,2392,6140,17815,8882,15960,5236,2375
22/03/2012,3470,10555,4873,35453,26347,6534,3912,982,2930,7190,1314,4575,2444,2392,6140,17815,8882,15960,5236,2375
23/03/2012,3470,10555,4873,35453,26347,6534,3912,982,2930,7190,1314,4575,2444,2392,6140,17815,8882,15960,5236,2375
24/03/2012,3470,10555,4873,35453,26347,6534,3912,982,2930,7190,1314,4575,2444,2392,6140,17815,8882,15960,5236,2375
25/03/2012,3470,10555,4873,35453,26347,6534,3912,982,2930,7190,1314,4575,2444,2392,6140,17815,8882,15960,5236,2375
26/03/2012,3470,10555,4873,35453,26347,6534,3912,982,2930,7190,1314,4575,2444,2392,6140,17815,8882,15960,5236,2375
27/03/2012,3470,10555,4873,35453,26347,6534,3912,982,2930,7190,1314,4575,2444,2392,6140,17815,8882,15960,5236,2375
28/03/2012,3470,10555,4873,35453,26347,6534,3912,982,2930,7190,1314,4575,2444,2392,6140,17815,8882,15960,5236,2375
29/03/2012,3470,10555,4873,35453,26347,6534,3912,982,2930,7190,1314,4575,2444,2392,6140,17815,8882,15960,5236,2375
30/03/2012,3470,10555,4873,35453,26347,6534,3912,982,2930,7190,1314,4575,2444,2392,6140,17815,8882,15960,5236,2375
31/03/2012,3470,10555,4873,35453,26347,6534,3912,982,2930,7190,1314,4575,2444,2392,6140,17815,8882,15960,5236,2375
01/04/2012,3470,10555,4873,35453,26347,6534,3912,982,2930,7272,1369,4692,2444,2392,6140,17815,8882,15960,5236,2375
02/04/2012,3470,10555,4873,35453,26347,6534,3912,982,2930,7272,1369,4692,2444,2392,6140,17815,8882,15960,5236,2375
03/04/2012,3470,10555,4873,35453,26347,6534,3912,982,2930,7272,1369,4692,2444,2392,6140,17815,8882,15960,5236,2375
04/04/2012,3470,10555,4873,35453,26347,6534,3912,982,2930,7272,1369,4692,2444,2392,6140,17815,8882,15960,5236,2375
05/04/2012,3470,10555,4873,35453,26347,6534,3912,982,2930,7272,1369,4692,2444,2392,6140,17815,8882,15960,5236,2375
06/04/2012,3470,10555,4873,35453,26347,6534,3912,982,2930,7272,1369,4692,2444,2392,6140,17815,8882,15960,5236,2375
07/04/2012,3470,10555,4873,35453,26347,6534,3912,982,2930,7272,1369,4692,2444,2392,6140,17815,8882,15960,5236,2375
08/04/2012,3470,10555,4873,35453,26347,6534,3912,982,2930,7272,1369,4692,2444,2392,6140,17815,8882,15960,5236,2375
09/04/2012,3470,10555,4873,35453,26347,6534,3912,982,2930,7272,1369,4692,2444,2392,6140,17815,8882,15960,5236,2375
10/04/2012,3470,10555,4873,35453,26347,6534,3912,982,2930,7272,1369,4692,2444,2392,6140,17815,8882,15960,5236,2375
11/04/2012,3470,10555,4873,35224,26347,6534,3912,982,2930,7272,1369,4692,2444,2392,6140,17815,8653,15960,5236,2375
12/04/2012,3470,10555,4873,35224,26347,6534,3912,982,2930,7272,1369,4692,2444,2392,6140,17815,8653,15960,5236,2375
13/04/2012,3470,10555,4873,35224,26347,6534,3912,982,2930,7272,1369,4692,2444,2392,6140,17815,8653,15960,5236,2375
14/04/2012,3470,10555,4873,35224,26347,6534,3912,982,2930,7272,1369,4692,2444,2392,6140,17815,8653,15960,5236,2375
15/04/2012,3470,10555,4873,35224,26347,6534,3912,982,2930,7272,1369,4692,2444,2392,6140,17815,8653,15960,5236,2375
16/04/2012,3470,10555,4873,35224,26347,6534,3912,982,2930,7272,1369,4692,2444,2392,6140,17815,8653,15960,5236,2375
17/04/2012,3470,10555,4873,35224,26347,6534,3912,982,2930,7272,1369,4692,2444,2392,6140,17815,8653,15960,5236,2375
18/04/2012,3470,10555,4873,35224,26347,6534,3912,982,2930,7272,1369,4692,2444,2392,6140,17815,8653,15960,5236,2375
19/04/2012,3470,10555,4873,35224,26347,6534,3912,982,2930,7272,1369,4692,2444,2392,6140,17815,8653,15960,5236,2375
20/04/2012,3470,10555,4873,35224,26347,6534,3912,982,2930,7272,1369,4692,2444,2392,6140,17815,8653,15960,5236,2375
21/04/2012,3470,10555,4873,35224,26347,6534,3912,982,2930,7272,1369,4692,2444,2392,6140,17815,8653,15960,5236,2375
22/04/2012,3470,10555,4873,35224,26347,6534,3912,982,2930,7272,1369,4692,2444,2392,6140,17815,8653,15960,5236,2375
23/04/2012,3470,10555,4873,35224,26347,6534,3912,982,2930,7272,1369,4692,2444,2392,6140,17815,8653,15960,5236,2375
24/04/2012,3470,10555,4873,35224,26347,6534,3912,982,2930,7272,1369,4692,2444,2392,6140,17815,8653,15960,5236,2375
25/04/2012,3470,10555,4873,35224,26347,6534,3912,982,2930,7272,1369,4692,2444,2392,6140,17815,8653,15960,5236,2375
26/04/2012,3470,10555,4873,35224,26347,6534,3912,982,2930,7272,1369,4692,2444,2392,6140,17815,8653,15960,5236,2375
27/04/2012,3470,10555,4873,35224,26347,6534,3912,982,2930,7272,1369,4692,2444,2392,6140,17815,8653,15960,5236,2375
28/04/2012,3470,10555,4873,35224,26347,6534,3912,982,2930,7272,1369,4692,2444,2392,6140,17815,8653,15960,5236,2375
29/04/2012,3470,10555,4873,35224,26347,6534,3912,982,2930,7272,1369,4692,2444,2392,6140,17815,8653,15960,5236,2375
30/04/2012,3470,10555,4873,35224,26347,6534,3912,982,2930,7272,1369,4692,2444,2392,6140,17815,8653,15960,5236,2375
01/05/2012,3470,10555,4873,35224,26347,6534,3912,982,2930,7397,1407,4784,2444,2392,6140,17815,8653,15960,5236,2375
02/05/2012,3470,10555,4873,35224,26347,6534,3912,982,2930,7397,1407,4784,2444,2392,6140,17815,8653,15960,5236,2375
03/05/2012,3470,10555,4873,35224,26347,6534,3912,982,2930,7397,1407,4784,2444,2392,6140,17815,8653,15960,5236,2375
04/05/2012,3470,10555,4873,35224,26347,6534,3912,982,2930,7397,1407,4784,2444,2392,6140,17815,8653,15960,5236,2375
05/05/2012,3470,10555,4873,35224,26347,6534,3912,982,2930,7397,1407,4784,2444,2392,6140,17815,8653,15960,5236,2375
06/05/2012,3470,10555,4873,35224,26347,6534,3912,982,2930,7397,1407,4784,2444,2392,6140,17815,8653,15960,5236,2375
07/05/2012,3470,10555,4873,35224,26347,6534,3912,982,2930,7397,1407,4784,2444,2392,6140,17815,8653,15960,5236,2375
08/05/2012,3470,10555,4873,35224,26347,6534,3912,982,2930,7397,1407,4784,2444,2392,6140,17815,8653,15960,5236,2375
09/05/2012,3470,10555,4873,35224,26347,6534,3912,982,2930,7397,1407,4784,2444,2392,6140,17815,8653,15960,5236,2375
10/05/2012,3470,10555,4873,35224,26347,6534,3912,982,2930,7397,1407,4784,2444,2392,6140,17815,8653,15960,5236,2375
11/05/2012,3470,10555,4873,35224,26347,6534,3912,982,2930,7397,1407,4784,2444,2392,6140,17815,8653,15960,5236,2375
12/05/2012,3470,10555,4873,35224,26347,6534,3912,982,2930,7397,1407,4784,2444,2392,6140,17815,8653,15960,5236,2375
13/05/2012,3470,10555,4873,35224,26347,6534,3912,982,2930,7397,1407,4784,2444,2392,6140,17815,8653,15960,5236,2375
14/05/2012,3470,10555,4873,35224,26347,6534,3912,982,2930,7397,1407,4784,2444,2392,6140,17815,8653,15960,5236,2375
15/05/2012,3470,10555,4873,35224,26347,6534,3912,982,2930,7397,1407,4784,2444,2392,6140,17815,8653,15960,5236,2375
16/05/2012,3470,10555,4873,35224,26347,6534,3912,982,2930,7397,1407,4784,2444,2392,6140,17815,8653,15960,5236,2375
17/05/2012,3470,10555,4873,35224,26347,6534,3912,982,2930,7397,1407,4784,2444,2392,6140,17815,8653,15960,5236,2375
18/05/2012,3470,10555,4873,35224,26347,6534,3912,982,2930,7397,1407,4784,2444,2392,6140,17815,8653,15960,5236,2375
19/05/2012,3470,10555,4873,35224,26347,6534,3912,982,2930,7397,1407,4784,2444,2392,6140,17815,8653,15960,5236,2375
20/05/2012,3470,10555,4873,35224,26347,6534,3912,982,2930,7397,1407,4784,2444,2392,6140,17815,8653,15960,5236,2375
21/05/2012,3470,10555,4873,35224,26347,6534,3912,982,2930,7397,1407,4784,2444,2392,6140,17815,8653,15960,5236,2375
22/05/2012,3470,10555,4873,35224,26347,6534,3912,982,2930,7397,1407,4784,2444,2392,6140,17815,8653,15960,5236,2375
23/05/2012,3470,10555,4873,35224,26347,6534,3912,982,2930,7397,1407,4784,2444,2392,6140,17815,8653,15960,5236,2375
24/05/2012,3470,10555,4873,35224,26347,6534,3912,982,2930,7397,1407,4784,2444,2392,6140,17815,8653,15960,5236,2375
25/05/2012,3470,10555,4873,35224,26347,6534,3912,982,2930,7397,1407,4784,2444,2392,6140,17815,8653,15960,5236,2375
26/05/2012,3470,10555,4873,35224,26347,6534,3912,982,2930,7397,1407,4784,2444,2392,6140,17815,8653,15960,5236,2375
27/05/2012,3470,10555,4873,35224,26347,6534,3912,982,2930,7397,1407,4784,2444,2392,6140,17815,8653,15960,5236,2375
28/05/2012,3470,10555,4873,35224,26347,6534,3912,982,2930,7397,1407,4784,2444,2392,6140,17815,8653,15960,5236,2375
29/05/2012,3470,10555,4873,35224,26347,6534,3912,982,2930,7397,1407,4784,2444,2392,6140,17815,8653,15960,5236,2375
30/05/2012,3470,10555,4873,35224,26347,6534,3912,982,2930,7397,1407,4784,2444,2392,6140,17815,8653,15960,5236,2375
31/05/2012,3470,10555,4873,35224,26347,6534,3912,982,2930,7397,1407,4784,2444,2392,6140,17815,8653,15960,5236,2375
01/06/2012,3470,10555,4873,35224,26347,6534,3912,982,2930,7513,1470,4878,2444,2392,6140,17815,8653,15960,5236,2375
02/06/2012,3470,10555,4873,35224,26347,6534,3912,982,2930,7513,1470,4878,2444,2392,6140,17815,8653,15960,5236,2375
03/06/2012,3470,10555,4873,35224,26347,6534,3912,982,2930,7513,1470,4878,2444,2392,6140,17815,8653,15960,5236,2375
04/06/2012,3470,10555,4873,35224,26347,6534,3912,982,2930,7513,1470,4878,2444,2392,6140,17815,8653,15960,5236,2375
05/06/2012,3470,10555,4873,35224,26347,6534,3912,982,2930,7513,1470,4878,2444,2392,6140,17815,8653,15960,5236,2375
06/06/2012,3470,10555,4873,35224,26347,6534,3912,982,2930,7513,1470,4878,2444,2392,6140,17815,8653,15960,5236,2375
07/06/2012,3470,10555,4873,35224,26347,6534,3912,982,2930,7513,1470,4878,2444,2392,6140,17815,8653,15960,5236,2375
08/06/2012,3470,10555,4873,35224,26347,6534,3912,982,2930,7513,1470,4878,2444,2392,6140,17815,8653,15960,5236,2375
09/06/2012,3470,10555,4873,35224,26347,6534,3912,982,2930,7513,1470,4878,2444,2392,6140,17815,8653,15960,5236,2375
10/06/2012,3470,10555,4873,35224,26347,6534,3912,982,2930,7513,1470,4878,2444,2392,6140,17815,8653,15960,5236,2375
11/06/2012,3470,10555,4873,35224,26347,6534,3912,982,2930,7513,1470,4878,2444,2392,6140,17815,8653,15960,5236,2375
12/06/2012,3470,10555,4873,35224,26347,6534,3912,982,2930,7513,1470,4878,2444,2392,6140,17815,8653,15960,5236,2375
13/06/2012,3470,10555,4873,35224,26347,6534,3912,982,2930,7513,1470,4878,2444,2392,6140,17815,8653,15960,5236,2375
14/06/2012,3470,10555,4873,35224,26347,6534,3912,982,2930,7513,1470,4878,2444,2392,6140,17815,8653,15960,5236,2375
15/06/2012,3470,10555,4873,35224,26347,6534,3912,982,2930,7513,1470,4878,2444,2392,6140,17815,8653,15960,5236,2375
16/06/2012,3470,10555,4873,35224,26347,6534,3912,982,2930,7513,1470,4878,2444,2392,6140,17815,8653,15960,5236,2375
17/06/2012,3470,10555,4873,35224,26347,6534,3912,982,2930,7513,1470,4878,2444,2392,6140,17815,8653,15960,5236,2375
18/06/2012,3470,10555,4873,35224,26347,6534,3912,982,2930,7513,1470,4878,2444,2392,6140,17815,8653,15960,5236,2375
19/06/2012,3470,10555,4873,35224,26347,6534,3912,982,2930,7513,1470,4878,2444,2392,6140,17815,8653,15960,5236,2375
20/06/2012,3470,10555,4873,35224,26347,6534,3912,982,2930,7513,1470,4878,2444,2392,6140,17815,8653,15960,5236,2375
21/06/2012,3470,10555,4873,35224,26347,6534,3912,982,2930,7513,1470,4878,2444,2392,6140,17815,8653,15960,5236,2375
22/06/2012,3470,10555,4873,35224,26347,6534,3912,982,2930,7513,1470,4878,2444,2392,6140,17815,8653,15960,5236,2375
23/06/2012,3470,10555,4873,35224,26347,6534,3912,982,2930,7513,1470,4878,2444,2392,6140,17815,8653,15960,5236,2375
24/06/2012,3470,10555,4873,35224,26347,6534,3912,982,2930,7513,1470,4878,2444,2392,6140,17815,8653,15960,5236,2375
25/06/2012,3470,10555,4873,35224,26347,6534,3912,982,2930,7513,1470,4878,2444,2392,6140,17815,8653,15960,5236,2375
26/06/2012,3470,10555,4873,35224,26347,6534,3912,982,2930,7513,1470,4878,2444,2392,6140,17815,8653,15960,5236,2375
27/06/2012,3470,10555,4873,35224,26347,6534,3912,982,2930,7513,1470,4878,2444,2392,6140,17815,8653,15960,5236,2375
28/06/2012,3470,10555,4873,35014,26347,6534,3912,982,2930,7513,1470,4878,2444,2392,6140,17815,8653,15750,5236,2375
29/06/2012,3470,10555,4873,35014,26347,6534,3912,982,2930,7513,1470,4878,2444,2392,6140,17815,8653,15750,5236,2375
30/06/2012,3470,10555,4873,35014,26347,6534,3912,982,2930,7513,1470,4878,2444,2392,6140,17815,8653,15750,5236,2375
01/07/2012,3470,10555,4873,35014,26347,6534,3912,982,2930,7606,1616,4974,2444,2392,6140,17815,8653,15750,5236,2375
02/07/2012,3470,10555,4873,35014,26347,6534,3912,982,2930,7606,1616,4974,2444,2392,6140,17815,8653,15750,5236,2375
03/07/2012,3470,10555,4873,35014,26347,6534,3912,982,2930,7606,1616,4974,2444,2392,6140,17815,8653,15750,5236,2375
04/07/2012,3470,10555,4873,35014,26347,6534,3912,982,2930,7606,1616,4974,2444,2392,6140,17815,8653,15750,5236,2375
05/07/2012,3470,10555,4873,35014,26347,6534,3912,982,2930,7606,1616,4974,2444,2392,6140,17815,8653,15750,5236,2375
06/07/2012,3470,10555,4873,35014,26347,6534,3912,982,2930,7606,1616,4974,2444,2392,6140,17815,8653,15750,5236,2375
07/07/2012,3470,10555,4873,35014,26347,6534,3912,982,2930,7606,1616,4974,2444,2392,6140,17815,8653,15750,5236,2375
08/07/2012,3470,10555,4873,35014,26347,6534,3912,982,2930,7606,1616,4974,2444,2392,6140,17815,8653,15750,5236,2375
09/07/2012,3470,10555,4873,35014,26347,6534,3912,982,2930,7606,1616,4974,2444,2392,6140,17815,8653,15750,5236,2375
10/07/2012,3470,10555,4873,35014,26347,6534,3912,982,2930,7606,1616,4974,2545,2392,6140,17815,8653,15750,5236,2375
11/07/2012,3470,10555,4873,35014,26347,6534,3912,982,2930,7606,1616,4974,2396,2392,6140,17815,8653,15750,5236,2375
12/07/2012,3470,10555,4873,35014,26347,6534,3912,982,2930,7606,1616,4974,2396,2392,6140,17815,8653,15750,5236,2375
13/07/2012,3470,10555,4873,35014,26347,6534,3912,982,2930,7606,1616,4974,2396,2392,6140,17815,8653,15750,5236,2375
14/07/2012,3470,10555,4873,35014,26347,6534,3912,982,2930,7606,1616,4974,2396,2392,6140,17815,8653,15750,5236,2375
15/07/2012,3470,10555,4873,35014,26347,6534,3912,982,2930,7606,1616,4974,2396,2392,6140,17815,8653,15750,5236,2375
16/07/2012,3470,10555,4873,35014,26347,6534,3912,982,2930,7606,1616,4974,2396,2392,6140,17815,8653,15750,5236,2375
17/07/2012,3470,10555,4873,35014,26347,6534,3912,982,2930,7606,1616,4974,2396,2392,6140,17815,8653,15750,5236,2375
18/07/2012,3470,10555,4873,35014,26347,6534,3912,982,2930,7606,1616,4974,2396,2392,6140,17815,8653,15750,5236,2375
19/07/2012,3470,10555,4873,35014,26347,6534,3912,982,2930,7606,1616,4974,2396,2392,6140,17815,8653,15750,5236,2375
20/07/2012,3470,10555,4873,35014,26347,6534,3912,982,2930,7606,1616,4974,2396,2392,6140,17815,8653,15750,5236,2375
21/07/2012,3470,10555,4873,35014,26347,6534,3912,982,2930,7606,1616,4974,2396,2392,6140,17815,8653,15750,5236,2375
22/07/2012,3470,10555,4873,35014,26347,6534,3912,982,2930,7606,1616,4974,2396,2392,6140,17815,8653,15750,5236,2375
23/07/2012,3470,10555,4873,35014,26347,6534,3912,982,2930,7606,1616,4974,2396,2392,6140,17815,8653,15750,5236,2375
24/07/2012,3470,10555,4873,35014,26347,6534,3912,982,2930,7606,1616,4974,2396,2392,6140,17815,8653,15750,5236,2375
25/07/2012,3470,10555,4873,35014,26347,6534,3912,982,2930,7606,1616,4974,2396,2392,6140,17815,8653,15750,5236,2375
26/07/2012,3470,10555,4873,35014,26347,6534,3912,982,2930,7606,1616,4974,2396,2392,6140,17815,8653,15750,5236,2375
27/07/2012,3470,10555,4873,35014,26347,6534,3912,982,2930,7606,1616,4974,2396,2392,6140,17815,8653,15750,5236,2375
28/07/2012,3470,10555,4873,35014,26347,6534,3912,982,2930,7606,1616,4974,2396,2392,6140,17815,8653,15750,5236,2375
29/07/2012,3470,10555,4873,35014,26347,6534,3912,982,2930,7606,1616,4974,2396,2392,6140,17815,8653,15750,5236,2375
30/07/2012,3470,10555,4873,35014,26347,6534,3912,982,2930,7606,1616,4974,2396,2392,6140,17815,8653,15750,5236,2375
31/07/2012,3470,10555,4873,35014,26347,6534,3912,982,2930,7606,1616,4974,2396,2392,6140,17815,8653,15750,5236,2375
01/08/2012,3470,10555,4873,35014,26347,6534,3914,984,2930,7814,1663,5083,2396,2392,6140,17815,8653,15750,5236,2375
02/08/2012,3470,10555,4873,35014,26347,6534,3914,984,2930,7814,1663,5083,2396,2392,6140,17815,8653,15750,5236,2375
03/08/2012,3470,10555,4873,35014,26347,6534,3914,984,2930,7814,1663,5083,2396,2392,6140,17815,8653,15750,5236,2375
04/08/2012,3470,10555,4873,35014,26347,6534,3914,984,2930,7814,1663,5083,2396,2392,6140,17815,8653,15750,5236,2375
05/08/2012,3470,10555,4873,35014,26347,6534,3914,984,2930,7814,1663,5083,2396,2392,6140,17815,8653,15750,5236,2375
06/08/2012,3470,10555,4873,35014,26347,6534,3914,984,2930,7814,1663,5083,2396,2392,6140,17815,8653,15750,5236,2375
07/08/2012,3470,10555,4873,35014,26347,6534,3914,984,2930,7814,1663,5083,2396,2392,6140,17815,8653,15750,5236,2375
08/08/2012,3470,10555,4873,35014,26347,6534,3914,984,2930,7814,1663,5083,2396,2392,6140,17815,8653,15750,5236,2375
09/08/2012,3470,10555,4873,35014,26347,6534,3914,984,2930,7814,1663,5083,2396,2392,6140,17815,8653,15750,5236,2375
10/08/2012,3470,10555,4873,35014,26347,6534,3914,984,2930,7814,1663,5083,2396,2392,6140,17815,8653,15750,5236,2375
11/08/2012,3470,10555,4873,35014,26347,6534,3914,984,2930,7814,1663,5083,2396,2392,6140,17815,8653,15750,5236,2375
12/08/2012,3470,10555,4873,35014,26347,6534,3914,984,2930,7814,1663,5083,2396,2392,6140,17815,8653,15750,5236,2375
13/08/2012,3470,10555,4873,35014,26347,6534,3914,984,2930,7814,1663,5083,2396,2392,6140,17815,8653,15750,5236,2375
14/08/2012,3470,10555,4873,35014,26347,6534,3914,984,2930,7814,1663,5083,2396,2392,6140,17815,8653,15750,5236,2375
15/08/2012,3470,10555,4873,35014,26347,6534,3914,984,2930,7814,1663,5083,2396,2392,6140,17815,8653,15750,5236,2375
16/08/2012,3470,10555,4873,35014,26347,6534,3914,984,2930,7814,1663,5083,2396,2392,6140,17815,8653,15750,5236,2375
17/08/2012,3470,10555,4873,35014,26347,6534,3914,984,2930,7814,1663,5083,2627,2392,6140,17815,8653,15750,5236,2375
18/08/2012,3470,10555,4873,35014,26347,6534,3914,984,2930,7814,1663,5083,2762,2392,6140,17815,8653,15750,5236,2375
19/08/2012,3470,10555,4873,35014,26347,6534,3914,984,2930,7814,1663,5083,2762,2392,6140,17815,8653,15750,5236,2375
20/08/2012,3470,10555,4873,35014,26347,6534,3914,984,2930,7814,1663,5083,2762,2392,6140,17815,8653,15750,5236,2375
21/08/2012,3470,10555,4873,35014,26347,6534,3914,984,2930,7814,1663,5083,2762,2392,6140,17815,8653,15750,5236,2375
22/08/2012,3470,10555,4873,35014,26347,6534,3914,984,2930,7814,1663,5083,2762,2392,6140,17815,8653,15750,5236,2375
23/08/2012,3470,10555,4873,35014,26347,6534,3914,984,2930,7814,1663,5083,2762,2392,6140,17815,8653,15750,5236,2375
24/08/2012,3470,10555,4873,35014,26347,6534,3914,984,2930,7814,1663,5083,2762,2392,6140,17815,8653,15750,5236,2375
25/08/2012,3470,10555,4873,35014,26347,6534,3914,984,2930,7814,1663,5083,2762,2392,6140,17815,8653,15750,5236,2375
26/08/2012,3470,10555,4873,35014,26347,6534,3914,984,2930,7814,1663,5083,2762,2392,6140,17815,8653,15750,5236,2375
27/08/2012,3470,10555,4873,35014,26347,6534,3914,984,2930,7814,1663,5083,2762,2392,6140,17815,8653,15750,5236,2375
28/08/2012,3470,10555,4873,35014,26347,6534,3914,984,2930,7814,1663,5083,2762,2392,6140,17815,8653,15750,5236,2375
29/08/2012,3470,10555,4873,35014,26347,6534,3914,984,2930,7814,1663,5083,2762,2392,6140,17815,8653,15750,5236,2375
30/08/2012,3470,10555,4873,35014,26347,6534,3914,984,2930,7814,1663,5083,2762,2392,6140,17815,8653,15750,5236,2375
31/08/2012,3470,10555,4873,35014,26347,6534,3914,984,2930,7814,1663,5083,2762,2392,6140,17815,8653,15750,5236,2375
01/09/2012,3470,10575,4873,35014,26347,6534,3914,984,2930,7841,1707,5194,2762,2392,6140,17815,8653,15750,5236,2375
02/09/2012,3470,10575,4873,35014,26347,6534,3914,984,2930,7841,1707,5194,2762,2392,6140,17815,8653,15750,5236,2375
03/09/2012,3470,10575,4873,35014,26347,6534,3914,984,2930,7841,1707,5194,2762,2392,6140,17815,8653,15750,5236,2375
04/09/2012,3470,10575,4873,35014,26347,6534,3914,984,2930,7841,1707,5194,2762,2392,6140,17815,8653,15750,5236,2375
05/09/2012,3470,10575,4873,35014,26347,6534,3914,984,2930,7841,1707,5194,2762,2392,6140,17815,8653,15750,5236,2375
06/09/2012,3470,10575,4873,35014,26347,6534,3914,984,2930,7841,1707,5194,2762,2392,6140,17815,8653,15750,5236,2375
07/09/2012,3470,10575,4873,35014,26347,6534,3914,984,2930,7841,1707,5194,2762,2392,6140,17815,8653,15750,5236,2375
08/09/2012,3470,10575,4873,35014,26341,6534,3914,984,2930,7841,1707,5194,2762,2386,6140,17815,8653,15750,5236,2375
09/09/2012,3470,10575,4873,35014,26341,6534,3914,984,2930,7841,1707,5194,2762,2386,6140,17815,8653,15750,5236,2375
10/09/2012,3470,10575,4873,35014,26341,6534,3914,984,2930,7841,1707,5194,2762,2386,6140,17815,8653,15750,5236,2375
11/09/2012,3470,10575,4873,35014,26341,6534,3914,984,2930,7841,1707,5194,2762,2386,6140,17815,8653,15750,5236,2375
12/09/2012,3470,10575,4873,35014,26341,6534,3914,984,2930,7841,1707,5194,2762,2386,6140,17815,8653,15750,5236,2375
13/09/2012,3470,10575,4873,35014,26341,6534,3914,984,2930,7841,1707,5194,2762,2386,6140,17815,8653,15750,5236,2375
14/09/2012,3470,10575,4873,35484,26341,6534,3914,984,2930,7841,1707,5194,2762,2386,6140,17815,9123,15750,5236,2375
15/09/2012,3470,10575,4873,35484,26341,6534,3914,984,2930,7841,1707,5194,2762,2386,6140,17815,9123,15750,5236,2375
16/09/2012,3470,10575,4873,35484,26341,6534,3914,984,2930,7841,1707,5194,2762,2386,6140,17815,9123,15750,5236,2375
17/09/2012,3470,10575,4873,35484,26341,6534,3914,984,2930,7841,1707,5194,2762,2386,6140,17815,9123,15750,5236,2375
18/09/2012,3470,10575,4873,35484,26341,6534,3914,984,2930,7841,1707,5194,2762,2386,6140,17815,9123,15750,5236,2375
19/09/2012,3470,10575,4873,35484,26341,6534,3914,984,2930,7841,1707,5194,2762,2386,6140,17815,9123,15750,5236,2375
20/09/2012,3470,10575,4873,35484,26341,6534,3914,984,2930,7841,1707,5194,2762,2386,6140,17815,9123,15750,5236,2375
21/09/2012,3470,10575,4873,35484,26341,6534,3914,984,2930,7841,1707,5194,2762,2386,6140,17815,9123,15750,5236,2375
22/09/2012,3470,10575,4873,35484,26341,6534,3914,984,2930,7841,1707,5194,2762,2386,6140,17815,9123,15750,5236,2375
23/09/2012,3470,10575,4873,35484,26341,6534,3914,984,2930,7841,1707,5194,2762,2386,6140,17815,9123,15750,5236,2375
24/09/2012,3470,10575,4873,35484,26341,6534,3914,984,2930,7841,1707,5194,2762,2386,6140,17815,9123,15750,5236,2375
25/09/2012,3470,10575,4873,35484,26341,6534,3914,984,2930,7841,1707,5194,2762,2386,6140,17815,9123,15750,5236,2375
26/09/2012,3470,10575,4873,35484,26341,6534,3914,984,2930,7841,1707,5194,2762,2386,6140,17815,9123,15750,5236,2375
27/09/2012,3470,10575,4873,35484,26341,6534,3914,984,2930,7841,1707,5194,2762,2386,6140,17815,9123,15750,5236,2375
28/09/2012,3470,10575,4873,35484,26341,6534,3914,984,2930,7841,1707,5194,2762,2386,6140,17815,9123,15750,5236,2375
29/09/2012,3470,10575,4873,35484,26341,6534,3914,984,2930,7841,1707,5194,2762,2386,6140,17815,9123,15750,5236,2375
30/09/2012,3470,10575,4873,35484,26341,6534,3914,984,2930,7841,1707,5194,2762,2386,6140,17815,9123,15750,5236,2375
01/10/2012,3470,10575,4873,35484,26341,6534,3914,984,2930,7926,1769,5307,2762,2386,6140,17815,9123,15750,5236,2375
02/10/2012,3470,10575,4873,35484,26341,6210,3914,984,2930,7926,1769,5307,2762,2386,6140,17815,9123,15750,5236,2375
03/10/2012,3470,10575,4873,35484,26341,6210,4012,1082,2930,7926,1769,5307,2762,2386,6140,17815,9123,15750,5236,2375
04/10/2012,3470,10575,4873,35484,26341,6210,4012,1082,2930,7926,1769,5307,2762,2386,6140,17815,9123,15750,5236,2375
05/10/2012,3470,10575,4873,35484,26341,6210,4012,1082,2930,7926,1769,5307,2768,2386,6140,17815,9123,15750,5236,2375
06/10/2012,3470,10575,4873,35484,26341,6210,4012,1082,2930,7926,1769,5307,2768,2386,6140,17815,9123,15750,5236,2375
07/10/2012,3470,10575,4873,35484,26341,6210,4012,1082,2930,7926,1769,5307,2768,2386,6140,17815,9123,15750,5236,2375
08/10/2012,3470,10575,4873,35484,26341,6210,4012,1082,2930,7926,1769,5307,2768,2386,6140,17815,9123,15750,5236,2375
09/10/2012,3470,10575,4873,35484,26341,6210,4012,1082,2930,7926,1769,5307,2768,2386,6140,17815,9123,15750,5236,2375
10/10/2012,3470,10575,4873,35484,26341,6210,4012,1082,2930,7926,1769,5307,2768,2386,6140,17815,9123,15750,5236,2375
11/10/2012,3470,10575,4873,35484,26341,6210,4012,1082,2930,7926,1769,5307,2768,2386,6140,17815,9123,15750,5236,2375
12/10/2012,3470,10575,4873,35484,26341,6210,4012,1082,2930,7926,1769,5307,2768,2386,6140,17815,9123,15750,5236,2375
13/10/2012,3470,10575,4873,35484,26341,6210,4012,1082,2930,7926,1769,5307,2768,2386,6140,17815,9123,15750,5236,2375
14/10/2012,3470,10575,4873,35484,26341,6210,4012,1082,2930,7926,1769,5307,2768,2386,6140,17815,9123,15750,5236,2375
15/10/2012,3470,10575,4873,35484,26341,6210,4012,1082,2930,7926,1769,5307,2768,2386,6140,17815,9123,15750,5236,2375
16/10/2012,3470,10575,4873,35484,26341,6210,4012,1082,2930,7926,1769,5307,2768,2386,6140,17815,9123,15750,5236,2375
17/10/2012,3470,10575,4873,35484,26341,6210,4012,1082,2930,7926,1769,5307,2768,2386,6140,17815,9123,15750,5236,2375
18/10/2012,3470,10575,4873,35484,26341,6210,4012,1082,2930,7926,1769,5307,3110,2386,6140,17815,9123,15750,5236,2375
19/10/2012,3470,10575,4873,35484,26341,6210,4012,1082,2930,7926,1769,5307,3110,2386,6140,17815,9123,15750,5236,2375
20/10/2012,3470,10575,4873,35484,26341,6210,4012,1082,2930,7926,1769,5307,3110,2386,6140,17815,9123,15750,5236,2375
21/10/2012,3470,10575,4873,35484,26341,6210,4012,1082,2930,7926,1769,5307,3110,2386,6140,17815,9123,15750,5236,2375
22/10/2012,3470,10575,4873,35484,26341,6210,4012,1082,2930,7926,1769,5307,3110,2386,6140,17815,9123,15750,5236,2375
23/10/2012,3470,10575,4873,35484,26341,6210,4012,1082,2930,7926,1769,5307,3110,2386,6140,17815,9123,15750,5236,2375
24/10/2012,3470,10575,4873,35484,26341,6210,4012,1082,2930,7926,1769,5307,3110,2386,6140,17815,9123,15750,5236,2375
25/10/2012,3470,10575,4873,35484,26341,6210,4012,1082,2930,7926,1769,5307,3110,2386,6140,17815,9123,15750,5236,2375
26/10/2012,3470,10575,4873,35484,26341,6210,4012,1082,2930,7926,1769,5307,3110,2386,6140,17815,9123,15750,5236,2375
27/10/2012,3470,10575,4873,35484,26341,6210,4012,1082,2930,7926,1769,5307,3110,2386,6140,17815,9123,15750,5236,2375
28/10/2012,3470,10575,4873,35484,26341,6210,4012,1082,2930,7926,1769,5307,3110,2386,6140,17815,9123,15750,5236,2375
29/10/2012,3470,10575,4873,35484,26341,6210,4012,1082,2930,7926,1769,5307,3110,2386,6140,17815,9123,15750,5236,2375
30/10/2012,3470,10575,4873,35484,26341,6210,4012,1082,2930,7926,1769,5307,3110,2386,6140,17815,9123,15750,5236,2375
31/10/2012,3470,10575,4873,35484,26341,6210,4012,1082,2930,7926,1769,5307,3110,2386,6140,17815,9123,15750,5236,2375
01/11/2012,3470,10575,4873,35484,26341,6210,4012,1082,2930,8291,1811,5395,3110,2386,6140,17815,9123,15750,5236,2375
02/11/2012,3470,10575,4873,35484,26341,6210,4012,1082,2930,8291,1811,5395,3110,2386,6140,17815,9123,15750,5236,2375
03/11/2012,3470,10575,4873,35484,26341,6210,4012,1082,2930,8291,1811,5395,3110,2386,6140,17815,9123,15750,5236,2375
04/11/2012,3470,10575,4873,35484,26341,6210,4012,1082,2930,8291,1811,5395,3110,2386,6140,17815,9123,15750,5236,2375
05/11/2012,3470,10575,4873,35484,26315,6210,4012,1082,2930,8291,1811,5395,3110,2360,6140,17815,9123,15750,5236,2375
06/11/2012,3470,10575,4873,35484,26325,6210,4012,1082,2930,8291,1811,5395,3110,2360,6140,17825,9123,15750,5236,2375
07/11/2012,3470,10575,4873,35484,26325,6210,4012,1082,2930,8291,1811,5395,3110,2360,6140,17825,9123,15750,5236,2375
08/11/2012,3470,10575,4873,35484,26325,6210,4012,1082,2930,8291,1811,5395,3110,2360,6140,17825,9123,15750,5236,2375
09/11/2012,3470,10575,4873,35484,26325,6210,4012,1082,2930,8291,1811,5395,3110,2360,6140,17825,9123,15750,5236,2375
10/11/2012,3470,10575,4873,35484,26325,6210,4012,1082,2930,8291,1811,5395,3110,2360,6140,17825,9123,15750,5236,2375
11/11/2012,3470,10575,4873,35484,26325,6210,4012,1082,2930,8291,1811,5395,3110,2360,6140,17825,9123,15750,5236,2375
12/11/2012,3470,10575,4873,35484,26325,6210,4012,1082,2930,8291,1811,5395,3110,2360,6140,17825,9123,15750,5236,2375
13/11/2012,3470,10575,4873,35484,26325,6210,4012,1082,2930,8291,1811,5395,3110,2360,6140,17825,9123,15750,5236,2375
14/11/2012,3470,10575,4873,35484,26325,6210,4012,1082,2930,8291,1811,5395,3110,2360,6140,17825,9123,15750,5236,2375
15/11/2012,3470,10575,4898,35484,26325,6210,4012,1082,2930,8291,1811,5395,3110,2360,6140,17825,9123,15750,5236,2375
16/11/2012,3470,10575,4898,35484,26325,6210,4012,1082,2930,8291,1811,5395,3110,2360,6140,17825,9123,15750,5236,2375
17/11/2012,3470,10575,4898,35484,26325,6210,4012,1082,2930,8291,1811,5395,3110,2360,6140,17825,9123,15750,5236,2375
18/11/2012,3470,10575,4898,35484,26325,6210,4012,1082,2930,8291,1811,5395,3110,2360,6140,17825,9123,15750,5236,2375
19/11/2012,3470,10575,4898,35484,26325,6210,4012,1082,2930,8291,1811,5395,3110,2360,6140,17825,9123,15750,5236,2375
20/11/2012,3470,10575,4984,35484,26325,6210,4012,1082,2930,8291,1811,5395,3110,2360,6140,17825,9123,15750,5236,2375
21/11/2012,3470,10575,4984,35484,26325,6210,4012,1082,2930,8291,1811,5395,3110,2360,6140,17825,9123,15750,5236,2375
22/11/2012,3470,10575,4984,35484,26325,6210,4012,1082,2930,8291,1811,5395,3110,2360,6140,17825,9123,15750,5236,2375
23/11/2012,3470,10575,4984,35484,26325,6210,4012,1082,2930,8291,1811,5395,3110,2360,6140,17825,9123,15750,5236,2375
24/11/2012,3470,10575,4984,35484,26325,6210,4012,1082,2930,8291,1811,5395,3110,2360,6140,17825,9123,15750,5236,2375
25/11/2012,3470,10575,4984,35484,26325,6210,4012,1082,2930,8291,1811,5395,3110,2360,6140,17825,9123,15750,5236,2375
26/11/2012,3470,10575,4984,35484,26325,6210,4012,1082,2930,8291,1811,5395,3110,2360,6140,17825,9123,15750,5236,2375
27/11/2012,3470,10575,4984,35484,26325,6210,4012,1082,2930,8291,1811,5395,3110,2360,6140,17825,9123,15750,5236,2375
28/11/2012,3470,10575,4984,35484,26325,6210,4012,1082,2930,8291,1811,5395,3110,2360,6140,17825,9123,15750,5236,2375
29/11/2012,3470,10575,4984,35484,26325,6210,4012,1082,2930,8291,1811,5395,3110,2360,6140,17825,9123,15750,5236,2375
30/11/2012,3470,10575,4984,35484,26325,6210,4012,1082,2930,8291,1811,5395,3110,2360,6140,17825,9123,15750,5236,2375
01/12/2012,3800,10555,4984,35484,27119,6210,4012,1082,2930,8392,1838,5484,3110,2360,6140,18619,9123,15750,5236,2375
02/12/2012,3800,10555,4984,35484,27119,6210,4012,1082,2930,8392,1838,5484,3110,2360,6140,18619,9123,15750,5236,2375
03/12/2012,3800,10555,4984,35484,27119,6210,4012,1082,2930,8392,1838,5484,3110,2360,6140,18619,9123,15750,5236,2375
04/12/2012,3800,10555,4984,35484,27119,6210,4012,1082,2930,8392,1838,5484,3110,2360,6140,18619,9123,15750,5236,2375
05/12/2012,3800,10555,4984,35484,27119,6210,4012,1082,2930,8392,1838,5484,3110,2360,6140,18619,9123,15750,5236,2375
06/12/2012,3800,10560,4984,35484,27119,6210,4012,1082,2930,8392,1838,5484,3472,2360,6140,18619,9123,15750,5236,2375
07/12/2012,3800,10560,4984,35484,27119,6210,4012,1082,2930,8392,1838,5484,3472,2360,6140,18619,9123,15750,5236,2375
08/12/2012,3800,10560,4984,35484,27119,6210,4012,1082,2930,8392,1838,5484,3472,2360,6140,18619,9123,15750,5236,2375
09/12/2012,3800,10560,4984,35484,27119,6210,4012,1082,2930,8392,1838,5484,3472,2360,6140,18619,9123,15750,5236,2375
10/12/2012,3800,10560,4984,35484,27119,6210,4012,1082,2930,8392,1838,5484,3472,2360,6140,18619,9123,15750,5236,2375
11/12/2012,3800,10560,4984,35484,27119,6210,4012,1082,2930,8392,1838,5484,3472,2360,6140,18619,9123,15750,5236,2375
12/12/2012,3800,10560,4984,35484,27119,6210,4012,1082,2930,8392,1838,5484,3472,2360,6140,18619,9123,15750,5236,2375
13/12/2012,3800,10560,4984,35484,27119,6210,4012,1082,2930,8392,1838,5484,3472,2360,6140,18619,9123,15750,5236,2375
14/12/2012,3800,10560,4984,35484,27119,6210,4012,1082,2930,8392,1838,5484,3472,2360,6140,18619,9123,15750,5236,2375
15/12/2012,3800,10560,4984,35484,27119,6210,4012,1082,2930,8392,1838,5484,3472,2360,6140,18619,9123,15750,5236,2375
16/12/2012,3800,10560,4984,35484,27119,6210,4012,1082,2930,8392,1838,5484,3472,2360,6140,18619,9123,15750,5236,2375
17/12/2012,3800,10560,4984,35484,27119,6210,4012,1082,2930,8392,1838,5484,3472,2360,6140,18619,9123,15750,5236,2375
18/12/2012,3800,10560,4984,35484,27119,6210,4012,1082,2930,8392,1838,5484,3472,2360,6140,18619,9123,15750,5236,2375
19/12/2012,3800,10560,4984,35266,27119,6210,4012,1082,2930,8392,1838,5484,3472,2360,6140,18619,8905,15750,5236,2375
20/12/2012,3800,10560,4984,35266,27119,6210,4012,1082,2930,8392,1838,5484,3472,2360,6140,18619,8905,15750,5236,2375
21/12/2012,3800,10560,4984,35266,27119,6210,4012,1082,2930,8392,1838,5484,3472,2360,6140,18619,8905,15750,5236,2375
22/12/2012,3800,10560,4984,35266,27119,6210,4012,1082,2930,8392,1838,5484,3472,2360,6140,18619,8905,15750,5236,2375
23/12/2012,3800,10560,4984,35266,27119,6210,4012,1082,2930,8392,1838,5484,3472,2360,6140,18619,8905,15750,5236,2375
24/12/2012,3800,10560,4984,35266,27119,6210,4012,1082,2930,8392,1838,5484,3472,2360,6140,18619,8905,15750,5236,2375
25/12/2012,3800,10560,4984,35266,27119,6210,4012,1082,2930,8392,1838,5484,3472,2360,6140,18619,8905,15750,5236,2375
26/12/2012,3800,10560,4984,35266,27119,6210,4012,1082,2930,8392,1838,5484,3472,2360,6140,18619,8905,15750,5236,2375
27/12/2012,3800,10560,4984,35266,27119,6210,4012,1082,2930,8392,1838,5484,3472,2360,6140,18619,8905,15750,5236,2375
28/12/2012,3800,10560,4984,35266,27119,6210,4012,1082,2930,8392,1838,5484,3472,2360,6140,18619,8905,15750,5236,2375
29/12/2012,3800,10560,4984,35266,27119,6210,4012,1082,2930,8392,1838,5484,3472,2360,6140,18619,8905,15750,5236,2375
30/12/2012,3800,10560,4984,35266,27119,6210,4012,1082,2930,8392,1838,5484,3472,2360,6140,18619,8905,15750,5236,2375
31/12/2012,3800,10560,4984,35266,27119,6210,4012,1082,2930,8392,1838,5484,3472,2360,6140,18619,8905,15750,5236,2375
01/01/2013,3800,10560,4984,35266,27119,6210,4012,1082,2930,8635,1870,5575,3472,2360,4200,20559,8905,15750,5236,2375
02/01/2013,3800,10560,4984,35266,27119,6210,4012,1082,2930,8635,1870,5575,3472,2360,4200,20559,8905,15750,5236,2375
03/01/2013,3800,10560,4984,35266,27119,6210,4012,1082,2930,8635,1870,5575,3472,2360,4200,20559,8905,15750,5236,2375
04/01/2013,3800,10560,4984,35266,27119,6210,4012,1082,2930,8635,1870,5575,3472,2360,4200,20559,8905,15750,5236,2375
05/01/2013,3800,10560,4984,35266,27119,6210,4012,1082,2930,8635,1870,5575,3472,2360,4200,20559,8905,15750,5236,2375
06/01/2013,3800,10560,4984,35266,27119,6210,4012,1082,2930,8635,1870,5575,3472,2360,4200,20559,8905,15750,5236,2375
07/01/2013,3800,10560,4984,35266,27119,6210,4012,1082,2930,8635,1870,5575,3472,2360,4200,20559,8905,15750,5236,2375
08/01/2013,3800,10560,4984,35266,27119,6210,4012,1082,2930,8635,1870,5575,3472,2360,4200,20559,8905,15750,5236,2375
09/01/2013,3800,10560,4984,35266,27119,6210,4012,1082,2930,8635,1870,5575,3472,2360,4200,20559,8905,15750,5236,2375
10/01/2013,3800,10560,4984,35266,27119,6210,4012,1082,2930,8635,1870,5575,3472,2360,4200,20559,8905,15750,5236,2375
11/01/2013,3800,10560,4984,35266,27119,6210,4012,1082,2930,8635,1870,5575,3472,2360,4200,20559,8905,15750,5236,2375
12/01/2013,3800,10560,4984,35266,27119,6210,4012,1082,2930,8635,1870,5575,3472,2360,4200,20559,8905,15750,5236,2375
13/01/2013,3800,10560,4984,35266,27119,6210,4012,1082,2930,8635,1870,5575,3472,2360,4200,20559,8905,15750,5236,2375
14/01/2013,3800,10560,4984,35266,27119,6210,4012,1082,2930,8635,1870,5575,3472,2360,4200,20559,8905,15750,5236,2375
15/01/2013,3800,10560,4984,35266,27119,6210,4012,1082,2930,8635,1870,5575,3472,2360,4200,20559,8905,15750,5236,2375
16/01/2013,3800,10560,4984,35266,27119,6210,4012,1082,2930,8635,1870,5575,3472,2360,4200,20559,8905,15750,5236,2375
17/01/2013,3800,10560,4984,35266,27119,6210,4012,1082,2930,8635,1870,5575,3472,2360,4200,20559,8905,15750,5236,2375
18/01/2013,3800,10560,4984,35266,27119,6210,4012,1082,2930,8635,1870,5575,3472,2360,4200,20559,8905,15750,5236,2375
19/01/2013,3800,10560,4984,35266,27119,6210,4012,1082,2930,8635,1870,5575,3472,2360,4200,20559,8905,15750,5236,2375
20/01/2013,3800,10560,4984,35266,27119,6210,4012,1082,2930,8635,1870,5575,3472,2360,4200,20559,8905,15750,5236,2375
21/01/2013,3800,10560,4984,35266,27119,6210,4012,1082,2930,8635,1870,5575,3472,2360,4200,20559,8905,15750,5236,2375
22/01/2013,3800,10560,4984,35266,27119,6210,4012,1082,2930,8635,1870,5575,3472,2360,4200,20559,8905,15750,5236,2375
23/01/2013,3800,10560,4984,35266,27119,6210,4012,1082,2930,8635,1870,5575,3472,2360,4200,20559,8905,15750,5236,2375
24/01/2013,3800,10560,4984,35266,27119,6210,4012,1082,2930,8635,1870,5575,3472,2360,4200,20559,8905,15750,5236,2375
25/01/2013,3800,10560,4984,35266,27119,6210,4012,1082,2930,8635,1870,5575,3472,2360,4200,20559,8905,15750,5236,2375
26/01/2013,3800,10560,4984,35266,27119,6210,4012,1082,2930,8635,1870,5575,3472,2360,4200,20559,8905,15750,5236,2375
27/01/2013,3800,10560,4984,35266,27119,6210,4012,1082,2930,8635,1870,5575,3472,2360,4200,20559,8905,15750,5236,2375
28/01/2013,3800,10560,4984,35266,27119,6210,4012,1082,2930,8635,1870,5575,3472,2360,4200,20559,8905,15750,5236,2375
29/01/2013,3800,10560,4984,35266,27119,6210,4012,1082,2930,8635,1870,5575,3472,2360,4200,20559,8905,15750,5236,2375
30/01/2013,3800,10560,4984,35266,27119,6210,4012,1082,2930,8635,1870,5575,3472,2360,4200,20559,8905,15750,5236,2375
31/01/2013,3800,10560,4984,35266,27119,5193,4012,1082,2930,8635,1870,5575,3472,2360,4200,20559,8905,15750,5236,2375
01/02/2013,3800,10560,4984,35266,27119,5193,4012,1082,2930,8825,1974,5785,3472,2360,4200,20559,8905,15750,5236,2375
02/02/2013,3800,10560,4984,35266,27119,5193,4012,1082,2930,8825,1974,5785,3472,2360,4200,20559,8905,15750,5236,2375
03/02/2013,3800,10560,4984,35266,27119,5193,4012,1082,2930,8825,1974,5785,3472,2360,4200,20559,8905,15750,5236,2375
04/02/2013,3800,10560,4984,35266,27119,5193,4012,1082,2930,8825,1974,5785,3472,2360,4200,20559,8905,15750,5236,2375
05/02/2013,3800,10560,4984,35266,27119,5193,4012,1082,2930,8825,1974,5785,3472,2360,4200,20559,8905,15750,5236,2375
06/02/2013,3800,10560,4984,35266,27119,5193,4012,1082,2930,8825,1974,5785,3472,2360,4200,20559,8905,15750,5236,2375
07/02/2013,3800,10560,4984,35266,27119,5193,4012,1082,2930,8825,1974,5785,3472,2360,4200,20559,8905,15750,5236,2375
08/02/2013,3800,10560,4984,35266,27119,5193,4012,1082,2930,8825,1974,5785,3472,2360,4200,20559,8905,15750,5236,2375
09/02/2013,3800,10560,4984,35266,27119,5193,4012,1082,2930,8825,1974,5785,3472,2360,4200,20559,8905,15750,5236,2375
10/02/2013,3800,10560,4984,35266,27119,5193,4012,1082,2930,8825,1974,5785,3472,2360,4200,20559,8905,15750,5236,2375
11/02/2013,3800,10560,4984,35266,27119,5193,4012,1082,2930,8825,1974,5785,3472,2360,4200,20559,8905,15750,5236,2375
12/02/2013,3800,10560,4984,35266,27119,5193,4012,1082,2930,8825,1974,5785,3472,2360,4200,20559,8905,15750,5236,2375
13/02/2013,3800,10560,4984,35266,27119,5193,4012,1082,2930,8825,1974,5785,3472,2360,4200,20559,8905,15750,5236,2375
14/02/2013,3800,10560,4984,35266,27119,5193,4012,1082,2930,8825,1974,5785,3472,2360,4200,20559,8905,15750,5236,2375
15/02/2013,3800,10560,4984,35266,27119,5193,4012,1082,2930,8825,1974,5785,3484,2360,4200,20559,8905,15750,5236,2375
16/02/2013,3800,10560,4984,35266,27119,5193,4012,1082,2930,8825,1974,5785,3484,2360,4200,20559,8905,15750,5236,2375
17/02/2013,3800,10560,4984,35266,27119,5193,4012,1082,2930,8825,1974,5785,3484,2360,4200,20559,8905,15750,5236,2375
18/02/2013,3800,10560,4984,35266,27119,5193,4012,1082,2930,8825,1974,5785,3484,2360,4200,20559,8905,15750,5236,2375
19/02/2013,3800,10560,4984,35266,27119,5193,4012,1082,2930,8825,1974,5785,3484,2360,4200,20559,8905,15750,5236,2375
20/02/2013,3800,10560,4984,35266,27119,5193,4012,1082,2930,8825,1974,5785,3484,2360,4200,20559,8905,15750,5236,2375
21/02/2013,3800,10560,4984,35266,27119,5193,4012,1082,2930,8825,1974,5785,3484,2360,4200,20559,8905,15750,5236,2375
22/02/2013,3800,10560,4984,35266,27119,5193,4012,1082,2930,8825,1974,5785,3484,2360,4200,20559,8905,15750,5236,2375
23/02/2013,3800,10560,4984,35266,27119,5193,4012,1082,2930,8825,1974,5785,3484,2360,4200,20559,8905,15750,5236,2375
24/02/2013,3800,10560,4984,35266,27119,5193,4012,1082,2930,8825,1974,5785,3484,2360,4200,20559,8905,15750,5236,2375
25/02/2013,3800,10560,4984,35266,27119,5193,4012,1082,2930,8825,1974,5785,3484,2360,4200,20559,8905,15750,5236,2375
26/02/2013,3800,10560,4984,35266,27119,5193,4012,1082,2930,8825,1974,5785,3484,2360,4200,20559,8905,15750,5236,2375
27/02/2013,3800,10560,4984,35266,27119,5193,4012,1082,2930,8825,1974,5785,3484,2360,4200,20559,8905,15750,5236,2375
28/02/2013,3800,10560,4984,35266,27119,5193,4012,1082,2930,8825,1974,5785,3484,2360,4200,20559,8905,15750,5236,2375
01/03/2013,3800,10555,4984,35266,25095,5193,4012,1082,2930,9233,2298,6004,3484,2360,4200,18535,8905,15750,5236,2375
02/03/2013,3800,10555,4984,35266,25095,5193,4012,1082,2930,9233,2298,6004,3484,2360,4200,18535,8905,15750,5236,2375
03/03/2013,3800,10555,4984,35266,25095,4779,4012,1082,2930,9233,2298,6004,3484,2360,4200,18535,8905,15750,5236,2375
04/03/2013,3800,10555,4984,35266,25095,4779,4012,1082,2930,9233,2298,6004,3484,2360,4200,18535,8905,15750,5236,2375
05/03/2013,3800,10555,4984,35266,25095,4779,4012,1082,2930,9233,2298,6004,3484,2360,4200,18535,8905,15750,5236,2375
06/03/2013,3800,10555,4984,35266,25095,4779,4012,1082,2930,9233,2298,6004,3484,2360,4200,18535,8905,15750,5236,2375
07/03/2013,3800,10555,4984,35266,25095,4779,4012,1082,2930,9233,2298,6004,3484,2360,4200,18535,8905,15750,5236,2375
08/03/2013,3800,10555,4984,35266,25095,4779,4012,1082,2930,9233,2298,6004,3484,2360,4200,18535,8905,15750,5236,2375
09/03/2013,3800,10555,4984,35266,25095,4779,4012,1082,2930,9233,2298,6004,3484,2360,4200,18535,8905,15750,5236,2375
10/03/2013,3800,10555,4984,35266,25095,4779,4012,1082,2930,9233,2298,6004,3484,2360,4200,18535,8905,15750,5236,2375
11/03/2013,3800,10555,4984,35266,25095,4779,4012,1082,2930,9233,2298,6004,3484,2360,4200,18535,8905,15750,5236,2375
12/03/2013,3800,10555,4984,35266,25095,4779,4012,1082,2930,9233,2298,6004,3484,2360,4200,18535,8905,15750,5236,2375
13/03/2013,3800,10555,4984,35266,25095,4779,4012,1082,2930,9233,2298,6004,3484,2360,4200,18535,8905,15750,5236,2375
14/03/2013,3800,10555,4984,35266,25095,4779,4012,1082,2930,9233,2298,6004,3484,2360,4200,18535,8905,15750,5236,2375
15/03/2013,3800,10555,4984,35266,25095,4779,4012,1082,2930,9233,2298,6004,3484,2360,4200,18535,8905,15750,5236,2375
16/03/2013,3800,10555,4984,35266,25095,4779,4012,1082,2930,9233,2298,6004,3484,2360,4200,18535,8905,15750,5236,2375
17/03/2013,3800,10555,4984,35266,25095,4779,4012,1082,2930,9233,2298,6004,3484,2360,4200,18535,8905,15750,5236,2375
18/03/2013,3800,10555,4984,35266,25095,4779,4012,1082,2930,9233,2298,6004,3484,2360,4200,18535,8905,15750,5236,2375
19/03/2013,3800,10555,4984,35266,25095,4779,4012,1082,2930,9233,2298,6004,3484,2360,4200,18535,8905,15750,5236,2375
20/03/2013,3800,10555,4984,34971,25095,4779,4012,1082,2930,9233,2298,6004,3484,2360,4200,18535,8610,15750,5236,2375
21/03/2013,3800,10555,4984,34971,25095,4779,4012,1082,2930,9233,2298,6004,3484,2360,4200,18535,8610,15750,5236,2375
22/03/2013,3800,10555,4984,34971,25095,4779,4012,1082,2930,9233,2298,6004,3484,2360,4200,18535,8610,15750,5236,2375
23/03/2013,3800,10555,4984,34971,25095,4779,4012,1082,2930,9233,2298,6004,3484,2360,4200,18535,8610,15750,5236,2375
24/03/2013,3800,10555,4984,34971,25095,4779,4012,1082,2930,9233,2298,6004,3484,2360,4200,18535,8610,15750,5236,2375
25/03/2013,3800,10555,4984,34971,25095,4779,4012,1082,2930,9233,2298,6004,3484,2360,4200,18535,8610,15750,5236,2375
26/03/2013,3800,10555,4984,34971,25095,4779,4012,1082,2930,9233,2298,6004,3484,2360,4200,18535,8610,15750,5236,2375
27/03/2013,3800,10555,4984,34971,25095,4779,4012,1082,2930,9233,2298,6004,3484,2360,4200,18535,8610,15750,5236,2375
28/03/2013,3800,10555,4984,34971,25095,4779,4012,1082,2930,9233,2298,6004,3484,2360,4200,18535,8610,15750,5236,2375
29/03/2013,3800,10555,4984,34971,25095,4779,4012,1082,2930,9233,2298,6004,3484,2360,4200,18535,8610,15750,5236,2375
30/03/2013,3800,10555,4984,34971,25095,4779,4012,1082,2930,9233,2298,6004,3484,2360,4200,18535,8610,15750,5236,2375
31/03/2013,3800,10555,4984,34971,25095,4779,4012,1082,2930,9233,2298,6004,3484,2360,4200,18535,8610,15750,5236,2375
01/04/2013,3800,10555,4984,34971,21855,4779,4012,1082,2930,9393,2411,6231,3484,2360,1000,18495,8610,15750,5236,2375
02/04/2013,3800,10555,4984,34971,21855,4779,4012,1082,2930,9393,2411,6231,3484,2360,1000,18495,8610,15750,5236,2375
03/04/2013,3800,10555,4984,34971,21855,4779,4012,1082,2930,9393,2411,6231,3484,2360,1000,18495,8610,15750,5236,2375
04/04/2013,3800,10555,4984,34971,21855,4779,4012,1082,2930,9393,2411,6231,3484,2360,1000,18495,8610,15750,5236,2375
05/04/2013,3800,10555,4984,34971,21855,4779,4012,1082,2930,9393,2411,6231,3484,2360,1000,18495,8610,15750,5236,2375
06/04/2013,3800,10555,4984,34971,21855,4779,4012,1082,2930,9393,2411,6231,3484,2360,1000,18495,8610,15750,5236,2375
07/04/2013,3800,10555,4984,34971,21855,4779,4012,1082,2930,9393,2411,6231,3484,2360,1000,18495,8610,15750,5236,2375
08/04/2013,3800,10555,4984,34971,21855,4779,4012,1082,2930,9393,2411,6231,3484,2360,1000,18495,8610,15750,5236,2375
09/04/2013,3800,10555,4984,34971,21855,4779,4012,1082,2930,9393,2411,6231,3484,2360,1000,18495,8610,15750,5236,2375
10/04/2013,3800,10555,4984,34971,21855,4779,4012,1082,2930,9393,2411,6231,3484,2360,1000,18495,8610,15750,5236,2375
11/04/2013,3800,10555,4984,34971,21855,4779,4012,1082,2930,9393,2411,6231,3484,2360,1000,18495,8610,15750,5236,2375
12/04/2013,3800,10555,4984,34971,21855,4779,4012,1082,2930,9393,2411,6231,3484,2360,1000,18495,8610,15750,5236,2375
13/04/2013,3800,10555,4984,34971,21855,4779,4012,1082,2930,9393,2411,6231,3484,2360,1000,18495,8610,15750,5236,2375
14/04/2013,3800,10555,4984,34971,21855,4779,4012,1082,2930,9393,2411,6231,3484,2360,1000,18495,8610,15750,5236,2375
15/04/2013,3800,10555,4984,34971,21855,4779,4012,1082,2930,9393,2411,6231,3484,2360,1000,18495,8610,15750,5236,2375
16/04/2013,3800,10555,4984,34971,21855,4779,4012,1082,2930,9393,2411,6231,3484,2360,1000,18495,8610,15750,5236,2375
17/04/2013,3800,10555,4984,34971,21855,4779,4012,1082,2930,9393,2411,6231,3484,2360,1000,18495,8610,15750,5236,2375
18/04/2013,3800,10555,4984,34971,21855,4779,4012,1082,2930,9393,2411,6231,3484,2360,1000,18495,8610,15750,5236,2375
19/04/2013,3800,10555,4984,34971,21855,4779,4012,1082,2930,9393,2411,6231,3484,2360,1000,18495,8610,15750,5236,2375
20/04/2013,3800,10555,4984,34971,21855,4779,4012,1082,2930,9393,2411,6231,3484,2360,1000,18495,8610,15750,5236,2375
21/04/2013,3800,10555,4984,34971,21855,4779,4012,1082,2930,9393,2411,6231,3484,2360,1000,18495,8610,15750,5236,2375
22/04/2013,3800,10555,4984,34971,21855,4779,4012,1082,2930,9393,2411,6231,3484,2360,1000,18495,8610,15750,5236,2375
23/04/2013,3800,10555,4984,34971,21855,4779,4012,1082,2930,9393,2411,6231,3484,2360,1000,18495,8610,15750,5236,2375
24/04/2013,3800,10555,4984,34971,21855,4779,4012,1082,2930,9393,2411,6231,3484,2360,1000,18495,8610,15750,5236,2375
25/04/2013,3800,10555,4984,34971,21855,4779,4012,1082,2930,9393,2411,6231,3484,2360,1000,18495,8610,15750,5236,2375
26/04/2013,3800,10555,4984,34971,21855,4779,4012,1082,2930,9393,2411,6231,3484,2360,1000,18495,8610,15750,5236,2375
27/04/2013,3800,10555,4984,34971,21855,4779,4012,1082,2930,9393,2411,6231,3484,2360,1000,18495,8610,15750,5236,2375
28/04/2013,3800,10555,4984,34971,21855,4779,4012,1082,2930,9393,2411,6231,3484,2360,1000,18495,8610,15750,5236,2375
29/04/2013,3800,10555,4984,34971,21855,4779,4012,1082,2930,9393,2411,6231,3484,2360,1000,18495,8610,15750,5236,2375
30/04/2013,3800,10555,4984,34971,21855,4779,4012,1082,2930,9393,2411,6231,3484,2360,1000,18495,8610,15750,5236,2375
01/05/2013,3800,10555,4984,34971,21855,4779,4012,1082,2930,9451,2484,6333,3484,2360,1000,18495,8610,15750,5236,2375
02/05/2013,3800,10555,4984,34971,21855,4779,4012,1082,2930,9451,2484,6333,3484,2360,1000,18495,8610,15750,5236,2375
03/05/2013,3800,10555,4984,34971,21855,4779,4012,1082,2930,9451,2484,6333,3484,2360,1000,18495,8610,15750,5236,2375
04/05/2013,3800,10555,4984,34971,21855,4779,4012,1082,2930,9451,2484,6333,3484,2360,1000,18495,8610,15750,5236,2375
05/05/2013,3800,10555,4984,34971,21855,4779,4012,1082,2930,9451,2484,6333,3484,2360,1000,18495,8610,15750,5236,2375
06/05/2013,3800,10555,4984,34971,21855,4779,4012,1082,2930,9451,2484,6333,3484,2360,1000,18495,8610,15750,5236,2375
07/05/2013,3800,10555,4984,34971,21855,4779,4012,1082,2930,9451,2484,6333,3484,2360,1000,18495,8610,15750,5236,2375
08/05/2013,3800,10555,4984,34971,21855,4779,4012,1082,2930,9451,2484,6333,3484,2360,1000,18495,8610,15750,5236,2375
09/05/2013,3800,10555,4984,34971,21855,4779,4012,1082,2930,9451,2484,6333,3484,2360,1000,18495,8610,15750,5236,2375
10/05/2013,3800,10555,4984,34971,21855,4779,4012,1082,2930,9451,2484,6333,3484,2360,1000,18495,8610,15750,5236,2375
11/05/2013,3800,10555,4984,34971,21855,4779,4012,1082,2930,9451,2484,6333,3484,2360,1000,18495,8610,15750,5236,2375
12/05/2013,3800,10555,4984,34971,21855,4779,4012,1082,2930,9451,2484,6333,3484,2360,1000,18495,8610,15750,5236,2375
13/05/2013,3800,10555,4984,34971,21855,4779,4012,1082,2930,9451,2484,6333,3484,2360,1000,18495,8610,15750,5236,2375
14/05/2013,3800,10555,4984,34971,21855,4779,4012,1082,2930,9451,2484,6333,3484,2360,1000,18495,8610,15750,5236,2375
15/05/2013,3800,10555,4984,34971,21855,4779,4012,1082,2930,9451,2484,6333,3484,2360,1000,18495,8610,15750,5236,2375
16/05/2013,3800,10555,4984,34971,21855,4779,4012,1082,2930,9451,2484,6333,3484,2360,1000,18495,8610,15750,5236,2375
17/05/2013,3800,10555,4984,34971,21855,4779,4012,1082,2930,9451,2484,6333,3484,2360,1000,18495,8610,15750,5236,2375
18/05/2013,3800,10555,4984,34971,21855,4779,4012,1082,2930,9451,2484,6333,3484,2360,1000,18495,8610,15750,5236,2375
19/05/2013,3800,10555,4984,34971,21855,4779,4012,1082,2930,9451,2484,6333,3484,2360,1000,18495,8610,15750,5236,2375
20/05/2013,3800,10555,4984,34971,21855,4779,4012,1082,2930,9451,2484,6333,3484,2360,1000,18495,8610,15750,5236,2375
21/05/2013,3800,10555,4984,34971,21855,4779,4012,1082,2930,9451,2484,6333,3484,2360,1000,18495,8610,15750,5236,2375
22/05/2013,3800,10555,4984,34971,21855,4779,4012,1082,2930,9451,2484,6333,3484,2360,1000,18495,8610,15750,5236,2375
23/05/2013,3800,10555,4984,34971,21855,4779,4012,1082,2930,9451,2484,6333,3484,2360,1000,18495,8610,15750,5236,2375
24/05/2013,3800,10555,4984,34971,21855,4779,4012,1082,2930,9451,2484,6333,3484,2360,1000,18495,8610,15750,5236,2375
25/05/2013,3800,10555,4984,34971,21855,4779,4012,1082,2930,9451,2484,6333,3484,2360,1000,18495,8610,15750,5236,2375
26/05/2013,3800,10555,4984,34971,21855,4779,4012,1082,2930,9451,2484,6333,3484,2360,1000,18495,8610,15750,5236,2375
27/05/2013,3800,10555,4984,34971,21855,4779,4012,1082,2930,9451,2484,6333,3484,2360,1000,18495,8610,15750,5236,2375
28/05/2013,3800,10555,4984,34971,21855,4779,4012,1082,2930,9451,2484,6333,3484,2360,1000,18495,8610,15750,5236,2375
29/05/2013,3800,10555,4984,34971,21855,4779,4012,1082,2930,9451,2484,6333,3484,2360,1000,18495,8610,15750,5236,2375
30/05/2013,3800,10555,4984,34971,21855,4779,4012,1082,2930,9451,2484,6333,3484,2360,1000,18495,8610,15750,5236,2375
31/05/2013,3800,10555,4984,34971,21855,4804,4012,1082,2930,9451,2484,6333,3484,2360,1000,18495,8610,15750,5236,2375
01/06/2013,3800,10635,4984,34971,21855,4804,4012,1082,2930,9584,2593,6437,3484,2360,1000,18495,8610,15750,5236,2375
02/06/2013,3800,10635,4984,34971,21855,4804,4012,1082,2930,9584,2593,6437,3484,2360,1000,18495,8610,15750,5236,2375
03/06/2013,3800,10635,4984,34971,21855,4804,4012,1082,2930,9584,2593,6437,3484,2360,1000,18495,8610,15750,5236,2375
04/06/2013,3800,10635,4984,34971,21855,4804,4012,1082,2930,9584,2593,6437,3484,2360,1000,18495,8610,15750,5236,2375
05/06/2013,3800,10635,4984,34971,21855,4804,4012,1082,2930,9584,2593,6437,3484,2360,1000,18495,8610,15750,5236,2375
06/06/2013,3800,10635,4984,34971,21855,4804,4012,1082,2930,9584,2593,6437,3484,2360,1000,18495,8610,15750,5236,2375
07/06/2013,3800,10635,4984,34971,21855,4804,4012,1082,2930,9584,2593,6437,3484,2360,1000,18495,8610,15750,5236,2375
08/06/2013,3800,10635,4984,34971,21855,4804,4012,1082,2930,9584,2593,6437,3484,2360,1000,18495,8610,15750,5236,2375
09/06/2013,3800,10635,4984,34971,21855,4804,4012,1082,2930,9584,2593,6437,3484,2360,1000,18495,8610,15750,5236,2375
10/06/2013,3800,10635,4984,34971,21855,4804,4012,1082,2930,9584,2593,6437,3484,2360,1000,18495,8610,15750,5236,2375
11/06/2013,3800,10635,4984,34971,21855,4804,4012,1082,2930,9584,2593,6437,3484,2360,1000,18495,8610,15750,5236,2375
12/06/2013,3800,10635,4984,34971,21855,4804,4012,1082,2930,9584,2593,6437,3484,2360,1000,18495,8610,15750,5236,2375
13/06/2013,3800,10635,4984,34971,21855,4804,4012,1082,2930,9584,2593,6437,3484,2360,1000,18495,8610,15750,5236,2375
14/06/2013,3800,10635,4984,34971,21855,4804,4012,1082,2930,9584,2593,6437,3484,2360,1000,18495,8610,15750,5236,2375
15/06/2013,3800,10635,4984,34971,21855,4804,4012,1082,2930,9584,2593,6437,3484,2360,1000,18495,8610,15750,5236,2375
16/06/2013,3800,10635,4984,34971,21855,4804,4012,1082,2930,9584,2593,6437,3484,2360,1000,18495,8610,15750,5236,2375
17/06/2013,3800,10635,4984,34971,21855,4804,4012,1082,2930,9584,2593,6437,3484,2360,1000,18495,8610,15750,5236,2375
18/06/2013,3800,10635,4984,34971,21855,4804,4012,1082,2930,9584,2593,6437,3484,2360,1000,18495,8610,15750,5236,2375
19/06/2013,3800,10635,4984,34971,21855,4804,4012,1082,2930,9584,2593,6437,3484,2360,1000,18495,8610,15750,5236,2375
20/06/2013,3800,10635,4984,34971,21855,4804,4012,1082,2930,9584,2593,6437,3484,2360,1000,18495,8610,15750,5236,2375
21/06/2013,3800,10635,4984,34971,21855,4804,4012,1082,2930,9584,2593,6437,3484,2360,1000,18495,8610,15750,5236,2375
22/06/2013,3800,10635,4984,34971,21855,4804,4012,1082,2930,9584,2593,6437,3484,2360,1000,18495,8610,15750,5236,2375
23/06/2013,3800,10635,4984,34971,21855,4804,4012,1082,2930,9584,2593,6437,3484,2360,1000,18495,8610,15750,5236,2375
24/06/2013,3800,10635,4984,34971,21855,4804,4012,1082,2930,9584,2593,6437,3484,2360,1000,18495,8610,15750,5236,2375
25/06/2013,3800,10635,4984,34971,21855,4804,4012,1082,2930,9584,2593,6437,3484,2360,1000,18495,8610,15750,5236,2375
26/06/2013,3800,10635,4984,34971,21855,4804,4012,1082,2930,9584,2593,6437,3484,2360,1000,18495,8610,15750,5236,2375
27/06/2013,3800,10635,4984,34971,21855,4804,4012,1082,2930,9584,2593,6437,3484,2360,1000,18495,8610,15750,5236,2375
28/06/2013,3800,10635,4984,34971,21855,4804,4012,1082,2930,9584,2593,6437,3484,2360,1000,18495,8610,15750,5236,2375
29/06/2013,3800,10635,4984,34971,21855,4804,4012,1082,2930,9584,2593,6437,3484,2360,1000,18495,8610,15750,5236,2375
30/06/2013,3800,10635,4984,34971,21855,4804,4012,1082,2930,9584,2593,6437,3484,2360,1000,18495,8610,15750,5236,2375
01/07/2013,3800,10635,4984,34971,21855,4804,4012,1082,2930,9717,2648,6543,3484,2360,1000,18495,8610,15750,5236,2375
02/07/2013,3800,10659,4984,34971,21855,4804,4012,1082,2930,9717,2648,6543,3484,2360,1000,18495,8610,15750,5236,2375
03/07/2013,3800,10659,4984,34971,21855,4804,4012,1082,2930,9717,2648,6543,3484,2360,1000,18495,8610,15750,5236,2375
04/07/2013,3800,10659,4984,34971,21855,4804,4012,1082,2930,9717,2648,6543,3484,2360,1000,18495,8610,15750,5236,2375
05/07/2013,3800,10659,4984,34971,21855,4804,4012,1082,2930,9717,2648,6543,3801,2360,1000,18495,8610,15750,5236,2375
06/07/2013,3800,10659,4984,34971,21855,4804,4012,1082,2930,9717,2648,6543,3484,2360,1000,18495,8610,15750,5236,2375
07/07/2013,3800,10659,4984,34971,21855,4804,4012,1082,2930,9717,2648,6543,3484,2360,1000,18495,8610,15750,5236,2375
08/07/2013,3800,10659,4984,34971,21855,4804,4012,1082,2930,9717,2648,6543,3484,2360,1000,18495,8610,15750,5236,2375
09/07/2013,3800,10659,4984,34971,21855,4804,4012,1082,2930,9717,2648,6543,3484,2360,1000,18495,8610,15750,5236,2375
10/07/2013,3800,10659,4984,34971,21855,4804,4012,1082,2930,9717,2648,6543,3484,2360,1000,18495,8610,15750,5236,2375
11/07/2013,3800,10659,4984,34971,21855,4804,4012,1082,2930,9717,2648,6543,3484,2360,1000,18495,8610,15750,5236,2375
12/07/2013,3800,10659,4984,34971,21855,4804,4012,1082,2930,9717,2648,6543,3484,2360,1000,18495,8610,15750,5236,2375
13/07/2013,3800,10659,4984,34971,21855,4804,4012,1082,2930,9717,2648,6543,3484,2360,1000,18495,8610,15750,5236,2375
14/07/2013,3800,10659,4984,34971,21855,4804,4012,1082,2930,9717,2648,6543,3484,2360,1000,18495,8610,15750,5236,2375
15/07/2013,3800,10659,4984,34971,21855,4804,4012,1082,2930,9717,2648,6543,3484,2360,1000,18495,8610,15750,5236,2375
16/07/2013,3800,10659,4984,34971,21855,4804,4012,1082,2930,9717,2648,6543,3484,2360,1000,18495,8610,15750,5236,2375
17/07/2013,3800,10659,4984,34971,21855,4804,4012,1082,2930,9717,2648,6543,3484,2360,1000,18495,8610,15750,5236,2375
18/07/2013,3800,10659,4984,34971,21855,4804,4012,1082,2930,9717,2648,6543,3484,2360,1000,18495,8610,15750,5236,2375
19/07/2013,3800,10659,4984,34971,21855,4804,4012,1082,2930,9717,2648,6543,3484,2360,1000,18495,8610,15750,5236,2375
20/07/2013,3800,10659,4984,34971,21855,4804,4012,1082,2930,9717,2648,6543,3484,2360,1000,18495,8610,15750,5236,2375
21/07/2013,3800,10659,4984,34971,21855,4804,4012,1082,2930,9717,2648,6543,3484,2360,1000,18495,8610,15750,5236,2375
22/07/2013,3800,10659,4984,34971,21855,4804,4012,1082,2930,9717,2648,6543,3484,2360,1000,18495,8610,15750,5236,2375
23/07/2013,3800,10659,4984,34971,21855,4804,4012,1082,2930,9717,2648,6543,3484,2360,1000,18495,8610,15750,5236,2375
24/07/2013,3800,10659,4984,34971,21855,4804,4012,1082,2930,9717,2648,6543,3484,2360,1000,18495,8610,15750,5236,2375
25/07/2013,3800,10659,4984,34971,21855,4804,4012,1082,2930,9717,2648,6543,3484,2360,1000,18495,8610,15750,5236,2375
26/07/2013,3800,10659,4984,34971,21855,4804,4012,1082,2930,9717,2648,6543,3484,2360,1000,18495,8610,15750,5236,2375
27/07/2013,3800,10659,4984,34971,21855,4804,4012,1082,2930,9717,2648,6543,3484,2360,1000,18495,8610,15750,5236,2375
28/07/2013,3800,10659,4984,34971,21855,4804,4012,1082,2930,9717,2648,6543,3484,2360,1000,18495,8610,15750,5236,2375
29/07/2013,3800,10659,4984,34971,21855,4804,4012,1082,2930,9717,2648,6543,3484,2360,1000,18495,8610,15750,5236,2375
30/07/2013,3800,10659,4984,34971,21855,4804,4012,1082,2930,9717,2648,6543,3484,2360,1000,18495,8610,15750,5236,2375
31/07/2013,3800,10659,4984,34971,21855,4804,4012,1082,2930,9717,2648,6543,3484,2360,1000,18495,8610,15750,5236,2375
01/08/2013,3800,10659,4984,34971,21855,4804,4012,1082,2930,9878,2713,6657,3484,2360,1000,18495,8610,15750,5236,2375
02/08/2013,3800,10659,4984,34971,21855,4804,4012,1082,2930,9878,2713,6657,3484,2360,1000,18495,8610,15750,5236,2375
03/08/2013,3800,10659,4984,34971,21855,4804,4012,1082,2930,9878,2713,6657,3484,2360,1000,18495,8610,15750,5236,2375
04/08/2013,3800,10659,4984,34971,21855,4804,4012,1082,2930,9878,2713,6657,3484,2360,1000,18495,8610,15750,5236,2375
05/08/2013,3800,10659,4984,34971,21855,4804,4012,1082,2930,9878,2713,6657,3484,2360,1000,18495,8610,15750,5236,2375
06/08/2013,3800,10659,4984,34971,21855,4804,4012,1082,2930,9878,2713,6657,3484,2360,1000,18495,8610,15750,5236,2375
07/08/2013,3800,10659,4984,34971,21855,4804,4012,1082,2930,9878,2713,6657,3484,2360,1000,18495,8610,15750,5236,2375
08/08/2013,3800,10659,4984,34971,21855,4804,4012,1082,2930,9878,2713,6657,3484,2360,1000,18495,8610,15750,5236,2375
09/08/2013,3800,10659,4984,34971,21855,4804,4012,1082,2930,9878,2713,6657,3484,2360,1000,18495,8610,15750,5236,2375
10/08/2013,3800,10659,4984,34971,21855,4804,4012,1082,2930,9878,2713,6657,3484,2360,1000,18495,8610,15750,5236,2375
11/08/2013,3800,10659,4984,34971,21855,4804,4012,1082,2930,9878,2713,6657,3484,2360,1000,18495,8610,15750,5236,2375
12/08/2013,3800,10659,4984,34971,21855,4804,4012,1082,2930,9878,2713,6657,3484,2360,1000,18495,8610,15750,5236,2375
13/08/2013,3800,10659,4984,34971,21855,4804,4012,1082,2930,9878,2713,6657,3484,2360,1000,18495,8610,15750,5236,2375
14/08/2013,3800,10659,4617,34971,21855,4804,4012,1082,2930,9878,2713,6657,3484,2360,1000,18495,8610,15750,5236,2375
15/08/2013,3800,10659,4617,34971,21855,4804,4012,1082,2930,9878,2713,6657,3484,2360,1000,18495,8610,15750,5236,2375
16/08/2013,3800,10659,4617,34971,21855,4804,4012,1082,2930,9878,2713,6657,3484,2360,1000,18495,8610,15750,5236,2375
17/08/2013,3800,10659,4617,34971,21855,4804,4012,1082,2930,9878,2713,6657,3484,2360,1000,18495,8610,15750,5236,2375
18/08/2013,3800,10659,4617,34971,21855,4804,4012,1082,2930,9878,2713,6657,3484,2360,1000,18495,8610,15750,5236,2375
19/08/2013,3800,10659,4617,34971,21855,4804,4012,1082,2930,9878,2713,6657,3484,2360,1000,18495,8610,15750,5236,2375
20/08/2013,3800,10659,4617,34971,21855,4804,4012,1082,2930,9878,2713,6657,3484,2360,1000,18495,8610,15750,5236,2375
21/08/2013,3800,10659,4617,34971,21855,4804,4012,1082,2930,9878,2713,6657,3484,2360,1000,18495,8610,15750,5236,2375
22/08/2013,3800,10659,4617,34971,21855,4804,4012,1082,2930,9878,2713,6657,3484,2360,1000,18495,8610,15750,5236,2375
23/08/2013,3800,10659,4617,34971,21855,4804,4012,1082,2930,9878,2713,6657,3484,2360,1000,18495,8610,15750,5236,2375
24/08/2013,3800,10659,4617,34971,21855,4804,4012,1082,2930,9878,2713,6657,3484,2360,1000,18495,8610,15750,5236,2375
25/08/2013,3800,10659,4617,34971,21855,4804,4012,1082,2930,9878,2713,6657,3484,2360,1000,18495,8610,15750,5236,2375
26/08/2013,3800,10659,4617,34971,21855,4804,4012,1082,2930,9878,2713,6657,3484,2360,1000,18495,8610,15750,5236,2375
27/08/2013,3800,10659,4617,34971,21855,4804,4012,1082,2930,9878,2713,6657,3484,2360,1000,18495,8610,15750,5236,2375
28/08/2013,3800,10659,4617,34971,21855,4804,4012,1082,2930,9878,2713,6657,3484,2360,1000,18495,8610,15750,5236,2375
29/08/2013,3800,10659,4617,34971,21855,4804,4012,1082,2930,9878,2713,6657,3484,2360,1000,18495,8610,15750,5236,2375
30/08/2013,3800,10659,4617,34971,21855,4804,4012,1082,2930,9878,2713,6657,3484,2360,1000,18495,8610,15750,5236,2375
31/08/2013,3800,10659,4617,34971,21855,4804,4012,1082,2930,9878,2713,6657,3484,2360,1000,18495,8610,15750,5236,2375
01/09/2013,3800,10659,4617,34971,21855,4804,4012,1082,2930,10110,2757,6774,3484,2360,1000,18495,8610,15750,5236,2375
02/09/2013,3800,10659,4617,34971,21855,4804,4012,1082,2930,10110,2757,6774,3484,2360,1000,18495,8610,15750,5236,2375
03/09/2013,3800,10659,4617,34971,21855,4804,4012,1082,2930,10110,2757,6774,3484,2360,1000,18495,8610,15750,5236,2375
04/09/2013,3800,10659,4617,34971,21855,4804,4012,1082,2930,10110,2757,6774,3484,2360,1000,18495,8610,15750,5236,2375
05/09/2013,3800,10659,4617,34971,21855,4804,4012,1082,2930,10110,2757,6774,3484,2360,1000,18495,8610,15750,5236,2375
06/09/2013,3800,10659,4617,34971,21855,4804,4012,1082,2930,10110,2757,6774,3484,2360,1000,18495,8610,15750,5236,2375
07/09/2013,3800,10659,4617,34971,21855,4804,4012,1082,2930,10110,2757,6774,3484,2360,1000,18495,8610,15750,5236,2375
08/09/2013,3800,10659,4617,34971,21855,4804,4012,1082,2930,10110,2757,6774,3484,2360,1000,18495,8610,15750,5236,2375
09/09/2013,3800,10659,4617,34971,21855,4804,4012,1082,2930,10110,2757,6774,3484,2360,1000,18495,8610,15750,5236,2375
10/09/2013,3800,10659,4617,34971,21855,4804,4012,1082,2930,10110,2757,6774,3484,2360,1000,18495,8610,15750,5236,2375
11/09/2013,3800,10659,4617,34971,21855,4804,4012,1082,2930,10110,2757,6774,3484,2360,1000,18495,8610,15750,5236,2375
12/09/2013,3800,10659,4617,34971,21855,4804,4012,1082,2930,10110,2757,6774,3484,2360,1000,18495,8610,15750,5236,2375
13/09/2013,3800,10659,4617,34971,21855,4804,4012,1082,2930,10110,2757,6774,3484,2360,1000,18495,8610,15750,5236,2375
14/09/2013,3800,10659,4617,34971,21855,4804,4012,1082,2930,10110,2757,6774,3484,2360,1000,18495,8610,15750,5236,2375
15/09/2013,3800,10659,4617,34971,21855,4804,4012,1082,2930,10110,2757,6774,3484,2360,1000,18495,8610,15750,5236,2375
16/09/2013,3800,10659,4617,34971,21855,4804,4012,1082,2930,10110,2757,6774,3484,2360,1000,18495,8610,15750,5236,2375
17/09/2013,3800,10659,4617,34971,21855,4804,4012,1082,2930,10110,2757,6774,3484,2360,1000,18495,8610,15750,5236,2375
18/09/2013,3800,10659,4617,34971,21855,4804,4012,1082,2930,10110,2757,6774,3484,2360,1000,18495,8610,15750,5236,2375
19/09/2013,3800,10659,4617,34971,21855,4804,4012,1082,2930,10110,2757,6774,3484,2360,1000,18495,8610,15750,5236,2375
20/09/2013,3800,10659,4617,34971,21855,4804,4012,1082,2930,10110,2757,6774,3484,2360,1000,18495,8610,15750,5236,2375
21/09/2013,3800,10659,4617,34971,21855,4804,4012,1082,2930,10110,2757,6774,3484,2360,1000,18495,8610,15750,5236,2375
22/09/2013,3800,10659,4617,34971,21855,4804,4012,1082,2930,10110,2757,6774,3484,2360,1000,18495,8610,15750,5236,2375
23/09/2013,3800,10659,4617,34971,21855,4804,4012,1082,2930,10110,2757,6774,3484,2360,1000,18495,8610,15750,5236,2375
24/09/2013,3800,10659,4617,34971,21855,4804,4012,1082,2930,10110,2757,6774,3484,2360,1000,18495,8610,15750,5236,2375
25/09/2013,3800,10659,4617,34971,21855,4804,4012,1082,2930,10110,2757,6774,3484,2360,1000,18495,8610,15750,5236,2375
26/09/2013,3800,10659,4591,34971,21855,4804,4012,1082,2930,10110,2757,6774,3484,2360,1000,18495,8610,15750,5236,2375
27/09/2013,3800,10659,4591,34971,21855,4804,4012,1082,2930,10110,2757,6774,3484,2360,1000,18495,8610,15750,5236,2375
28/09/2013,3800,10659,4591,34971,21855,4804,4012,1082,2930,10110,2757,6774,3484,2360,1000,18495,8610,15750,5236,2375
29/09/2013,3800,10659,4591,34971,21855,4804,4012,1082,2930,10110,2757,6774,3484,2360,1000,18495,8610,15750,5236,2375
30/09/2013,3800,10659,4591,34971,21855,4804,4012,1082,2930,10110,2757,6774,3484,2360,1000,18495,8610,15750,5236,2375
01/10/2013,3800,10659,4591,34971,21855,4804,4012,1082,2930,10199,2810,6892,3484,2360,1000,18495,8610,15750,5236,2375
02/10/2013,3800,10659,4591,34971,21855,4804,4012,1082,2930,10199,2810,6892,3484,2360,1000,18495,8610,15750,5236,2375
03/10/2013,3800,10659,4591,34971,21855,4804,4012,1082,2930,10199,2810,6892,3484,2360,1000,18495,8610,15750,5236,2375
04/10/2013,3800,10659,4591,34971,21855,4804,4012,1082,2930,10199,2810,6892,3484,2360,1000,18495,8610,15750,5236,2375
05/10/2013,3800,10659,4591,34971,21855,4804,4012,1082,2930,10199,2810,6892,3484,2360,1000,18495,8610,15750,5236,2375
06/10/2013,3800,10659,4591,34971,21855,4804,4012,1082,2930,10199,2810,6892,3484,2360,1000,18495,8610,15750,5236,2375
07/10/2013,3800,10659,4591,34971,21855,4804,4012,1082,2930,10199,2810,6892,3484,2360,1000,18495,8610,15750,5236,2375
08/10/2013,3800,10659,4591,34971,21855,4804,4012,1082,2930,10199,2810,6892,3484,2360,1000,18495,8610,15750,5236,2375
09/10/2013,3800,10659,4591,34971,21855,4804,4012,1082,2930,10199,2810,6892,3484,2360,1000,18495,8610,15750,5236,2375
10/10/2013,3800,10659,4591,34971,21855,4804,4012,1082,2930,10199,2810,6892,3484,2360,1000,18495,8610,15750,5236,2375
11/10/2013,3800,10659,4591,34971,21855,4804,4012,1082,2930,10199,2810,6892,3484,2360,1000,18495,8610,15750,5236,2375
12/10/2013,3800,10659,4591,34971,21855,4804,4012,1082,2930,10199,2810,6892,3484,2360,1000,18495,8610,15750,5236,2375
13/10/2013,3800,10659,4591,34971,21855,4804,4012,1082,2930,10199,2810,6892,3484,2360,1000,18495,8610,15750,5236,2375
14/10/2013,3800,10659,4591,34971,21855,4804,4012,1082,2930,10199,2810,6892,3484,2360,1000,18495,8610,15750,5236,2375
15/10/2013,3800,10659,4591,34971,21855,4804,4012,1082,2930,10199,2810,6892,3484,2360,1000,18495,8610,15750,5236,2375
16/10/2013,3800,10659,4591,34971,21855,4804,4012,1082,2930,10199,2810,6892,3484,2360,1000,18495,8610,15750,5236,2375
17/10/2013,3800,10659,4591,34971,21855,4804,4012,1082,2930,10199,2810,6892,3484,2360,1000,18495,8610,15750,5236,2375
18/10/2013,3800,10659,4591,34971,21855,4804,4012,1082,2930,10199,2810,6892,3484,2360,1000,18495,8610,15750,5236,2375
19/10/2013,3800,10659,4591,34971,21855,4804,4012,1082,2930,10199,2810,6892,3484,2360,1000,18495,8610,15750,5236,2375
20/10/2013,3800,10659,4591,34971,21855,4804,4012,1082,2930,10199,2810,6892,3484,2360,1000,18495,8610,15750,5236,2375
21/10/2013,3800,10659,4591,34971,21855,4804,4012,1082,2930,10199,2810,6892,3484,2360,1000,18495,8610,15750,5236,2375
22/10/2013,3800,10659,4591,34971,21855,4804,4012,1082,2930,10199,2810,6892,3484,2360,1000,18495,8610,15750,5236,2375
23/10/2013,3800,10659,4591,34971,21855,4804,4012,1082,2930,10199,2810,6892,3484,2360,1000,18495,8610,15750,5236,2375
24/10/2013,3800,10659,4591,34971,21855,4804,4012,1082,2930,10199,2810,6892,3484,2360,1000,18495,8610,15750,5236,2375
25/10/2013,3800,10659,4591,34971,21855,4804,4012,1082,2930,10199,2810,6892,3484,2360,1000,18495,8610,15750,5236,2375
26/10/2013,3800,10659,4591,34971,21855,4804,4012,1082,2930,10199,2810,6892,3484,2360,1000,18495,8610,15750,5236,2375
27/10/2013,3800,10659,4591,34971,21855,4804,4012,1082,2930,10199,2810,6892,3484,2360,1000,18495,8610,15750,5236,2375
28/10/2013,3800,10659,4591,34971,21855,4804,4012,1082,2930,10199,2810,6892,3700,2360,1000,18495,8610,15750,5236,2375
29/10/2013,3800,10659,3876,34971,21855,4616,4012,1082,2930,10199,2810,6892,3700,2360,1000,18495,8610,15750,5236,2375
30/10/2013,3800,10659,3876,34971,21855,4616,4012,1082,2930,10199,2810,6892,3700,2360,1000,18495,8610,15750,5236,2375
31/10/2013,3800,10659,3876,34971,21855,4616,4012,1082,2930,10199,2810,6892,3700,2360,1000,18495,8610,15750,5236,2375
01/11/2013,3800,10659,3876,34971,21855,4616,4012,1082,2930,10357,2903,6930,3700,2360,1000,18495,8610,15750,5236,2375
02/11/2013,3800,10659,3876,34971,21855,4616,4012,1082,2930,10357,2903,6930,3700,2360,1000,18495,8610,15750,5236,2375
03/11/2013,3800,10659,3876,34971,21855,4616,4012,1082,2930,10357,2903,6930,3700,2360,1000,18495,8610,15750,5236,2375
04/11/2013,3800,10659,3876,34971,21855,4616,4012,1082,2930,10357,2903,6930,3700,2360,1000,18495,8610,15750,5236,2375
05/11/2013,3800,10659,3876,34971,21855,3959,4012,1082,2930,10357,2903,6930,3700,2360,1000,18495,8610,15750,5236,2375
06/11/2013,3800,10659,3876,34971,21855,3959,4012,1082,2930,10357,2903,6930,3700,2360,1000,18495,8610,15750,5236,2375
07/11/2013,3800,10659,3876,34971,21855,3959,4012,1082,2930,10357,2903,6930,3700,2360,1000,18495,8610,15750,5236,2375
08/11/2013,3800,10659,3876,34971,21855,3959,4012,1082,2930,10357,2903,6930,3700,2360,1000,18495,8610,15750,5236,2375
09/11/2013,3800,10659,3876,34971,21855,3959,4012,1082,2930,10357,2903,6930,3700,2360,1000,18495,8610,15750,5236,2375
10/11/2013,3800,10659,3876,34971,21855,3959,4012,1082,2930,10357,2903,6930,3700,2360,1000,18495,8610,15750,5236,2375
11/11/2013,3800,10659,3876,34971,21855,3959,4012,1082,2930,10357,2903,6930,3700,2360,1000,18495,8610,15750,5236,2375
12/11/2013,3800,10659,3876,34971,21307,3959,4012,1082,2930,10357,2903,6930,3700,1812,1000,18495,8610,15750,5236,2375
13/11/2013,3800,10659,3876,34971,21307,3959,4012,1082,2930,10357,2903,6930,3700,1812,1000,18495,8610,15750,5236,2375
14/11/2013,3800,10659,3876,34971,21307,3959,4012,1082,2930,10357,2903,6930,3700,1812,1000,18495,8610,15750,5236,2375
15/11/2013,3800,10659,3876,34971,21307,3959,4012,1082,2930,10357,2903,6930,3700,1812,1000,18495,8610,15750,5236,2375
16/11/2013,3800,10659,3876,34971,21307,3959,4012,1082,2930,10357,2903,6930,3700,1812,1000,18495,8610,15750,5236,2375
17/11/2013,3800,10659,3876,34971,21307,3959,4012,1082,2930,10357,2903,6930,3700,1812,1000,18495,8610,15750,5236,2375
18/11/2013,3800,10659,3876,34971,21307,3959,4012,1082,2930,10357,2903,6930,3700,1812,1000,18495,8610,15750,5236,2375
19/11/2013,3800,10659,3876,34971,21307,3959,4012,1082,2930,10357,2903,6930,3700,1812,1000,18495,8610,15750,5236,2375
20/11/2013,3800,10659,3876,34971,21307,3959,4012,1082,2930,10357,2903,6930,3700,1812,1000,18495,8610,15750,5236,2375
21/11/2013,3800,10659,3876,34971,21307,3959,4012,1082,2930,10357,2903,6930,3700,1812,1000,18495,8610,15750,5236,2375
22/11/2013,3800,10659,3876,34971,21307,3959,4012,1082,2930,10357,2903,6930,3700,1812,1000,18495,8610,15750,5236,2375
23/11/2013,3800,10659,3876,34971,21307,3959,4012,1082,2930,10357,2903,6930,3700,1812,1000,18495,8610,15750,5236,2375
24/11/2013,3800,10659,3876,34971,21307,3959,4012,1082,2930,10357,2903,6930,3700,1812,1000,18495,8610,15750,5236,2375
25/11/2013,3800,10659,3876,34971,21307,3959,4012,1082,2930,10357,2903,6930,3700,1812,1000,18495,8610,15750,5236,2375
26/11/2013,3800,10659,3876,34971,21307,3959,4012,1082,2930,10357,2903,6930,3700,1812,1000,18495,8610,15750,5236,2375
27/11/2013,3800,10659,3876,34971,21307,3959,4012,1082,2930,10357,2903,6930,3700,1812,1000,18495,8610,15750,5236,2375
28/11/2013,3800,10659,3876,34971,21307,3959,4012,1082,2930,10357,2903,6930,3700,1812,1000,18495,8610,15750,5236,2375
29/11/2013,3800,10659,3876,34971,21307,3959,4012,1082,2930,10357,2903,6930,3700,1812,1000,18495,8610,15750,5236,2375
30/11/2013,3800,10659,3876,34971,21307,3959,4012,1082,2930,10357,2903,6930,3700,1812,1000,18495,8610,15750,5236,2375
01/12/2013,3800,10659,3876,34971,20282,3959,3999,1061,2938,10464,2994,6967,3700,1812,1000,17470,8610,15750,5236,2375
02/12/2013,3800,10659,3876,34971,20282,3959,3999,1061,2938,10464,2994,6967,3700,1812,1000,17470,8610,15750,5236,2375
03/12/2013,3800,10659,3876,34971,20282,3959,3999,1061,2938,10464,2994,6967,3700,1812,1000,17470,8610,15750,5236,2375
04/12/2013,3800,10659,3876,34971,20282,3959,3999,1061,2938,10464,2994,6967,3700,1812,1000,17470,8610,15750,5236,2375
05/12/2013,3800,10659,3876,34971,20282,3959,3999,1061,2938,10464,2994,6967,3700,1812,1000,17470,8610,15750,5236,2375
06/12/2013,3800,10659,3876,34971,20282,3959,3999,1061,2938,10464,2994,6967,3700,1812,1000,17470,8610,15750,5236,2375
07/12/2013,3800,10659,3876,34971,20282,3959,3999,1061,2938,10464,2994,6967,3700,1812,1000,17470,8610,15750,5236,2375
08/12/2013,3800,10659,3876,34971,20282,3959,3999,1061,2938,10464,2994,6967,3700,1812,1000,17470,8610,15750,5236,2375
09/12/2013,3800,10659,3876,34971,20282,3959,3999,1061,2938,10464,2994,6967,3700,1812,1000,17470,8610,15750,5236,2375
10/12/2013,3800,10659,3876,34971,20282,3959,3999,1061,2938,10464,2994,6967,3700,1812,1000,17470,8610,15750,5236,2375
11/12/2013,3800,10659,3876,34971,20282,3959,3999,1061,2938,10464,2994,6967,3700,1812,1000,17470,8610,15750,5236,2375
12/12/2013,3800,10659,3876,34971,20282,3959,3999,1061,2938,10464,2994,6967,3700,1812,1000,17470,8610,15750,5236,2375
13/12/2013,3800,10659,3876,34009,20282,3959,3999,1061,2938,10464,2994,6967,3700,1812,1000,17470,7648,15750,5236,2375
14/12/2013,3800,10659,3876,34009,20282,3959,3999,1061,2938,10464,2994,6967,3700,1812,1000,17470,7648,15750,5236,2375
15/12/2013,3800,10659,3876,34009,20282,3959,3999,1061,2938,10464,2994,6967,3700,1812,1000,17470,7648,15750,5236,2375
16/12/2013,3800,10659,3876,34009,20282,3959,3999,1061,2938,10464,2994,6967,3700,1812,1000,17470,7648,15750,5236,2375
17/12/2013,3800,10659,3876,34009,20282,3959,3999,1061,2938,10464,2994,6967,3700,1812,1000,17470,7648,15750,5236,2375
18/12/2013,3800,10659,3876,34009,20282,3959,3999,1061,2938,10464,2994,6967,3700,1812,1000,17470,7648,15750,5236,2375
19/12/2013,3800,10659,3876,34009,20282,3959,3999,1061,2938,10464,2994,6967,3700,1812,1000,17470,7648,15750,5236,2375
20/12/2013,3800,10659,3876,34009,20282,3959,3999,1061,2938,10464,2994,6967,3700,1812,1000,17470,7648,15750,5236,2375
21/12/2013,3800,10659,3876,34009,20282,3959,3999,1061,2938,10464,2994,6967,3700,1812,1000,17470,7648,15750,5236,2375
22/12/2013,3800,10659,3876,34009,20282,3959,3999,1061,2938,10464,2994,6967,3700,1812,1000,17470,7648,15750,5236,2375
23/12/2013,3800,10659,3876,34009,20282,3959,3999,1061,2938,10464,2994,6967,3700,1812,1000,17470,7648,15750,5236,2375
24/12/2013,3800,10659,3876,34009,20282,3865,3999,1061,2938,10464,2994,6967,3700,1812,1000,17470,7648,15750,5236,2375
25/12/2013,3800,10659,3876,34009,20282,3865,3999,1061,2938,10464,2994,6967,3700,1812,1000,17470,7648,15750,5236,2375
26/12/2013,3800,10659,3876,34009,20282,3865,3999,1061,2938,10464,2994,6967,3700,1812,1000,17470,7648,15750,5236,2375
27/12/2013,3800,10659,3876,34009,20282,3865,3999,1061,2938,10464,2994,6967,3700,1812,1000,17470,7648,15750,5236,2375
28/12/2013,3800,10659,3876,34009,20282,3865,3999,1061,2938,10464,2994,6967,3700,1812,1000,17470,7648,15750,5236,2375
29/12/2013,3800,10659,3876,34009,20282,3865,3999,1061,2938,10464,2994,6967,3700,1812,1000,17470,7648,15750,5236,2375
30/12/2013,3800,10659,3876,34009,20282,3865,3999,1061,2938,10464,2994,6967,3700,1812,1000,17470,7648,15750,5236,2375
31/12/2013,3800,10659,3876,34009,20282,3865,3999,1061,2938,10464,2994,6967,3700,1812,1000,17470,7648,15750,5236,2375
01/01/2014,3800,10659,3876,34009,20282,3865,3999,1061,2938,10887,3105,7005,3700,1812,1000,17470,7648,15750,5236,2375
02/01/2014,3800,10659,3876,34009,20282,3865,3999,1061,2938,10887,3105,7005,3700,1812,1000,17470,7648,15750,5236,2375
03/01/2014,3800,10659,3876,34009,20282,3865,3999,1061,2938,10887,3105,7005,3700,1812,1000,17470,7648,15750,5236,2375
04/01/2014,3800,10659,3876,34009,20282,3865,3999,1061,2938,10887,3105,7005,3700,1812,1000,17470,7648,15750,5236,2375
05/01/2014,3800,10659,3876,34009,20282,3865,3999,1061,2938,10887,3105,7005,3700,1812,1000,17470,7648,15750,5236,2375
06/01/2014,3800,10659,3876,34009,20282,3865,3999,1061,2938,10887,3105,7005,3700,1812,1000,17470,7648,15750,5236,2375
07/01/2014,3800,10659,3876,34009,20282,3865,3999,1061,2938,10887,3105,7005,3700,1812,1000,17470,7648,15750,5236,2375
08/01/2014,3800,10659,3876,34009,20282,3865,3999,1061,2938,10887,3105,7005,3700,1812,1000,17470,7648,15750,5236,2375
09/01/2014,3800,10659,3876,34009,20282,3865,3999,1061,2938,10887,3105,7005,3700,1812,1000,17470,7648,15750,5236,2375
10/01/2014,3800,10659,3876,34009,20282,3865,3999,1061,2938,10887,3105,7005,3700,1812,1000,17470,7648,15750,5236,2375
11/01/2014,3800,10659,3876,34009,20282,3865,3999,1061,2938,10887,3105,7005,3700,1812,1000,17470,7648,15750,5236,2375
12/01/2014,3800,10659,3876,34009,20282,3865,3999,1061,2938,10887,3105,7005,3700,1812,1000,17470,7648,15750,5236,2375
13/01/2014,3800,10659,3876,34009,20282,3865,3999,1061,2938,10887,3105,7005,3700,1812,1000,17470,7648,15750,5236,2375
14/01/2014,3800,10659,3876,34009,20282,3865,3999,1061,2938,10887,3105,7005,3700,1812,1000,17470,7648,15750,5236,2375
15/01/2014,3800,10659,3876,34009,20282,3865,3999,1061,2938,10887,3105,7005,3700,1812,1000,17470,7648,15750,5236,2375
16/01/2014,3800,10659,3876,34009,20282,3865,3999,1061,2938,10887,3105,7005,3700,1812,1000,17470,7648,15750,5236,2375
17/01/2014,3800,10659,3876,34009,20282,3865,3999,1061,2938,10887,3105,7005,3700,1812,1000,17470,7648,15750,5236,2375
18/01/2014,3800,10659,3876,34009,20282,3865,3999,1061,2938,10887,3105,7005,3700,1812,1000,17470,7648,15750,5236,2375
19/01/2014,3800,10659,3876,34009,20282,3865,3999,1061,2938,10887,3105,7005,3700,1812,1000,17470,7648,15750,5236,2375
20/01/2014,3800,10659,3876,34009,20282,3865,3999,1061,2938,10887,3105,7005,3700,1812,1000,17470,7648,15750,5236,2375
21/01/2014,3800,10659,3876,34009,20282,3890,3999,1061,2938,10887,3105,7005,3700,1812,1000,17470,7648,15750,5236,2375
22/01/2014,3800,10659,3876,34009,20282,3890,3999,1061,2938,10887,3105,7005,3700,1812,1000,17470,7648,15750,5236,2375
23/01/2014,3800,10659,3876,34009,20282,3890,3999,1061,2938,10887,3105,7005,3700,1812,1000,17470,7648,15750,5236,2375
24/01/2014,3800,10659,3876,34009,20282,3890,3999,1061,2938,10887,3105,7005,3700,1812,1000,17470,7648,15750,5236,2375
25/01/2014,3800,10659,3876,34009,20282,3890,3999,1061,2938,10887,3105,7005,3700,1812,1000,17470,7648,15750,5236,2375
26/01/2014,3800,10659,3876,34009,20282,3890,3999,1061,2938,10887,3105,7005,3700,1812,1000,17470,7648,15750,5236,2375
27/01/2014,3800,10659,3876,34009,20282,3890,3999,1061,2938,10887,3105,7005,3700,1812,1000,17470,7648,15750,5236,2375
28/01/2014,3800,10659,3876,34009,20282,3915,3999,1061,2938,10887,3105,7005,3700,1812,1000,17470,7648,15750,5236,2375
29/01/2014,3800,10659,3876,34009,20282,3915,3999,1061,2938,10887,3105,7005,3700,1812,1000,17470,7648,15750,5236,2375
30/01/2014,3800,10659,3876,34009,20282,3915,3999,1061,2938,10887,3105,7005,3700,1812,1000,17470,7648,15750,5236,2375
31/01/2014,3800,10659,3876,34009,20282,3940,3999,1061,2938,10887,3105,7005,3700,1812,1000,17470,7648,15750,5236,2375
01/02/2014,3800,10659,3385,34009,20237,3940,3999,1061,2938,11097,3370,7029,3700,1767,1000,17470,7648,15750,5236,2375
02/02/2014,3800,10659,3385,34009,20237,3940,3999,1061,2938,11097,3370,7029,3700,1767,1000,17470,7648,15750,5236,2375
03/02/2014,3800,10659,3385,34009,20237,3940,3999,1061,2938,11097,3370,7029,3700,1767,1000,17470,7648,15750,5236,2375
04/02/2014,3800,10659,3385,34009,20237,3940,3999,1061,2938,11097,3370,7029,3700,1767,1000,17470,7648,15750,5236,2375
05/02/2014,3800,10659,3385,34009,20237,3940,3999,1061,2938,11097,3370,7029,3700,1767,1000,17470,7648,15750,5236,2375
06/02/2014,3800,10659,3385,34009,20237,3940,3999,1061,2938,11097,3370,7029,3700,1767,1000,17470,7648,15750,5236,2375
07/02/2014,3800,10659,3385,34009,20237,3940,3999,1061,2938,11097,3370,7029,3700,1767,1000,17470,7648,15750,5236,2375
08/02/2014,3800,10659,3385,34009,20237,3940,3999,1061,2938,11097,3370,7029,3700,1767,1000,17470,7648,15750,5236,2375
09/02/2014,3800,10659,3385,34009,20237,3940,3999,1061,2938,11097,3370,7029,3700,1767,1000,17470,7648,15750,5236,2375
10/02/2014,3800,10659,3385,34009,20237,3940,3999,1061,2938,11097,3370,7029,3700,1767,1000,17470,7648,15750,5236,2375
11/02/2014,3800,10659,3385,34009,20237,3940,3999,1061,2938,11097,3370,7029,3700,1767,1000,17470,7648,15750,5236,2375
12/02/2014,3800,10659,3385,34009,20237,3940,3999,1061,2938,11097,3370,7029,3700,1767,1000,17470,7648,15750,5236,2375
13/02/2014,3800,10659,3385,34009,20237,3940,3999,1061,2938,11097,3370,7029,3700,1767,1000,17470,7648,15750,5236,2375
14/02/2014,3800,10659,3385,34009,20237,3940,3999,1061,2938,11097,3370,7029,3700,1767,1000,17470,7648,15750,5236,2375
15/02/2014,3800,10659,3385,34009,20237,3940,3999,1061,2938,11097,3370,7029,3700,1767,1000,17470,7648,15750,5236,2375
16/02/2014,3800,10659,3385,34009,20237,3940,3999,1061,2938,11097,3370,7029,3700,1767,1000,17470,7648,15750,5236,2375
17/02/2014,3800,10659,3385,34009,20237,3940,3999,1061,2938,11097,3370,7029,3700,1767,1000,17470,7648,15750,5236,2375
18/02/2014,3800,10659,3385,34009,20237,3940,3999,1061,2938,11097,3370,7029,3700,1767,1000,17470,7648,15750,5236,2375
19/02/2014,3800,10659,3385,34009,20237,3940,3999,1061,2938,11097,3370,7029,3700,1767,1000,17470,7648,15750,5236,2375
20/02/2014,3800,10659,3385,34009,20237,3940,3999,1061,2938,11097,3370,7029,3700,1767,1000,17470,7648,15750,5236,2375
21/02/2014,3800,10659,3385,34009,20237,3940,3999,1061,2938,11097,3370,7029,3700,1767,1000,17470,7648,15750,5236,2375
22/02/2014,3800,10659,3385,34009,20237,3940,3999,1061,2938,11097,3370,7029,3700,1767,1000,17470,7648,15750,5236,2375
23/02/2014,3800,10659,3385,34009,20237,3940,3999,1061,2938,11097,3370,7029,3700,1767,1000,17470,7648,15750,5236,2375
24/02/2014,3800,10659,3385,34009,20237,3940,3999,1061,2938,11097,3370,7029,3700,1767,1000,17470,7648,15750,5236,2375
25/02/2014,3800,10659,3385,34009,20237,3847,3999,1061,2938,11097,3370,7029,3700,1767,1000,17470,7648,15750,5236,2375
26/02/2014,3800,10659,3385,34009,20237,3847,3999,1061,2938,11097,3370,7029,3700,1767,1000,17470,7648,15750,5236,2375
27/02/2014,3800,10659,3385,34009,20237,3847,3999,1061,2938,11097,3370,7029,3700,1767,1000,17470,7648,15750,5236,2375
28/02/2014,3800,10659,3385,34009,20237,3847,3999,1061,2938,11097,3370,7029,3700,1767,1000,17470,7648,15750,5236,2375
01/03/2014,3800,10039,3385,34009,19737,3847,4010,1080,2930,11121,4282,7053,3700,1767,1000,16970,7648,15750,5236,2375
02/03/2014,3800,10039,3385,34009,19737,3847,4010,1080,2930,11121,4282,7053,3700,1767,1000,16970,7648,15750,5236,2375
03/03/2014,3800,10039,3385,34009,19737,3847,4010,1080,2930,11121,4282,7053,3700,1767,1000,16970,7648,15750,5236,2375
04/03/2014,3800,10039,3385,34009,19737,3847,4010,1080,2930,11121,4282,7053,3700,1767,1000,16970,7648,15750,5236,2375
05/03/2014,3800,10039,3385,34009,19737,3847,4010,1080,2930,11121,4282,7053,3700,1767,1000,16970,7648,15750,5236,2375
06/03/2014,3800,10039,3385,34009,19737,3847,4010,1080,2930,11121,4282,7053,3700,1767,1000,16970,7648,15750,5236,2375
07/03/2014,3800,10039,3385,34009,19737,3847,4010,1080,2930,11121,4282,7053,3700,1767,1000,16970,7648,15750,5236,2375
08/03/2014,3800,10039,3385,34009,19737,3847,4010,1080,2930,11121,4282,7053,3700,1767,1000,16970,7648,15750,5236,2375
09/03/2014,3800,10039,3385,34009,19737,3847,4010,1080,2930,11121,4282,7053,3700,1767,1000,16970,7648,15750,5236,2375
10/03/2014,3800,10039,3385,34009,19737,3847,4010,1080,2930,11121,4282,7053,3700,1767,1000,16970,7648,15750,5236,2375
11/03/2014,3800,10039,3385,34009,19737,3847,4010,1080,2930,11121,4282,7053,3700,1767,1000,16970,7648,15750,5236,2375
12/03/2014,3800,10039,3385,34009,19737,3523,4010,1080,2930,11121,4282,7053,3700,1767,1000,16970,7648,15750,5236,2375
13/03/2014,3800,10039,3385,34009,19737,3523,4010,1080,2930,11121,4282,7053,3700,1767,1000,16970,7648,15750,5236,2375
14/03/2014,3800,10039,3385,34009,19737,3523,4010,1080,2930,11121,4282,7053,3700,1767,1000,16970,7648,15750,5236,2375
15/03/2014,3800,10039,3385,34009,19737,3523,4010,1080,2930,11121,4282,7053,3700,1767,1000,16970,7648,15750,5236,2375
16/03/2014,3800,10039,3385,34009,19737,3523,4010,1080,2930,11121,4282,7053,3700,1767,1000,16970,7648,15750,5236,2375
17/03/2014,3800,10039,3385,34009,19737,3523,4010,1080,2930,11121,4282,7053,3700,1767,1000,16970,7648,15750,5236,2375
18/03/2014,3800,10039,3385,34009,19737,3523,4010,1080,2930,11121,4282,7053,3700,1767,1000,16970,7648,15750,5236,2375
19/03/2014,3800,10039,3385,34009,19737,3523,4010,1080,2930,11121,4282,7053,3887,1767,1000,16970,7648,15750,5236,2375
20/03/2014,3800,10039,3385,34009,19737,3523,4010,1080,2930,11121,4282,7053,3887,1767,1000,16970,7648,15750,5236,2375
21/03/2014,3800,10039,3385,34009,19737,3523,4010,1080,2930,11121,4282,7053,3887,1767,1000,16970,7648,15750,5236,2375
22/03/2014,3800,10039,3385,34009,19737,3523,4010,1080,2930,11121,4282,7053,3887,1767,1000,16970,7648,15750,5236,2375
23/03/2014,3800,10039,3385,34009,19737,3523,4010,1080,2930,11121,4282,7053,3887,1767,1000,16970,7648,15750,5236,2375
24/03/2014,3800,10039,3385,34009,19737,3523,4010,1080,2930,11121,4282,7053,3887,1767,1000,16970,7648,15750,5236,2375
25/03/2014,3800,10039,3385,34009,19737,3523,4010,1080,2930,11121,4282,7053,3887,1767,1000,16970,7648,15750,5236,2375
26/03/2014,3800,10039,3385,34009,19737,3523,4010,1080,2930,11121,4282,7053,3887,1767,1000,16970,7648,15750,5236,2375
27/03/2014,3800,10039,3385,34009,19737,3523,4010,1080,2930,11121,4282,7053,3887,1767,1000,16970,7648,15750,5236,2375
28/03/2014,3800,10039,3385,34009,19737,3523,4010,1080,2930,11121,4282,7053,3887,1767,1000,16970,7648,15750,5236,2375
29/03/2014,3800,10039,3385,34009,19737,3523,4010,1080,2930,11121,4282,7053,3887,1767,1000,16970,7648,15750,5236,2375
30/03/2014,3800,10039,3385,34009,19737,3523,4010,1080,2930,11121,4282,7053,3887,1767,1000,16970,7648,15750,5236,2375
31/03/2014,3800,10039,3385,34009,19737,3523,4010,1080,2930,11121,4282,7053,3887,1767,1000,16970,7648,15750,5236,2375
01/04/2014,3800,10039,3385,33509,18757,3523,4010,1080,2930,11214,4582,7076,3887,1767,0,16990,7148,15750,5236,2375
02/04/2014,3800,10039,3385,33509,18757,3523,4010,1080,2930,11214,4582,7076,3887,1767,0,16990,7148,15750,5236,2375
03/04/2014,3800,10039,3385,33509,18757,3523,4010,1080,2930,11214,4582,7076,3887,1767,0,16990,7148,15750,5236,2375
04/04/2014,3800,10039,3385,33509,18757,3523,4010,1080,2930,11214,4582,7076,3887,1767,0,16990,7148,15750,5236,2375
05/04/2014,3800,10039,3385,33509,18757,3523,4010,1080,2930,11214,4582,7076,3887,1767,0,16990,7148,15750,5236,2375
06/04/2014,3800,10039,3385,33509,18757,3523,4010,1080,2930,11214,4582,7076,3887,1767,0,16990,7148,15750,5236,2375
07/04/2014,3800,10039,3385,33509,18757,3523,4010,1080,2930,11214,4582,7076,3887,1767,0,16990,7148,15750,5236,2375
08/04/2014,3800,10039,3385,33509,18757,3523,4010,1080,2930,11214,4582,7076,3887,1767,0,16990,7148,15750,5236,2375
09/04/2014,3800,10039,3385,33509,18757,3523,4010,1080,2930,11214,4582,7076,3887,1767,0,16990,7148,15750,5236,2375
10/04/2014,3800,10039,3385,33509,18757,3523,4010,1080,2930,11214,4582,7076,3887,1767,0,16990,7148,15750,5236,2375
11/04/2014,3800,10039,3385,33509,18757,3523,4010,1080,2930,11214,4582,7076,3887,1767,0,16990,7148,15750,5236,2375
12/04/2014,3800,10039,3385,33509,18757,3523,4010,1080,2930,11214,4582,7076,3887,1767,0,16990,7148,15750,5236,2375
13/04/2014,3800,10039,3385,33509,18757,3523,4010,1080,2930,11214,4582,7076,3887,1767,0,16990,7148,15750,5236,2375
14/04/2014,3800,10039,3385,33509,18757,3523,4010,1080,2930,11214,4582,7076,3887,1767,0,16990,7148,15750,5236,2375
15/04/2014,3800,10039,3385,33509,18757,3523,4010,1080,2930,11214,4582,7076,3887,1767,0,16990,7148,15750,5236,2375
16/04/2014,3800,10039,3385,33509,18757,3523,4010,1080,2930,11214,4582,7076,3887,1767,0,16990,7148,15750,5236,2375
17/04/2014,3800,10039,3385,33509,18757,3523,4010,1080,2930,11214,4582,7076,3887,1767,0,16990,7148,15750,5236,2375
18/04/2014,3800,10039,3385,33509,18757,3523,4010,1080,2930,11214,4582,7076,3887,1767,0,16990,7148,15750,5236,2375
19/04/2014,3800,10039,3385,33509,18757,3523,4010,1080,2930,11214,4582,7076,3887,1767,0,16990,7148,15750,5236,2375
20/04/2014,3800,10039,3385,33509,18757,3523,4010,1080,2930,11214,4582,7076,3887,1767,0,16990,7148,15750,5236,2375
21/04/2014,3800,10039,3385,33509,18757,3523,4010,1080,2930,11214,4582,7076,3887,1767,0,16990,7148,15750,5236,2375
22/04/2014,3800,10039,3385,33509,18757,3523,4010,1080,2930,11214,4582,7076,3887,1767,0,16990,7148,15750,5236,2375
23/04/2014,3800,10039,3385,33509,18757,3523,4010,1080,2930,11214,4582,7076,3887,1767,0,16990,7148,15750,5236,2375
24/04/2014,3800,10039,3385,33509,18757,3523,4010,1080,2930,11214,4582,7076,3887,1767,0,16990,7148,15750,5236,2375
25/04/2014,3800,10039,3385,33509,18757,3523,4010,1080,2930,11214,4582,7076,3887,1767,0,16990,7148,15750,5236,2375
26/04/2014,3800,10039,3385,33509,18757,3523,4010,1080,2930,11214,4582,7076,3887,1767,0,16990,7148,15750,5236,2375
27/04/2014,3800,10039,3385,33509,18757,3523,4010,1080,2930,11214,4582,7076,3887,1767,0,16990,7148,15750,5236,2375
28/04/2014,3800,10039,3385,33509,18757,3486,4010,1080,2930,11214,4582,7076,3887,1767,0,16990,7148,15750,5236,2375
29/04/2014,3800,10039,3385,33509,18757,3486,4010,1080,2930,11214,4582,7076,3887,1767,0,16990,7148,15750,5236,2375
30/04/2014,3800,10039,3385,33509,18757,3486,4010,1080,2930,11214,4582,7076,3887,1767,0,16990,7148,15750,5236,2375
01/05/2014,3800,10039,3385,33509,18757,3486,4010,1080,2930,11287,4668,7183,3887,1767,0,16990,7148,15750,5236,2375
02/05/2014,3800,10039,3385,33509,18773,3449,4010,1080,2930,11287,4668,7183,3887,1767,0,17006,7148,15750,5236,2375
03/05/2014,3800,10039,3385,33509,18773,3449,4010,1080,2930,11287,4668,7183,3887,1767,0,17006,7148,15750,5236,2375
04/05/2014,3800,10039,3385,33509,18773,3449,4010,1080,2930,11287,4668,7183,3887,1767,0,17006,7148,15750,5236,2375
05/05/2014,3800,10039,3385,33509,18773,3449,4010,1080,2930,11287,4668,7183,3887,1767,0,17006,7148,15750,5236,2375
06/05/2014,3800,10039,3385,33509,18773,3449,4010,1080,2930,11287,4668,7183,3887,1767,0,17006,7148,15750,5236,2375
07/05/2014,3800,10039,3385,33509,18773,3449,4010,1080,2930,11287,4668,7183,3887,1767,0,17006,7148,15750,5236,2375
08/05/2014,3800,10039,3385,33509,18773,3449,4010,1080,2930,11287,4668,7183,3887,1767,0,17006,7148,15750,5236,2375
09/05/2014,3800,10039,3385,33509,18773,3449,4010,1080,2930,11287,4668,7183,3887,1767,0,17006,7148,15750,5236,2375
10/05/2014,3800,10039,3385,33509,18773,3449,4010,1080,2930,11287,4668,7183,3887,1767,0,17006,7148,15750,5236,2375
11/05/2014,3800,10039,3385,33509,18773,3449,4010,1080,2930,11287,4668,7183,3887,1767,0,17006,7148,15750,5236,2375
12/05/2014,3800,10039,3385,33509,18773,3449,4010,1080,2930,11287,4668,7183,3887,1767,0,17006,7148,15750,5236,2375
13/05/2014,3800,10039,3385,33509,18773,3449,4010,1080,2930,11287,4668,7183,3887,1767,0,17006,7148,15750,5236,2375
14/05/2014,3800,10039,3385,33509,18773,3449,4010,1080,2930,11287,4668,7183,3887,1767,0,17006,7148,15750,5236,2375
15/05/2014,3800,10039,3385,33509,18773,3449,4010,1080,2930,11287,4668,7183,3887,1767,0,17006,7148,15750,5236,2375
16/05/2014,3800,10039,3385,33509,18773,3449,4010,1080,2930,11287,4668,7183,3887,1767,0,17006,7148,15750,5236,2375
17/05/2014,3800,10039,3385,33509,18773,3449,4010,1080,2930,11287,4668,7183,3887,1767,0,17006,7148,15750,5236,2375
18/05/2014,3800,10039,3385,33509,18773,3449,4010,1080,2930,11287,4668,7183,3887,1767,0,17006,7148,15750,5236,2375
19/05/2014,3800,10039,3385,33509,18773,3449,4010,1080,2930,11287,4668,7183,3887,1767,0,17006,7148,15750,5236,2375
20/05/2014,3800,10039,3385,33509,18773,3449,4010,1080,2930,11287,4668,7183,3887,1767,0,17006,7148,15750,5236,2375
21/05/2014,3800,10039,3385,33509,18773,3449,4010,1080,2930,11287,4668,7183,3887,1767,0,17006,7148,15750,5236,2375
22/05/2014,3800,10039,3385,33509,18773,3449,4010,1080,2930,11287,4668,7183,3887,1767,0,17006,7148,15750,5236,2375
23/05/2014,3800,10039,3385,33509,18773,3449,4010,1080,2930,11287,4668,7183,3887,1767,0,17006,7148,15750,5236,2375
24/05/2014,3800,10039,3385,33509,18773,3449,4010,1080,2930,11287,4668,7183,3887,1767,0,17006,7148,15750,5236,2375
25/05/2014,3800,10039,3385,33509,18773,3449,4010,1080,2930,11287,4668,7183,3887,1767,0,17006,7148,15750,5236,2375
26/05/2014,3800,10039,3385,33509,18773,3449,4010,1080,2930,11287,4668,7183,3887,1767,0,17006,7148,15750,5236,2375
27/05/2014,3800,10039,3385,33509,18773,3449,4010,1080,2930,11287,4668,7183,3887,1767,0,17006,7148,15750,5236,2375
28/05/2014,3800,10039,3385,33509,18773,3449,4010,1080,2930,11287,4668,7183,3887,1767,0,17006,7148,15750,5236,2375
29/05/2014,3800,10039,3385,33509,18773,3449,4010,1080,2930,11287,4668,7183,3887,1767,0,17006,7148,15750,5236,2375
30/05/2014,3800,10039,3385,33509,18773,3449,4010,1080,2930,11287,4668,7183,3887,1767,0,17006,7148,15750,5236,2375
31/05/2014,3800,10039,3385,33509,18773,3449,4010,1080,2930,11287,4668,7183,3887,1767,0,17006,7148,15750,5236,2375
01/06/2014,3800,10039,3385,33509,18391,3449,4029,1099,2930,11749,4778,7292,3887,1767,0,16624,7148,15750,5236,2375
02/06/2014,3800,10039,3385,33509,18391,3449,4029,1099,2930,11749,4778,7292,3887,1767,0,16624,7148,15750,5236,2375
03/06/2014,3800,10039,3385,33509,18391,3449,4029,1099,2930,11749,4778,7292,3887,1767,0,16624,7148,15750,5236,2375
04/06/2014,3800,10039,3385,33509,18391,3449,4029,1099,2930,11749,4778,7292,3887,1767,0,16624,7148,15750,5236,2375
05/06/2014,3800,10039,3385,33509,18391,3449,4029,1099,2930,11749,4778,7292,3887,1767,0,16624,7148,15750,5236,2375
06/06/2014,3800,10039,3385,33509,18391,3449,4029,1099,2930,11749,4778,7292,3887,1767,0,16624,7148,15750,5236,2375
07/06/2014,3800,10039,3385,33509,18391,3449,4029,1099,2930,11749,4778,7292,3887,1767,0,16624,7148,15750,5236,2375
08/06/2014,3800,10039,3385,33509,18391,3449,4029,1099,2930,11749,4778,7292,3887,1767,0,16624,7148,15750,5236,2375
09/06/2014,3800,10039,3385,33509,18391,3449,4029,1099,2930,11749,4778,7292,3887,1767,0,16624,7148,15750,5236,2375
10/06/2014,3800,10039,3385,33509,18391,3449,4029,1099,2930,11749,4778,7292,3887,1767,0,16624,7148,15750,5236,2375
11/06/2014,3800,10039,3385,33509,18391,3449,4029,1099,2930,11749,4778,7292,3887,1767,0,16624,7148,15750,5236,2375
12/06/2014,3800,10039,3385,33509,18391,3449,4029,1099,2930,11749,4778,7292,3887,1767,0,16624,7148,15750,5236,2375
13/06/2014,3800,10039,3385,33509,18391,3449,4029,1099,2930,11749,4778,7292,3887,1767,0,16624,7148,15750,5236,2375
14/06/2014,3800,10039,3385,33509,18391,3449,4029,1099,2930,11749,4778,7292,3887,1767,0,16624,7148,15750,5236,2375
15/06/2014,3800,10039,3385,33509,18391,3449,4029,1099,2930,11749,4778,7292,3887,1767,0,16624,7148,15750,5236,2375
16/06/2014,3800,10039,3385,33509,18391,3449,4029,1099,2930,11749,4778,7292,3887,1767,0,16624,7148,15750,5236,2375
17/06/2014,3800,10039,3385,33509,18391,3449,4029,1099,2930,11749,4778,7292,3887,1767,0,16624,7148,15750,5236,2375
18/06/2014,3800,10039,3385,33509,18391,3449,4029,1099,2930,11749,4778,7292,3887,1767,0,16624,7148,15750,5236,2375
19/06/2014,3800,10039,3385,33509,18391,3449,4029,1099,2930,11749,4778,7292,3887,1767,0,16624,7148,15750,5236,2375
20/06/2014,3800,10039,3385,33509,18391,3449,4029,1099,2930,11749,4778,7292,3887,1767,0,16624,7148,15750,5236,2375
21/06/2014,3800,10039,3385,33509,18391,3449,4029,1099,2930,11749,4778,7292,3887,1767,0,16624,7148,15750,5236,2375
22/06/2014,3800,10039,3385,33509,18391,3449,4029,1099,2930,11749,4778,7292,3887,1767,0,16624,7148,15750,5236,2375
23/06/2014,3800,10039,3385,33509,18391,3449,4029,1099,2930,11749,4778,7292,3887,1767,0,16624,7148,15750,5236,2375
24/06/2014,3800,10039,3385,33509,18391,3449,4029,1099,2930,11749,4778,7292,3887,1767,0,16624,7148,15750,5236,2375
25/06/2014,3800,10039,3385,33509,18391,3449,4029,1099,2930,11749,4778,7292,3887,1767,0,16624,7148,15750,5236,2375
26/06/2014,3800,10039,3385,33509,18391,3449,4029,1099,2930,11749,4778,7292,3887,1767,0,16624,7148,15750,5236,2375
27/06/2014,3800,10039,3385,33509,18391,3449,4029,1099,2930,11749,4778,7292,3887,1767,0,16624,7148,15750,5236,2375
28/06/2014,3800,10039,3385,33509,18391,3449,4029,1099,2930,11749,4778,7292,3887,1767,0,16624,7148,15750,5236,2375
29/06/2014,3800,10039,3385,33509,18391,3449,4029,1099,2930,11749,4778,7292,3887,1767,0,16624,7148,15750,5236,2375
30/06/2014,3800,10039,3385,33509,18391,3449,4029,1099,2930,11749,4778,7292,3887,1767,0,16624,7148,15750,5236,2375
01/07/2014,3800,10039,3385,33509,18391,3449,4029,1099,2930,11829,4910,7402,3887,1767,0,16624,7148,15750,5236,2375
02/07/2014,3800,10039,3385,33509,18391,3449,4029,1099,2930,11829,4910,7402,3887,1767,0,16624,7148,15750,5236,2375
03/07/2014,3800,10039,3385,33509,18391,3449,4029,1099,2930,11829,4910,7402,3887,1767,0,16624,7148,15750,5236,2375
04/07/2014,3800,10039,3385,33509,18391,3449,4029,1099,2930,11829,4910,7402,3887,1767,0,16624,7148,15750,5236,2375
05/07/2014,3800,10039,3385,33509,18391,3449,4029,1099,2930,11829,4910,7402,3887,1767,0,16624,7148,15750,5236,2375
06/07/2014,3800,10039,3385,33509,18391,3449,4029,1099,2930,11829,4910,7402,3887,1767,0,16624,7148,15750,5236,2375
07/07/2014,3800,10039,3385,33509,18391,3449,4029,1099,2930,11829,4910,7402,3887,1767,0,16624,7148,15750,5236,2375
08/07/2014,3800,10039,3385,33509,18391,3449,4029,1099,2930,11829,4910,7402,3887,1767,0,16624,7148,15750,5236,2375
09/07/2014,3800,10039,3385,33509,18391,3449,4029,1099,2930,11829,4910,7402,3887,1767,0,16624,7148,15750,5236,2375
10/07/2014,3800,10039,3385,33509,18391,3449,4029,1099,2930,11829,4910,7402,3992,1767,0,16624,7148,15750,5236,2375
11/07/2014,3800,10039,3385,33509,18391,3449,4029,1099,2930,11829,4910,7402,3992,1767,0,16624,7148,15750,5236,2375
12/07/2014,3800,10039,3385,33509,18391,3449,4029,1099,2930,11829,4910,7402,3992,1767,0,16624,7148,15750,5236,2375
13/07/2014,3800,10039,3385,33509,18391,3449,4029,1099,2930,11829,4910,7402,3992,1767,0,16624,7148,15750,5236,2375
14/07/2014,3800,10039,3385,33509,18391,3449,4029,1099,2930,11829,4910,7402,3992,1767,0,16624,7148,15750,5236,2375
15/07/2014,3800,10039,3385,33509,18391,3449,4029,1099,2930,11829,4910,7402,3992,1767,0,16624,7148,15750,5236,2375
16/07/2014,3800,10039,3385,33509,18391,3449,4029,1099,2930,11829,4910,7402,3992,1767,0,16624,7148,15750,5236,2375
17/07/2014,3800,10039,3385,33509,18391,3449,4029,1099,2930,11829,4910,7402,3992,1767,0,16624,7148,15750,5236,2375
18/07/2014,3800,10039,3385,33509,18391,3449,4029,1099,2930,11829,4910,7402,3992,1767,0,16624,7148,15750,5236,2375
19/07/2014,3800,10039,3385,33509,18391,3449,4029,1099,2930,11829,4910,7402,3992,1767,0,16624,7148,15750,5236,2375
20/07/2014,3800,10039,3385,33509,18391,3449,4029,1099,2930,11829,4910,7402,3992,1767,0,16624,7148,15750,5236,2375
21/07/2014,3800,10039,3385,33509,18391,3449,4029,1099,2930,11829,4910,7402,3992,1767,0,16624,7148,15750,5236,2375
22/07/2014,3800,10039,3385,33509,18391,3449,4029,1099,2930,11829,4910,7402,3992,1767,0,16624,7148,15750,5236,2375
23/07/2014,3800,10039,3385,33509,18391,3449,4029,1099,2930,11829,4910,7402,3992,1767,0,16624,7148,15750,5236,2375
24/07/2014,3800,10039,3385,33509,18391,3449,4029,1099,2930,11829,4910,7402,3992,1767,0,16624,7148,15750,5236,2375
25/07/2014,3800,10039,3385,32902,18391,3449,4029,1099,2930,11829,4910,7402,3992,1767,0,16624,6541,15750,5236,2375
26/07/2014,3800,10039,3385,32902,18391,3449,4029,1099,2930,11829,4910,7402,3992,1767,0,16624,6541,15750,5236,2375
27/07/2014,3800,10039,3385,32902,18391,3449,4029,1099,2930,11829,4910,7402,3992,1767,0,16624,6541,15750,5236,2375
28/07/2014,3800,10039,3385,32902,18391,3449,4029,1099,2930,11829,4910,7402,3992,1767,0,16624,6541,15750,5236,2375
29/07/2014,3800,10039,3385,32902,18391,3449,4029,1099,2930,11829,4910,7402,3992,1767,0,16624,6541,15750,5236,2375
30/07/2014,3800,10039,3385,32902,18391,3449,4029,1099,2930,11829,4910,7402,3992,1767,0,16624,6541,15750,5236,2375
31/07/2014,3800,10039,3385,32902,18391,3449,4029,1099,2930,11829,4910,7402,3992,1767,0,16624,6541,15750,5236,2375
01/08/2014,3800,10039,3385,32902,18391,3449,4029,1099,2930,11811,4987,7469,3992,1767,0,16624,6541,15750,5236,2375
02/08/2014,3800,10039,3385,32902,18391,3449,4029,1099,2930,11811,4987,7469,4092,1767,0,16624,6541,15750,5236,2375
03/08/2014,3800,10039,3385,32902,18391,3449,4029,1099,2930,11811,4987,7469,4092,1767,0,16624,6541,15750,5236,2375
04/08/2014,3800,10039,3385,32902,18391,3449,4029,1099,2930,11811,4987,7469,4092,1767,0,16624,6541,15750,5236,2375
05/08/2014,3800,10039,3385,32902,18391,3449,4029,1099,2930,11811,4987,7469,4092,1767,0,16624,6541,15750,5236,2375
06/08/2014,3800,10039,3385,32902,18391,3449,4029,1099,2930,11811,4987,7469,4092,1767,0,16624,6541,15750,5236,2375
07/08/2014,3800,10039,3385,32902,18391,3449,4029,1099,2930,11811,4987,7469,4092,1767,0,16624,6541,15750,5236,2375
08/08/2014,3800,10039,3385,32902,18391,3449,4029,1099,2930,11811,4987,7469,4092,1767,0,16624,6541,15750,5236,2375
09/08/2014,3800,10039,3385,32902,18391,3449,4029,1099,2930,11811,4987,7469,4092,1767,0,16624,6541,15750,5236,2375
10/08/2014,3800,10039,3385,32902,18391,3449,4029,1099,2930,11811,4987,7469,4092,1767,0,16624,6541,15750,5236,2375
11/08/2014,3800,10039,3385,32902,18391,3449,4029,1099,2930,11811,4987,7469,4092,1767,0,16624,6541,15750,5236,2375
12/08/2014,3800,10039,3385,32902,18391,3449,4029,1099,2930,11811,4987,7469,4092,1767,0,16624,6541,15750,5236,2375
13/08/2014,3800,10039,3385,32902,18391,3449,4029,1099,2930,11811,4987,7469,4092,1767,0,16624,6541,15750,5236,2375
14/08/2014,3800,10039,3385,32902,18391,3449,4029,1099,2930,11811,4987,7469,4092,1767,0,16624,6541,15750,5236,2375
15/08/2014,3800,10039,3385,32902,18391,3449,4029,1099,2930,11811,4987,7469,4092,1767,0,16624,6541,15750,5236,2375
16/08/2014,3800,10039,3385,32902,18391,3449,4029,1099,2930,11811,4987,7469,4092,1767,0,16624,6541,15750,5236,2375
17/08/2014,3800,10039,3385,32902,18391,3449,4029,1099,2930,11811,4987,7469,4092,1767,0,16624,6541,15750,5236,2375
18/08/2014,3800,10039,3385,32902,18391,3449,4029,1099,2930,11811,4987,7469,4092,1767,0,16624,6541,15750,5236,2375
19/08/2014,3800,10039,3385,32902,18391,3449,4029,1099,2930,11811,4987,7469,4092,1767,0,16624,6541,15750,5236,2375
20/08/2014,3800,10039,3385,32902,18391,3449,4029,1099,2930,11811,4987,7469,4092,1767,0,16624,6541,15750,5236,2375
21/08/2014,3800,10039,3385,32902,18391,3449,4029,1099,2930,11811,4987,7469,4092,1767,0,16624,6541,15750,5236,2375
22/08/2014,3800,10039,3385,32902,18391,3449,4029,1099,2930,11811,4987,7469,4092,1767,0,16624,6541,15750,5236,2375
23/08/2014,3800,10039,3385,32902,18391,3449,4029,1099,2930,11811,4987,7469,4092,1767,0,16624,6541,15750,5236,2375
24/08/2014,3800,10039,3385,32902,18391,3449,4029,1099,2930,11811,4987,7469,4092,1767,0,16624,6541,15750,5236,2375
25/08/2014,3800,10039,3385,32902,18391,3449,4029,1099,2930,11811,4987,7469,4092,1767,0,16624,6541,15750,5236,2375
26/08/2014,3800,10039,3385,32902,18391,3449,4029,1099,2930,11811,4987,7469,4092,1767,0,16624,6541,15750,5236,2375
27/08/2014,3800,10039,3385,32902,18391,3449,4029,1099,2930,11811,4987,7469,4092,1767,0,16624,6541,15750,5236,2375
28/08/2014,3800,10039,3385,32902,18391,3449,4029,1099,2930,11811,4987,7469,4092,1767,0,16624,6541,15750,5236,2375
29/08/2014,3800,10039,3385,32902,18391,3449,4029,1099,2930,11811,4987,7469,4092,1767,0,16624,6541,15750,5236,2375
30/08/2014,3800,10039,3385,32902,18391,3449,4029,1099,2930,11811,4987,7469,4092,1767,0,16624,6541,15750,5236,2375
31/08/2014,3800,10039,3385,32902,18391,3449,4029,1099,2930,11811,4987,7469,4092,1767,0,16624,6541,15750,5236,2375
01/09/2014,3800,10039,3385,32902,18391,3449,4029,1099,2930,12173,5127,7537,4092,1767,0,16624,6541,15750,5236,2375
02/09/2014,3800,10039,3385,32902,18391,3449,4029,1099,2930,12173,5127,7537,4092,1767,0,16624,6541,15750,5236,2375
03/09/2014,3800,10039,3385,32902,18391,3449,4029,1099,2930,12173,5127,7537,4092,1767,0,16624,6541,15750,5236,2375
04/09/2014,3800,10039,3385,32902,18391,3449,4029,1099,2930,12173,5127,7537,4092,1767,0,16624,6541,15750,5236,2375
05/09/2014,3800,10039,3385,32902,18391,3449,4029,1099,2930,12173,5127,7537,4092,1767,0,16624,6541,15750,5236,2375
06/09/2014,3800,10039,3385,32902,18391,3449,4029,1099,2930,12173,5127,7537,4092,1767,0,16624,6541,15750,5236,2375
07/09/2014,3800,10039,3385,32902,18391,3449,4029,1099,2930,12173,5127,7537,4092,1767,0,16624,6541,15750,5236,2375
08/09/2014,3800,10039,3385,32902,18391,3449,4029,1099,2930,12173,5127,7537,4092,1767,0,16624,6541,15750,5236,2375
09/09/2014,3800,10039,3385,32902,18391,3449,4029,1099,2930,12173,5127,7537,4092,1767,0,16624,6541,15750,5236,2375
10/09/2014,3800,10039,3385,32902,18391,3449,4029,1099,2930,12173,5127,7537,4092,1767,0,16624,6541,15750,5236,2375
11/09/2014,3800,10039,3385,32902,18391,3449,4029,1099,2930,12173,5127,7537,4092,1767,0,16624,6541,15750,5236,2375
12/09/2014,3800,10039,3385,32902,18391,3449,4029,1099,2930,12173,5127,7537,4092,1767,0,16624,6541,15750,5236,2375
13/09/2014,3800,10039,3385,32902,18391,3449,4029,1099,2930,12173,5127,7537,4092,1767,0,16624,6541,15750,5236,2375
14/09/2014,3800,10039,3385,32902,18391,3449,4029,1099,2930,12173,5127,7537,4092,1767,0,16624,6541,15750,5236,2375
15/09/2014,3800,10039,3385,32902,18391,3449,4029,1099,2930,12173,5127,7537,4092,1767,0,16624,6541,15750,5236,2375
16/09/2014,3800,10039,3385,32902,18391,3449,4029,1099,2930,12173,5127,7537,4092,1767,0,16624,6541,15750,5236,2375
17/09/2014,3800,10039,3385,32902,18391,3449,4029,1099,2930,12173,5127,7537,4092,1767,0,16624,6541,15750,5236,2375
18/09/2014,3800,10039,3385,32902,18391,3449,4029,1099,2930,12173,5127,7537,4092,1767,0,16624,6541,15750,5236,2375
19/09/2014,3800,10039,3385,32902,18391,3449,4029,1099,2930,12173,5127,7537,4092,1767,0,16624,6541,15750,5236,2375
20/09/2014,3800,10039,3385,32902,18391,3449,4029,1099,2930,12173,5127,7537,4092,1767,0,16624,6541,15750,5236,2375
21/09/2014,3800,10039,3385,32902,18391,3449,4029,1099,2930,12173,5127,7537,4092,1767,0,16624,6541,15750,5236,2375
22/09/2014,3800,10039,3385,32902,18391,3449,4029,1099,2930,12173,5127,7537,4092,1767,0,16624,6541,15750,5236,2375
23/09/2014,3800,10039,3385,32902,18391,3449,4029,1099,2930,12173,5127,7537,4092,1767,0,16624,6541,15750,5236,2375
24/09/2014,3800,10039,3385,32902,18391,3449,4029,1099,2930,12173,5127,7537,4092,1767,0,16624,6541,15750,5236,2375
25/09/2014,3800,10039,3385,32902,18391,3449,4029,1099,2930,12173,5127,7537,4092,1767,0,16624,6541,15750,5236,2375
26/09/2014,3800,10039,3385,32902,18391,3449,4029,1099,2930,12173,5127,7537,4092,1767,0,16624,6541,15750,5236,2375
27/09/2014,3800,10039,3385,32902,18391,3449,4029,1099,2930,12173,5127,7537,4092,1767,0,16624,6541,15750,5236,2375
28/09/2014,3800,10039,3385,32902,18391,3449,4029,1099,2930,12173,5127,7537,4092,1767,0,16624,6541,15750,5236,2375
29/09/2014,3800,10039,3385,32902,18391,3449,4029,1099,2930,12173,5127,7537,4092,1767,0,16624,6541,15750,5236,2375
30/09/2014,3800,10039,3385,32902,18391,3449,4029,1099,2930,12173,5127,7537,4092,1767,0,16624,6541,15750,5236,2375
01/10/2014,3800,10039,3385,32902,18391,3449,4029,1099,2930,12232,5256,7605,4092,1767,0,16624,6541,15750,5236,2375
02/10/2014,3800,10039,3385,32902,18391,3449,4029,1099,2930,12232,5256,7605,4092,1767,0,16624,6541,15750,5236,2375
03/10/2014,3800,10039,3385,32902,18391,3449,4029,1099,2930,12232,5256,7605,4092,1767,0,16624,6541,15750,5236,2375
04/10/2014,3800,10039,3385,32902,18391,3449,4029,1099,2930,12232,5256,7605,4092,1767,0,16624,6541,15750,5236,2375
05/10/2014,3800,10039,3385,32902,18391,3449,4029,1099,2930,12232,5256,7605,4092,1767,0,16624,6541,15750,5236,2375
06/10/2014,3800,10039,3385,32902,18391,3449,4029,1099,2930,12232,5256,7605,4092,1767,0,16624,6541,15750,5236,2375
07/10/2014,3800,10039,3385,32902,18391,3449,4029,1099,2930,12232,5256,7605,4092,1767,0,16624,6541,15750,5236,2375
08/10/2014,3800,10039,3385,32902,18391,3449,4029,1099,2930,12232,5256,7605,4092,1767,0,16624,6541,15750,5236,2375
09/10/2014,3800,10039,3385,32902,18391,3449,4029,1099,2930,12232,5256,7605,4092,1767,0,16624,6541,15750,5236,2375
10/10/2014,3800,10039,3385,32902,18391,3449,4029,1099,2930,12232,5256,7605,4092,1767,0,16624,6541,15750,5236,2375
11/10/2014,3800,10039,3385,32902,18391,3449,4029,1099,2930,12232,5256,7605,4092,1767,0,16624,6541,15750,5236,2375
12/10/2014,3800,10039,3385,32902,18391,3449,4029,1099,2930,12232,5256,7605,4092,1767,0,16624,6541,15750,5236,2375
13/10/2014,3800,10039,3385,32902,18391,3449,4029,1099,2930,12232,5256,7605,4092,1767,0,16624,6541,15750,5236,2375
14/10/2014,3800,10039,3385,32902,18391,3449,4029,1099,2930,12232,5256,7605,4092,1767,0,16624,6541,15750,5236,2375
15/10/2014,3800,10039,3385,32902,18391,3449,4029,1099,2930,12232,5256,7605,4092,1767,0,16624,6541,15750,5236,2375
16/10/2014,3800,10039,3385,32902,18391,3449,4029,1099,2930,12232,5256,7605,4092,1767,0,16624,6541,15750,5236,2375
17/10/2014,3800,10039,3385,32902,18391,3449,4029,1099,2930,12232,5256,7605,4092,1767,0,16624,6541,15750,5236,2375
18/10/2014,3800,10039,3385,32902,18391,3449,4029,1099,2930,12232,5256,7605,4092,1767,0,16624,6541,15750,5236,2375
19/10/2014,3800,10039,3385,32902,18391,3449,4029,1099,2930,12232,5256,7605,4092,1767,0,16624,6541,15750,5236,2375
20/10/2014,3800,10039,3385,32902,18391,3449,4029,1099,2930,12232,5256,7605,4092,1767,0,16624,6541,15750,5236,2375
21/10/2014,3800,10039,3385,32902,18391,3449,4029,1099,2930,12232,5256,7605,4092,1767,0,16624,6541,15750,5236,2375
22/10/2014,3800,10039,3385,32902,18391,3449,4029,1099,2930,12232,5256,7605,4092,1767,0,16624,6541,15750,5236,2375
23/10/2014,3800,10039,3385,32902,18391,3449,4029,1099,2930,12232,5256,7605,4092,1767,0,16624,6541,15750,5236,2375
24/10/2014,3800,10039,3385,32902,18391,3449,4029,1099,2930,12232,5256,7605,4092,1767,0,16624,6541,15750,5236,2375
25/10/2014,3800,10039,3385,32902,18391,3449,4029,1099,2930,12232,5256,7605,4092,1767,0,16624,6541,15750,5236,2375
26/10/2014,3800,10039,3385,32902,18391,3449,4029,1099,2930,12232,5256,7605,4092,1767,0,16624,6541,15750,5236,2375
27/10/2014,3800,10039,3385,32902,18391,3449,4029,1099,2930,12232,5256,7605,4092,1767,0,16624,6541,15750,5236,2375
28/10/2014,3800,10039,3385,32902,18391,3449,4029,1099,2930,12232,5256,7605,4092,1767,0,16624,6541,15750,5236,2375
29/10/2014,3800,10039,3385,32902,18391,3449,4029,1099,2930,12232,5256,7605,4092,1767,0,16624,6541,15750,5236,2375
30/10/2014,3800,10039,3385,32902,18391,3449,4029,1099,2930,12232,5256,7605,4092,1767,0,16624,6541,15750,5236,2375
31/10/2014,3800,10039,3385,32902,18391,3449,4029,1099,2930,12232,5256,7605,4092,1767,0,16624,6541,15750,5236,2375
01/11/2014,3800,10039,3385,32902,18391,3449,4029,1099,2930,12422,5382,7694,4092,1767,0,16624,6541,15750,5236,2375
02/11/2014,3800,10039,3385,32902,18391,3449,4029,1099,2930,12422,5382,7694,4092,1767,0,16624,6541,15750,5236,2375
03/11/2014,3800,10039,3385,32902,18391,3449,4029,1099,2930,12422,5382,7694,4092,1767,0,16624,6541,15750,5236,2375
04/11/2014,3800,10039,3385,32902,18391,3221,4029,1099,2930,12422,5382,7694,4092,1767,0,16624,6541,15750,5236,2375
05/11/2014,3800,10039,3385,32902,18391,3221,4029,1099,2930,12422,5382,7694,4092,1767,0,16624,6541,15750,5236,2375
06/11/2014,3800,10039,3385,32902,18391,3221,4029,1099,2930,12422,5382,7694,4092,1767,0,16624,6541,15750,5236,2375
07/11/2014,3800,10039,3385,32902,18391,3221,4029,1099,2930,12422,5382,7694,4092,1767,0,16624,6541,15750,5236,2375
08/11/2014,3800,10039,3385,32902,18391,3221,4029,1099,2930,12422,5382,7694,4092,1767,0,16624,6541,15750,5236,2375
09/11/2014,3800,10039,3385,32902,18391,3221,4029,1099,2930,12422,5382,7694,4092,1767,0,16624,6541,15750,5236,2375
10/11/2014,3800,10039,3385,32902,18391,3221,4029,1099,2930,12422,5382,7694,4092,1767,0,16624,6541,15750,5236,2375
11/11/2014,3800,10039,3385,32902,18391,3221,4029,1099,2930,12422,5382,7694,4092,1767,0,16624,6541,15750,5236,2375
12/11/2014,3800,10039,3385,32902,18391,3221,4029,1099,2930,12422,5382,7694,4111,1767,0,16624,6541,15750,5236,2375
13/11/2014,3800,10039,3385,32902,18391,3221,4029,1099,2930,12422,5382,7694,4111,1767,0,16624,6541,15750,5236,2375
14/11/2014,3800,10039,3385,32902,18391,3221,4029,1099,2930,12422,5382,7694,4111,1767,0,16624,6541,15750,5236,2375
15/11/2014,3800,10039,3385,32902,18391,3221,4029,1099,2930,12422,5382,7694,4111,1767,0,16624,6541,15750,5236,2375
16/11/2014,3800,10039,3385,32902,18391,3221,4029,1099,2930,12422,5382,7694,4111,1767,0,16624,6541,15750,5236,2375
17/11/2014,3800,10039,3385,32902,18391,3221,4029,1099,2930,12422,5382,7694,4111,1767,0,16624,6541,15750,5236,2375
18/11/2014,3800,10039,3385,32902,18391,3221,4029,1099,2930,12422,5382,7694,4111,1767,0,16624,6541,15750,5236,2375
19/11/2014,3800,10039,3385,32902,18391,3221,4029,1099,2930,12422,5382,7694,4111,1767,0,16624,6541,15750,5236,2375
20/11/2014,3800,10039,3385,32902,18391,3221,4029,1099,2930,12422,5382,7694,4111,1767,0,16624,6541,15750,5236,2375
21/11/2014,3800,10039,3385,32902,18391,3221,4029,1099,2930,12422,5382,7694,4111,1767,0,16624,6541,15750,5236,2375
22/11/2014,3800,10039,3385,32902,18391,3221,4029,1099,2930,12422,5382,7694,4111,1767,0,16624,6541,15750,5236,2375
23/11/2014,3800,10039,3385,32902,18391,3221,4029,1099,2930,12422,5382,7694,4111,1767,0,16624,6541,15750,5236,2375
24/11/2014,3800,10039,3385,32902,18391,3221,4029,1099,2930,12422,5382,7694,4111,1767,0,16624,6541,15750,5236,2375
25/11/2014,3800,10039,3385,32902,18391,3221,4029,1099,2930,12422,5382,7694,4111,1767,0,16624,6541,15750,5236,2375
26/11/2014,3800,10039,3385,32902,18391,3221,4029,1099,2930,12422,5382,7694,4111,1767,0,16624,6541,15750,5236,2375
27/11/2014,3800,10039,3385,32902,18391,3221,4029,1099,2930,12422,5382,7694,4111,1767,0,16624,6541,15750,5236,2375
28/11/2014,3800,10039,3385,32902,18391,3221,4029,1099,2930,12422,5382,7694,4111,1767,0,16624,6541,15750,5236,2375
29/11/2014,3800,10039,3385,32902,18391,3221,4029,1099,2930,12422,5382,7694,4111,1767,0,16624,6541,15750,5236,2375
30/11/2014,3800,10039,3385,32902,18391,3221,4029,1099,2930,12422,5382,7694,4111,1767,0,16624,6541,15750,5236,2375
01/12/2014,3800,10039,3385,32902,18391,3221,4029,1099,2930,12702,5620,7784,4111,1767,0,16624,6541,15750,5236,2375
02/12/2014,3800,10039,3385,32902,18391,3221,4029,1099,2930,12702,5620,7784,4111,1767,0,16624,6541,15750,5236,2375
03/12/2014,3800,10039,3385,32902,18391,3221,4029,1099,2930,12702,5620,7784,4111,1767,0,16624,6541,15750,5236,2375
04/12/2014,3800,10039,3385,32902,18391,3221,4029,1099,2930,12702,5620,7784,4111,1767,0,16624,6541,15750,5236,2375
05/12/2014,3800,10039,3385,32902,18391,3221,4029,1099,2930,12702,5620,7784,4111,1767,0,16624,6541,15750,5236,2375
06/12/2014,3800,10039,3385,32902,18391,3221,4029,1099,2930,12702,5620,7784,4111,1767,0,16624,6541,15750,5236,2375
07/12/2014,3800,10039,3385,32902,18391,3221,4029,1099,2930,12702,5620,7784,4111,1767,0,16624,6541,15750,5236,2375
08/12/2014,3800,10039,3385,32902,18391,3221,4029,1099,2930,12702,5620,7784,4111,1767,0,16624,6541,15750,5236,2375
09/12/2014,3800,10039,3385,32902,18391,3221,4029,1099,2930,12702,5620,7784,4111,1767,0,16624,6541,15750,5236,2375
10/12/2014,3800,10039,3385,32902,18391,3221,4029,1099,2930,12702,5620,7784,4111,1767,0,16624,6541,15750,5236,2375
11/12/2014,3800,10039,3385,32902,18391,3221,4029,1099,2930,12702,5620,7784,4111,1767,0,16624,6541,15750,5236,2375
12/12/2014,3800,10039,3385,32902,18391,3221,4029,1099,2930,12702,5620,7784,4111,1767,0,16624,6541,15750,5236,2375
13/12/2014,3800,10039,3385,32902,18391,3221,4029,1099,2930,12702,5620,7784,4111,1767,0,16624,6541,15750,5236,2375
14/12/2014,3800,10039,3385,32902,18391,3221,4029,1099,2930,12702,5620,7784,4111,1767,0,16624,6541,15750,5236,2375
15/12/2014,3800,10039,3385,32902,18391,3221,4029,1099,2930,12702,5620,7784,4111,1767,0,16624,6541,15750,5236,2375
16/12/2014,3800,10039,3385,32902,18391,3221,4029,1099,2930,12702,5620,7784,4111,1767,0,16624,6541,15750,5236,2375
17/12/2014,3800,10039,3385,32902,18391,3221,4029,1099,2930,12702,5620,7784,4101,1767,0,16624,6541,15750,5236,2375
18/12/2014,3800,10039,3385,32902,18391,3221,4029,1099,2930,12702,5620,7784,4101,1767,0,16624,6541,15750,5236,2375
19/12/2014,3800,10039,3385,32902,18391,3221,4029,1099,2930,12702,5620,7784,4101,1767,0,16624,6541,15750,5236,2375
20/12/2014,3800,10039,3385,32902,18391,3221,4029,1099,2930,12702,5620,7784,4101,1767,0,16624,6541,15750,5236,2375
21/12/2014,3800,10039,3385,32902,18391,3221,4029,1099,2930,12702,5620,7784,4101,1767,0,16624,6541,15750,5236,2375
22/12/2014,3800,10039,3385,32902,18391,3221,4029,1099,2930,12702,5620,7784,4101,1767,0,16624,6541,15750,5236,2375
23/12/2014,3800,10039,3385,32902,18391,3221,4029,1099,2930,12702,5620,7784,4101,1767,0,16624,6541,15750,5236,2375
24/12/2014,3800,10039,3385,32902,18391,3221,4029,1099,2930,12702,5620,7784,4101,1767,0,16624,6541,15750,5236,2375
25/12/2014,3800,10039,3385,32902,18391,3221,4029,1099,2930,12702,5620,7784,4101,1767,0,16624,6541,15750,5236,2375
26/12/2014,3800,10039,3385,32902,18391,3221,4029,1099,2930,12702,5620,7784,4101,1767,0,16624,6541,15750,5236,2375
27/12/2014,3800,10039,3385,32902,18391,3221,4029,1099,2930,12702,5620,7784,4101,1767,0,16624,6541,15750,5236,2375
28/12/2014,3800,10039,3385,32902,18391,3221,4029,1099,2930,12702,5620,7784,4101,1767,0,16624,6541,15750,5236,2375
29/12/2014,3800,10039,3385,32902,18391,3221,4029,1099,2930,12702,5620,7784,4101,1767,0,16624,6541,15750,5236,2375
30/12/2014,3800,10039,3385,32902,18391,3221,4029,1099,2930,12702,5620,7784,4101,1767,0,16624,6541,15750,5236,2375
31/12/2014,3800,10039,3385,32902,18391,3221,4029,1099,2930,12702,5620,7784,4101,1767,0,16624,6541,15750,5236,2375
01/01/2015,3800,10039,3385,32902,18391,3221,4029,1099,2930,12917,5688,7875,4101,1767,0,16624,6541,15750,5236,2375
02/01/2015,3800,10039,3385,32902,18391,3221,4029,1099,2930,12917,5688,7875,4101,1767,0,16624,6541,15750,5236,2375
03/01/2015,3800,10039,3385,32902,18391,3221,4029,1099,2930,12917,5688,7875,4101,1767,0,16624,6541,15750,5236,2375
04/01/2015,3800,10039,3385,32902,18391,3221,4029,1099,2930,12917,5688,7875,4101,1767,0,16624,6541,15750,5236,2375
05/01/2015,3800,10039,3385,32902,18391,3221,4029,1099,2930,12917,5688,7875,4101,1767,0,16624,6541,15750,5236,2375
06/01/2015,3800,10039,3385,32902,18391,3221,4029,1099,2930,12917,5688,7875,4101,1767,0,16624,6541,15750,5236,2375
07/01/2015,3800,10039,3385,32902,18391,3221,4029,1099,2930,12917,5688,7875,4101,1767,0,16624,6541,15750,5236,2375
08/01/2015,3800,10039,3385,32902,18391,3221,4029,1099,2930,12917,5688,7875,4101,1767,0,16624,6541,15750,5236,2375
09/01/2015,3800,10039,3385,32902,18391,2764,4029,1099,2930,12917,5688,7875,4101,1767,0,16624,6541,15750,5236,2375
10/01/2015,3800,10039,3385,32902,18391,2764,4029,1099,2930,12917,5688,7875,4101,1767,0,16624,6541,15750,5236,2375
11/01/2015,3800,10039,3385,32902,18391,2764,4029,1099,2930,12917,5688,7875,4101,1767,0,16624,6541,15750,5236,2375
12/01/2015,3800,10039,3385,32902,18391,2764,4029,1099,2930,12917,5688,7875,4101,1767,0,16624,6541,15750,5236,2375
13/01/2015,3800,10039,3385,32902,18391,2764,4029,1099,2930,12917,5688,7875,4101,1767,0,16624,6541,15750,5236,2375
14/01/2015,3800,10039,3385,32902,18391,2764,4029,1099,2930,12917,5688,7875,4101,1767,0,16624,6541,15750,5236,2375
15/01/2015,3800,10039,3385,32902,18391,2764,4029,1099,2930,12917,5688,7875,4101,1767,0,16624,6541,15750,5236,2375
16/01/2015,3800,10039,3385,32902,18391,2764,4029,1099,2930,12917,5688,7875,4101,1767,0,16624,6541,15750,5236,2375
17/01/2015,3800,10039,3385,32902,18391,2764,4029,1099,2930,12917,5688,7875,4101,1767,0,16624,6541,15750,5236,2375
18/01/2015,3800,10039,3385,32902,18391,2764,4029,1099,2930,12917,5688,7875,4101,1767,0,16624,6541,15750,5236,2375
19/01/2015,3800,10039,3385,32902,18391,2764,4029,1099,2930,12917,5688,7875,4101,1767,0,16624,6541,15750,5236,2375
20/01/2015,3800,10039,3385,32902,18391,2764,4029,1099,2930,12917,5688,7875,4101,1767,0,16624,6541,15750,5236,2375
21/01/2015,3800,10039,3385,32902,18391,2764,4029,1099,2930,12917,5688,7875,4101,1767,0,16624,6541,15750,5236,2375
22/01/2015,3800,10039,3385,32902,18391,2764,4029,1099,2930,12917,5688,7875,4101,1767,0,16624,6541,15750,5236,2375
23/01/2015,3800,10039,3385,32902,18391,2764,4029,1099,2930,12917,5688,7875,4101,1767,0,16624,6541,15750,5236,2375
24/01/2015,3800,10039,3385,32902,18391,2764,4029,1099,2930,12917,5688,7875,4101,1767,0,16624,6541,15750,5236,2375
25/01/2015,3800,10039,3385,32902,18391,2764,4029,1099,2930,12917,5688,7875,4101,1767,0,16624,6541,15750,5236,2375
26/01/2015,3800,10039,3385,32902,18391,2764,4029,1099,2930,12917,5688,7875,4101,1767,0,16624,6541,15750,5236,2375
27/01/2015,3800,10039,3385,32902,18391,2764,4029,1099,2930,12917,5688,7875,4101,1767,0,16624,6541,15750,5236,2375
28/01/2015,3800,10039,3385,32902,18391,2764,4029,1099,2930,12917,5688,7875,4101,1767,0,16624,6541,15750,5236,2375
29/01/2015,3800,10039,3385,32902,18391,2764,4029,1099,2930,12917,5688,7875,4101,1767,0,16624,6541,15750,5236,2375
30/01/2015,3800,10039,3385,32902,18391,2764,4029,1099,2930,12917,5688,7875,4101,1767,0,16624,6541,15750,5236,2375
31/01/2015,3800,10039,3385,32902,18391,2764,4029,1099,2930,12917,5688,7875,4101,1767,0,16624,6541,15750,5236,2375
01/02/2015,3800,10039,3385,32902,18391,2764,4029,1099,2930,12974,6033,7912,4101,1767,0,16624,6541,15750,5236,2375
02/02/2015,3800,10039,3385,32902,18391,2764,4029,1099,2930,12974,6033,7912,4320,1767,0,16624,6541,15750,5236,2375
03/02/2015,3800,10039,3385,32902,18391,2764,4029,1099,2930,12974,6033,7912,4320,1767,0,16624,6541,15750,5236,2375
04/02/2015,3800,10039,3385,32902,18391,2764,4029,1099,2930,12974,6033,7912,4320,1767,0,16624,6541,15750,5236,2375
05/02/2015,3800,10039,3385,32902,18391,2764,4029,1099,2930,12974,6033,7912,4320,1767,0,16624,6541,15750,5236,2375
06/02/2015,3800,10039,3385,32902,18391,2764,4029,1099,2930,12974,6033,7912,4320,1767,0,16624,6541,15750,5236,2375
07/02/2015,3800,10039,3385,32902,18391,2764,4029,1099,2930,12974,6033,7912,4320,1767,0,16624,6541,15750,5236,2375
08/02/2015,3800,10039,3385,32902,18391,2764,4029,1099,2930,12974,6033,7912,4320,1767,0,16624,6541,15750,5236,2375
09/02/2015,3800,10039,3385,32902,18391,2764,4029,1099,2930,12974,6033,7912,4320,1767,0,16624,6541,15750,5236,2375
10/02/2015,3800,10039,3385,32902,18391,2764,4029,1099,2930,12974,6033,7912,4320,1767,0,16624,6541,15750,5236,2375
11/02/2015,3800,10039,3385,32902,18391,2764,4029,1099,2930,12974,6033,7912,4320,1767,0,16624,6541,15750,5236,2375
12/02/2015,3800,10039,3385,32902,18391,2764,4029,1099,2930,12974,6033,7912,4320,1767,0,16624,6541,15750,5236,2375
13/02/2015,3800,10039,3385,32902,18391,2089,4029,1099,2930,12974,6033,7912,4320,1767,0,16624,6541,15750,5236,2375
14/02/2015,3800,10039,3385,32902,18391,2089,4029,1099,2930,12974,6033,7912,4320,1767,0,16624,6541,15750,5236,2375
15/02/2015,3800,10039,3385,32902,18391,2089,4029,1099,2930,12974,6033,7912,4320,1767,0,16624,6541,15750,5236,2375
16/02/2015,3800,10039,3385,32902,18391,2089,4029,1099,2930,12974,6033,7912,4320,1767,0,16624,6541,15750,5236,2375
17/02/2015,3800,10039,3385,32902,18391,2089,4029,1099,2930,12974,6033,7912,4320,1767,0,16624,6541,15750,5236,2375
18/02/2015,3800,10039,3385,32902,18391,2089,4029,1099,2930,12974,6033,7912,4530,1767,0,16624,6541,15750,5236,2375
19/02/2015,3800,10039,3385,32902,18391,2089,4029,1099,2930,12974,6033,7912,4530,1767,0,16624,6541,15750,5236,2375
20/02/2015,3800,10039,3385,32902,18391,2089,4029,1099,2930,12974,6033,7912,4530,1767,0,16624,6541,15750,5236,2375
21/02/2015,3800,10039,3385,32902,18391,2089,4029,1099,2930,12974,6033,7912,4530,1767,0,16624,6541,15750,5236,2375
22/02/2015,3800,10039,3385,32902,18391,2089,4029,1099,2930,12974,6033,7912,4530,1767,0,16624,6541,15750,5236,2375
23/02/2015,3800,10039,3385,32902,18391,2089,4029,1099,2930,12974,6033,7912,4530,1767,0,16624,6541,15750,5236,2375
24/02/2015,3800,10039,3385,32902,18391,2089,4029,1099,2930,12974,6033,7912,4530,1767,0,16624,6541,15750,5236,2375
25/02/2015,3800,10039,3385,32902,18391,2089,4029,1099,2930,12974,6033,7912,4530,1767,0,16624,6541,15750,5236,2375
26/02/2015,3800,10039,3385,32902,18391,2089,4029,1099,2930,12974,6033,7912,4530,1767,0,16624,6541,15750,5236,2375
27/02/2015,3800,10039,3385,32902,18391,2089,4029,1099,2930,12974,6033,7912,4530,1767,0,16624,6541,15750,5236,2375
28/02/2015,3800,10039,3385,32902,18391,2089,4029,1099,2930,12974,6033,7912,4530,1767,0,16624,6541,15750,5236,2375
01/03/2015,3800,10039,3385,32902,18391,2089,4029,1099,2930,13311,7799,7949,4530,1767,0,16624,6541,15750,5236,2375
02/03/2015,3800,10039,3385,32902,18391,2089,4029,1099,2930,13311,7799,7949,4530,1767,0,16624,6541,15750,5236,2375
03/03/2015,3800,10039,3385,32902,18391,2089,4029,1099,2930,13311,7799,7949,4530,1767,0,16624,6541,15750,5236,2375
04/03/2015,3800,10039,3385,32902,18391,2089,4029,1099,2930,13311,7799,7949,4530,1767,0,16624,6541,15750,5236,2375
05/03/2015,3800,10039,3385,32902,18391,2089,4029,1099,2930,13311,7799,7949,4530,1767,0,16624,6541,15750,5236,2375
06/03/2015,3800,10039,3385,32902,18391,2089,4029,1099,2930,13311,7799,7949,4530,1767,0,16624,6541,15750,5236,2375
07/03/2015,3800,10039,3385,32902,18391,2089,4029,1099,2930,13311,7799,7949,4530,1767,0,16624,6541,15750,5236,2375
08/03/2015,3800,10039,3385,32902,18391,2089,4029,1099,2930,13311,7799,7949,4530,1767,0,16624,6541,15750,5236,2375
09/03/2015,3800,10039,3385,32902,18391,2089,4029,1099,2930,13311,7799,7949,4530,1767,0,16624,6541,15750,5236,2375
10/03/2015,3800,10039,3385,32902,18391,2089,4029,1099,2930,13311,7799,7949,4530,1767,0,16624,6541,15750,5236,2375
11/03/2015,3800,10039,3385,32902,18391,2089,4029,1099,2930,13311,7799,7949,4530,1767,0,16624,6541,15750,5236,2375
12/03/2015,3800,10039,3385,32902,18391,2089,4029,1099,2930,13311,7799,7949,4530,1767,0,16624,6541,15750,5236,2375
13/03/2015,3800,10039,3385,32902,18391,2089,4029,1099,2930,13311,7799,7949,4530,1767,0,16624,6541,15750,5236,2375
14/03/2015,3800,10039,3385,32902,18391,2089,4029,1099,2930,13311,7799,7949,4530,1767,0,16624,6541,15750,5236,2375
15/03/2015,3800,10039,3385,32902,18391,2089,4029,1099,2930,13311,7799,7949,4530,1767,0,16624,6541,15750,5236,2375
16/03/2015,3800,10039,3385,32902,18391,2089,4029,1099,2930,13311,7799,7949,4530,1767,0,16624,6541,15750,5236,2375
17/03/2015,3800,10039,3385,32902,18391,2089,4029,1099,2930,13311,7799,7949,4530,1767,0,16624,6541,15750,5236,2375
18/03/2015,3800,10039,3385,32902,18391,2089,4029,1099,2930,13311,7799,7949,4530,1767,0,16624,6541,15750,5236,2375
19/03/2015,3800,10039,3385,32902,18391,2089,4029,1099,2930,13311,7799,7949,4530,1767,0,16624,6541,15750,5236,2375
20/03/2015,3800,10039,3385,32902,18491,2089,4029,1099,2930,13311,7799,7949,4530,1767,0,16724,6541,15750,5236,2375
21/03/2015,3800,10039,3385,32902,18491,2089,4029,1099,2930,13311,7799,7949,4530,1767,0,16724,6541,15750,5236,2375
22/03/2015,3800,10039,3385,32902,18491,2089,4029,1099,2930,13311,7799,7949,4530,1767,0,16724,6541,15750,5236,2375
23/03/2015,3800,10039,3385,32902,18491,2089,4029,1099,2930,13311,7799,7949,4530,1767,0,16724,6541,15750,5236,2375
24/03/2015,3800,10039,3385,32902,18491,2089,4029,1099,2930,13311,7799,7949,4530,1767,0,16724,6541,15750,5236,2375
25/03/2015,3800,10039,3385,32902,18491,2089,4029,1099,2930,13311,7799,7949,4530,1767,0,16724,6541,15750,5236,2375
26/03/2015,3800,10039,3385,32902,18491,2089,4029,1099,2930,13311,7799,7949,4530,1767,0,16724,6541,15750,5236,2375
27/03/2015,3800,10039,3385,32902,18491,2089,4029,1099,2930,13311,7799,7949,4530,1767,0,16724,6541,15750,5236,2375
28/03/2015,3800,10039,3385,32902,18491,2089,4029,1099,2930,13311,7799,7949,4530,1767,0,16724,6541,15750,5236,2375
29/03/2015,3800,10039,3385,32902,18491,2089,4029,1099,2930,13311,7799,7949,4530,1767,0,16724,6541,15750,5236,2375
30/03/2015,3800,10055,3385,32902,18491,2089,4029,1099,2930,13311,7799,7949,4530,1767,0,16724,6541,15750,5236,2375
31/03/2015,3800,10055,3385,32902,18491,2089,4029,1099,2930,13311,7799,7949,4530,1767,0,16724,6541,15750,5236,2375
01/04/2015,3800,10055,3805,32902,18911,2089,4029,1099,2930,13405,8151,7986,4530,1767,0,17144,6541,15750,5236,2375
02/04/2015,3800,10055,3805,32902,18911,2089,4029,1099,2930,13405,8151,7986,4530,1767,0,17144,6541,15750,5236,2375
03/04/2015,3800,10055,3805,32902,18911,2089,4029,1099,2930,13405,8151,7986,4530,1767,0,17144,6541,15750,5236,2375
04/04/2015,3800,10055,3805,32902,18911,2089,4029,1099,2930,13405,8151,7986,4530,1767,0,17144,6541,15750,5236,2375
05/04/2015,3800,10055,3805,32902,18911,2089,4029,1099,2930,13405,8151,7986,4530,1767,0,17144,6541,15750,5236,2375
06/04/2015,3800,10055,3805,32902,18911,2089,4029,1099,2930,13405,8151,7986,4530,1767,0,17144,6541,15750,5236,2375
07/04/2015,3800,10055,3805,32902,18911,2089,4029,1099,2930,13405,8151,7986,4530,1767,0,17144,6541,15750,5236,2375
08/04/2015,3800,10055,3805,32902,18911,2089,4029,1099,2930,13405,8151,7986,4530,1767,0,17144,6541,15750,5236,2375
09/04/2015,3800,10055,3805,32902,18911,2089,4029,1099,2930,13405,8151,7986,4530,1767,0,17144,6541,15750,5236,2375
10/04/2015,3800,10055,3805,32902,18911,2089,4029,1099,2930,13405,8151,7986,4530,1767,0,17144,6541,15750,5236,2375
11/04/2015,3800,10055,3805,32902,18911,2089,4029,1099,2930,13405,8151,7986,4530,1767,0,17144,6541,15750,5236,2375
12/04/2015,3800,10055,3805,32902,18911,2089,4029,1099,2930,13405,8151,7986,4530,1767,0,17144,6541,15750,5236,2375
13/04/2015,3800,10055,3805,32902,18911,2089,4029,1099,2930,13405,8151,7986,4530,1767,0,17144,6541,15750,5236,2375
14/04/2015,3800,10055,3805,32902,18911,2089,4029,1099,2930,13405,8151,7986,4530,1767,0,17144,6541,15750,5236,2375
15/04/2015,3800,10055,3805,32902,18911,2089,4029,1099,2930,13405,8151,7986,4530,1767,0,17144,6541,15750,5236,2375
16/04/2015,3800,10055,3805,32902,18911,2089,4029,1099,2930,13405,8151,7986,4530,1767,0,17144,6541,15750,5236,2375
17/04/2015,3800,10055,3805,32902,18911,2089,4029,1099,2930,13405,8151,7986,4530,1767,0,17144,6541,15750,5236,2375
18/04/2015,3800,10055,3805,32902,18911,2089,4029,1099,2930,13405,8151,7986,4530,1767,0,17144,6541,15750,5236,2375
19/04/2015,3800,10055,3805,32902,18911,2089,4029,1099,2930,13405,8151,7986,4530,1767,0,17144,6541,15750,5236,2375
20/04/2015,3800,10055,3805,32902,18911,2089,4029,1099,2930,13405,8151,7986,4530,1767,0,17144,6541,15750,5236,2375
21/04/2015,3800,10055,3805,32902,18911,2089,4029,1099,2930,13405,8151,7986,4530,1767,0,17144,6541,15750,5236,2375
22/04/2015,3800,10055,3805,32902,18911,2089,4029,1099,2930,13405,8151,7986,4530,1767,0,17144,6541,15750,5236,2375
23/04/2015,3800,10055,3805,32902,18911,2089,4029,1099,2930,13405,8151,7986,4530,1767,0,17144,6541,15750,5236,2375
24/04/2015,3800,10055,3805,32902,18911,2089,4029,1099,2930,13405,8151,7986,4530,1767,0,17144,6541,15750,5236,2375
25/04/2015,3800,10055,3805,32902,18911,2089,4029,1099,2930,13405,8151,7986,4530,1767,0,17144,6541,15750,5236,2375
26/04/2015,3800,10055,3805,32902,18911,2089,4029,1099,2930,13405,8151,7986,4530,1767,0,17144,6541,15750,5236,2375
27/04/2015,3800,10055,3805,32902,18911,2089,4029,1099,2930,13405,8151,7986,4530,1767,0,17144,6541,15750,5236,2375
28/04/2015,3800,10055,3805,32902,18911,2089,4029,1099,2930,13405,8151,7986,4530,1767,0,17144,6541,15750,5236,2375
29/04/2015,3800,10055,3805,32902,18911,2089,4029,1099,2930,13405,8151,7986,4530,1767,0,17144,6541,15750,5236,2375
30/04/2015,3800,10055,3805,32902,18911,2089,4029,1099,2930,13405,8151,7986,4530,1767,0,17144,6541,15750,5236,2375
01/05/2015,3800,10055,3805,32902,18911,2089,4029,1099,2930,13431,8225,8016,4530,1767,0,17144,6541,15750,5236,2375
02/05/2015,3800,10055,3805,32902,18911,2089,4029,1099,2930,13431,8225,8016,4530,1767,0,17144,6541,15750,5236,2375
03/05/2015,3800,10055,3805,32902,18911,2089,4029,1099,2930,13431,8225,8016,4530,1767,0,17144,6541,15750,5236,2375
04/05/2015,3800,10055,3805,32902,18911,2089,4029,1099,2930,13431,8225,8016,4530,1767,0,17144,6541,15750,5236,2375
05/05/2015,3800,10055,3805,32902,18911,2089,4029,1099,2930,13431,8225,8016,4530,1767,0,17144,6541,15750,5236,2375
06/05/2015,3800,10055,3805,32902,18911,2089,4029,1099,2930,13431,8225,8016,4530,1767,0,17144,6541,15750,5236,2375
07/05/2015,3800,10055,3805,32902,18911,2089,4029,1099,2930,13431,8225,8016,4530,1767,0,17144,6541,15750,5236,2375
08/05/2015,3800,10055,3805,32902,18911,2089,4029,1099,2930,13431,8225,8016,4530,1767,0,17144,6541,15750,5236,2375
09/05/2015,3800,10055,3805,32902,18911,2089,4029,1099,2930,13431,8225,8016,4530,1767,0,17144,6541,15750,5236,2375
10/05/2015,3800,10055,3805,32902,18911,2089,4029,1099,2930,13431,8225,8016,4530,1767,0,17144,6541,15750,5236,2375
11/05/2015,3800,10055,3805,32902,18911,2089,4029,1099,2930,13431,8225,8016,4530,1767,0,17144,6541,15750,5236,2375
12/05/2015,3800,10055,3805,32902,18911,2089,4029,1099,2930,13431,8225,8016,4530,1767,0,17144,6541,15750,5236,2375
13/05/2015,3800,10055,3805,32902,18911,2089,4029,1099,2930,13431,8225,8016,4530,1767,0,17144,6541,15750,5236,2375
14/05/2015,3800,10055,3805,32902,18911,2089,4029,1099,2930,13431,8225,8016,4530,1767,0,17144,6541,15750,5236,2375
15/05/2015,3800,10055,3805,32902,18911,2089,4029,1099,2930,13431,8225,8016,4530,1767,0,17144,6541,15750,5236,2375
16/05/2015,3800,10055,3805,32902,18911,2089,4029,1099,2930,13431,8225,8016,4530,1767,0,17144,6541,15750,5236,2375
17/05/2015,3800,10055,3805,32902,18911,2089,4029,1099,2930,13431,8225,8016,4530,1767,0,17144,6541,15750,5236,2375
18/05/2015,3800,10055,3805,32902,18911,2089,4029,1099,2930,13431,8225,8016,4530,1767,0,17144,6541,15750,5236,2375
19/05/2015,3800,10055,3805,32902,18911,2089,4029,1099,2930,13431,8225,8016,4530,1767,0,17144,6541,15750,5236,2375
20/05/2015,3800,10055,3805,32902,18911,2089,4029,1099,2930,13431,8225,8016,4530,1767,0,17144,6541,15750,5236,2375
21/05/2015,3800,10055,3805,32902,18911,2089,4029,1099,2930,13431,8225,8016,4530,1767,0,17144,6541,15750,5236,2375
22/05/2015,3800,10055,3805,32902,18911,2089,4029,1099,2930,13431,8225,8016,4530,1767,0,17144,6541,15750,5236,2375
23/05/2015,3800,10055,3805,32902,18911,2089,4029,1099,2930,13431,8225,8016,4530,1767,0,17144,6541,15750,5236,2375
24/05/2015,3800,10055,3805,32902,18911,2089,4029,1099,2930,13431,8225,8016,4530,1767,0,17144,6541,15750,5236,2375
25/05/2015,3800,10055,3805,32902,18911,2089,4029,1099,2930,13431,8225,8016,4530,1767,0,17144,6541,15750,5236,2375
26/05/2015,3800,10055,3805,32902,18911,2089,4029,1099,2930,13431,8225,8016,4530,1767,0,17144,6541,15750,5236,2375
27/05/2015,3800,10055,3805,32902,18911,2089,4029,1099,2930,13431,8225,8016,4530,1767,0,17144,6541,15750,5236,2375
28/05/2015,3800,10055,3805,32902,18911,2089,4029,1099,2930,13431,8225,8016,4530,1767,0,17144,6541,15750,5236,2375
29/05/2015,3800,10055,3805,32902,18911,2089,4029,1099,2930,13431,8225,8016,4530,1767,0,17144,6541,15750,5236,2375
30/05/2015,3800,10055,3805,32902,18911,2089,4029,1099,2930,13431,8225,8016,4530,1767,0,17144,6541,15750,5236,2375
31/05/2015,3800,10055,3805,32902,18911,2089,4029,1099,2930,13431,8225,8016,4530,1767,0,17144,6541,15750,5236,2375
01/06/2015,3800,10071,3805,32902,18925,2089,4029,1099,2930,13421,8342,8047,4530,1767,0,17158,6541,15750,5236,2375
02/06/2015,3800,10071,3805,32902,18925,2089,4029,1099,2930,13421,8342,8047,4530,1767,0,17158,6541,15750,5236,2375
03/06/2015,3800,10071,3805,32902,18925,2089,4029,1099,2930,13421,8342,8047,4530,1767,0,17158,6541,15750,5236,2375
04/06/2015,3800,10071,3805,32902,18925,2089,4029,1099,2930,13421,8342,8047,4530,1767,0,17158,6541,15750,5236,2375
05/06/2015,3800,10071,3805,32902,18925,2089,4029,1099,2930,13421,8342,8047,4530,1767,0,17158,6541,15750,5236,2375
06/06/2015,3800,10071,3805,32902,18925,2089,4029,1099,2930,13421,8342,8047,4530,1767,0,17158,6541,15750,5236,2375
07/06/2015,3800,10071,3805,32902,18925,2089,4029,1099,2930,13421,8342,8047,4530,1767,0,17158,6541,15750,5236,2375
08/06/2015,3800,10071,3805,32902,18925,2089,4029,1099,2930,13421,8342,8047,4530,1767,0,17158,6541,15750,5236,2375
09/06/2015,3800,10071,3805,32902,18925,2089,4029,1099,2930,13421,8342,8047,4530,1767,0,17158,6541,15750,5236,2375
10/06/2015,3800,10071,3805,32902,18925,2089,4029,1099,2930,13421,8342,8047,4530,1767,0,17158,6541,15750,5236,2375
11/06/2015,3800,10071,3805,32902,18925,2089,4029,1099,2930,13421,8342,8047,4530,1767,0,17158,6541,15750,5236,2375
12/06/2015,3800,10071,3805,32902,18925,2089,4029,1099,2930,13421,8342,8047,4530,1767,0,17158,6541,15750,5236,2375
13/06/2015,3800,10071,3805,32902,18925,2089,4029,1099,2930,13421,8342,8047,4530,1767,0,17158,6541,15750,5236,2375
14/06/2015,3800,10071,3805,32902,18925,2089,4029,1099,2930,13421,8342,8047,4530,1767,0,17158,6541,15750,5236,2375
15/06/2015,3800,10071,3805,32902,18925,2089,4029,1099,2930,13421,8342,8047,4530,1767,0,17158,6541,15750,5236,2375
16/06/2015,3800,10071,3805,32902,18925,2089,4029,1099,2930,13421,8342,8047,4530,1767,0,17158,6541,15750,5236,2375
17/06/2015,3800,10071,3805,32902,18925,2089,4029,1099,2930,13421,8342,8047,4530,1767,0,17158,6541,15750,5236,2375
18/06/2015,3800,10071,3805,32902,18925,2089,4029,1099,2930,13421,8342,8047,4530,1767,0,17158,6541,15750,5236,2375
19/06/2015,3800,10071,3805,32902,18925,2089,4029,1099,2930,13421,8342,8047,4530,1767,0,17158,6541,15750,5236,2375
20/06/2015,3800,10071,3805,32902,18925,2089,4029,1099,2930,13421,8342,8047,4530,1767,0,17158,6541,15750,5236,2375
21/06/2015,3800,10071,3805,32902,18925,2089,4029,1099,2930,13421,8342,8047,4530,1767,0,17158,6541,15750,5236,2375
22/06/2015,3800,10071,3805,32902,18925,2089,4029,1099,2930,13421,8342,8047,4530,1767,0,17158,6541,15750,5236,2375
23/06/2015,3800,10071,3805,32902,18925,2089,4029,1099,2930,13421,8342,8047,4530,1767,0,17158,6541,15750,5236,2375
24/06/2015,3800,10071,3805,32902,18925,2089,4029,1099,2930,13421,8342,8047,4530,1767,0,17158,6541,15750,5236,2375
25/06/2015,3800,10071,3805,32902,18925,2089,4029,1099,2930,13421,8342,8047,4530,1767,0,17158,6541,15750,5236,2375
26/06/2015,3800,10071,3805,32902,18925,2089,4029,1099,2930,13421,8342,8047,4530,1767,0,17158,6541,15750,5236,2375
27/06/2015,3800,10071,3805,32902,18925,2089,4029,1099,2930,13421,8342,8047,4530,1767,0,17158,6541,15750,5236,2375
28/06/2015,3800,10071,3805,32902,18925,2089,4029,1099,2930,13421,8342,8047,4530,1767,0,17158,6541,15750,5236,2375
29/06/2015,3800,10071,3805,32902,18925,2089,4029,1099,2930,13421,8342,8047,4530,1767,0,17158,6541,15750,5236,2375
30/06/2015,3800,10071,3805,32902,18925,2089,4029,1099,2930,13421,8342,8047,4530,1767,0,17158,6541,15750,5236,2375
01/07/2015,3800,10071,3805,32902,18925,2089,4029,1099,2930,13491,8429,8077,4530,1767,0,17158,6541,15750,5236,2375
02/07/2015,3800,10071,3805,32902,18925,2089,4029,1099,2930,13491,8429,8077,4530,1767,0,17158,6541,15750,5236,2375
03/07/2015,3800,10071,3805,32902,18925,2089,4029,1099,2930,13491,8429,8077,4530,1767,0,17158,6541,15750,5236,2375
04/07/2015,3800,10071,3805,32902,18925,2089,4029,1099,2930,13491,8429,8077,4530,1767,0,17158,6541,15750,5236,2375
05/07/2015,3800,10071,3805,32902,18925,2089,4029,1099,2930,13491,8429,8077,4530,1767,0,17158,6541,15750,5236,2375
06/07/2015,3800,10071,3805,32902,18925,2089,4029,1099,2930,13491,8429,8077,4530,1767,0,17158,6541,15750,5236,2375
07/07/2015,3800,10071,3805,32902,18925,2089,4029,1099,2930,13491,8429,8077,4530,1767,0,17158,6541,15750,5236,2375
08/07/2015,3800,10071,3805,32902,18925,2089,4029,1099,2930,13491,8429,8077,4530,1767,0,17158,6541,15750,5236,2375
09/07/2015,3800,10071,3805,32902,18925,2089,4029,1099,2930,13491,8429,8077,4530,1767,0,17158,6541,15750,5236,2375
10/07/2015,3800,10071,3805,32902,18925,2089,4029,1099,2930,13491,8429,8077,4530,1767,0,17158,6541,15750,5236,2375
11/07/2015,3800,10071,3805,32902,18925,2089,4029,1099,2930,13491,8429,8077,4530,1767,0,17158,6541,15750,5236,2375
12/07/2015,3800,10071,3805,32902,18925,2089,4029,1099,2930,13491,8429,8077,4530,1767,0,17158,6541,15750,5236,2375
13/07/2015,3800,10071,3805,32902,18925,2089,4029,1099,2930,13491,8429,8077,4530,1767,0,17158,6541,15750,5236,2375
14/07/2015,3800,10071,3805,32902,18925,2089,4029,1099,2930,13491,8429,8077,4530,1767,0,17158,6541,15750,5236,2375
15/07/2015,3800,10071,3805,32902,18925,2089,4029,1099,2930,13491,8429,8077,4530,1767,0,17158,6541,15750,5236,2375
16/07/2015,3800,10071,3805,32902,18925,2089,4029,1099,2930,13491,8429,8077,4530,1767,0,17158,6541,15750,5236,2375
17/07/2015,3800,10071,3805,32902,18925,2089,4029,1099,2930,13491,8429,8077,4530,1767,0,17158,6541,15750,5236,2375
18/07/2015,3800,10071,3805,33372,18925,2089,4029,1099,2930,13491,8429,8077,4530,1767,0,17158,6541,15750,5236,2845
19/07/2015,3800,10071,3805,33372,18925,2089,4029,1099,2930,13491,8429,8077,4530,1767,0,17158,6541,15750,5236,2845
20/07/2015,3800,10071,3805,33372,18438,2089,4029,1099,2930,13491,8429,8077,4530,1280,0,17158,6541,15750,5236,2845
21/07/2015,3800,10071,3805,33372,18438,2089,4029,1099,2930,13491,8429,8077,4530,1280,0,17158,6541,15750,5236,2845
22/07/2015,3800,10071,3805,33372,18438,2089,4029,1099,2930,13491,8429,8077,4530,1280,0,17158,6541,15750,5236,2845
23/07/2015,3800,10071,3805,33372,18438,2089,4029,1099,2930,13491,8429,8077,4530,1280,0,17158,6541,15750,5236,2845
24/07/2015,3800,10071,3805,33372,18438,2089,4029,1099,2930,13491,8429,8077,4530,1280,0,17158,6541,15750,5236,2845
25/07/2015,3800,10071,3805,33372,18438,2089,4029,1099,2930,13491,8429,8077,4530,1280,0,17158,6541,15750,5236,2845
26/07/2015,3800,10071,3805,33372,18438,2089,4029,1099,2930,13491,8429,8077,4530,1280,0,17158,6541,15750,5236,2845
27/07/2015,3800,10071,3805,33372,18438,2089,4029,1099,2930,13491,8429,8077,4530,1280,0,17158,6541,15750,5236,2845
28/07/2015,3800,10071,3805,33372,18438,2089,4029,1099,2930,13491,8429,8077,4530,1280,0,17158,6541,15750,5236,2845
29/07/2015,3800,10071,3805,33372,18438,2089,4029,1099,2930,13491,8429,8077,4530,1280,0,17158,6541,15750,5236,2845
30/07/2015,3800,10071,3805,33372,18438,2089,4029,1099,2930,13491,8429,8077,4530,1280,0,17158,6541,15750,5236,2845
31/07/2015,3800,10071,3805,33372,18438,2089,4029,1099,2930,13491,8429,8077,4530,1280,0,17158,6541,15750,5236,2845
01/08/2015,3800,10071,3805,33372,18438,2089,4029,1099,2930,13540,8529,8146,4530,1280,0,17158,6541,15750,5236,2845
02/08/2015,3800,10071,3805,33372,18438,2089,4029,1099,2930,13540,8529,8146,4530,1280,0,17158,6541,15750,5236,2845
03/08/2015,3800,10071,3805,33372,18438,2089,4029,1099,2930,13540,8529,8146,4530,1280,0,17158,6541,15750,5236,2845
04/08/2015,3800,10071,3805,33372,18438,2089,4029,1099,2930,13540,8529,8146,4530,1280,0,17158,6541,15750,5236,2845
05/08/2015,3800,10071,3805,33372,18438,2089,4029,1099,2930,13540,8529,8146,4530,1280,0,17158,6541,15750,5236,2845
06/08/2015,3800,10071,3805,33372,18438,2089,4029,1099,2930,13540,8529,8146,4530,1280,0,17158,6541,15750,5236,2845
07/08/2015,3800,10071,3805,33372,18438,2089,4029,1099,2930,13540,8529,8146,4530,1280,0,17158,6541,15750,5236,2845
08/08/2015,3800,10071,3805,33372,18438,2089,4029,1099,2930,13540,8529,8146,4530,1280,0,17158,6541,15750,5236,2845
09/08/2015,3800,10071,3805,33372,18438,2089,4029,1099,2930,13540,8529,8146,4530,1280,0,17158,6541,15750,5236,2845
10/08/2015,3800,10071,3805,33372,18438,2089,4029,1099,2930,13540,8529,8146,4530,1280,0,17158,6541,15750,5236,2845
11/08/2015,3800,10071,3805,33372,18438,2089,4029,1099,2930,13540,8529,8146,4530,1280,0,17158,6541,15750,5236,2845
12/08/2015,3800,10071,3805,33372,18438,2089,4029,1099,2930,13540,8529,8146,4530,1280,0,17158,6541,15750,5236,2845
13/08/2015,3800,10071,3805,33372,18438,2089,4029,1099,2930,13540,8529,8146,4530,1280,0,17158,6541,15750,5236,2845
14/08/2015,3800,10071,3805,33372,18438,2089,4029,1099,2930,13540,8529,8146,4530,1280,0,17158,6541,15750,5236,2845
15/08/2015,3800,10071,3805,33372,18438,2089,4029,1099,2930,13540,8529,8146,4530,1280,0,17158,6541,15750,5236,2845
16/08/2015,3800,10071,3805,33372,18438,2089,4029,1099,2930,13540,8529,8146,4530,1280,0,17158,6541,15750,5236,2845
17/08/2015,3800,10071,3805,33372,18438,2089,4029,1099,2930,13540,8529,8146,4530,1280,0,17158,6541,15750,5236,2845
18/08/2015,3800,10071,3805,33372,18438,2089,4029,1099,2930,13540,8529,8146,4530,1280,0,17158,6541,15750,5236,2845
19/08/2015,3800,10071,3805,33372,18438,2089,4029,1099,2930,13540,8529,8146,4530,1280,0,17158,6541,15750,5236,2845
20/08/2015,3800,10071,3805,33372,18438,2089,4029,1099,2930,13540,8529,8146,4530,1280,0,17158,6541,15750,5236,2845
21/08/2015,3800,10071,3805,33372,18438,2089,4029,1099,2930,13540,8529,8146,4530,1280,0,17158,6541,15750,5236,2845
22/08/2015,3800,10071,3805,33372,18438,2089,4029,1099,2930,13540,8529,8146,4530,1280,0,17158,6541,15750,5236,2845
23/08/2015,3800,10071,3805,33372,18438,2089,4029,1099,2930,13540,8529,8146,4530,1280,0,17158,6541,15750,5236,2845
24/08/2015,3800,10071,3805,33372,18438,2089,4029,1099,2930,13540,8529,8146,4530,1280,0,17158,6541,15750,5236,2845
25/08/2015,3800,10071,3805,33372,18438,2089,4029,1099,2930,13540,8529,8146,4530,1280,0,17158,6541,15750,5236,2845
26/08/2015,3800,10071,3805,33372,18438,2089,4029,1099,2930,13540,8529,8146,4525,1280,0,17158,6541,15750,5236,2845
27/08/2015,3800,10071,3805,33372,18438,2089,4029,1099,2930,13540,8529,8146,4525,1280,0,17158,6541,15750,5236,2845
28/08/2015,3800,10071,3805,33372,18438,2089,4029,1099,2930,13540,8529,8146,4525,1280,0,17158,6541,15750,5236,2845
29/08/2015,3800,10071,3805,33372,18438,2089,4029,1099,2930,13540,8529,8146,4525,1280,0,17158,6541,15750,5236,2845
30/08/2015,3800,10071,3805,33372,18438,2089,4029,1099,2930,13540,8529,8146,4525,1280,0,17158,6541,15750,5236,2845
31/08/2015,3800,10071,3805,33372,18438,2089,4029,1099,2930,13540,8529,8146,4525,1280,0,17158,6541,15750,5236,2845
01/09/2015,3800,10071,3805,33372,18438,2089,4029,1099,2930,13768,8639,8216,4525,1280,0,17158,6541,15750,5236,2845
02/09/2015,3800,10071,3805,33372,18438,2089,4029,1099,2930,13768,8639,8216,4525,1280,0,17158,6541,15750,5236,2845
03/09/2015,3800,10071,3805,33372,18438,2089,4029,1099,2930,13768,8639,8216,4525,1280,0,17158,6541,15750,5236,2845
04/09/2015,3800,10071,3805,33372,18438,2089,4029,1099,2930,13768,8639,8216,4525,1280,0,17158,6541,15750,5236,2845
05/09/2015,3800,10071,3805,33372,18438,2089,4029,1099,2930,13768,8639,8216,4525,1280,0,17158,6541,15750,5236,2845
06/09/2015,3800,10071,3805,33842,18438,2089,4029,1099,2930,13768,8639,8216,4525,1280,0,17158,6541,15750,5236,3315
07/09/2015,3800,10071,3805,33842,18438,2089,4029,1099,2930,13768,8639,8216,4525,1280,0,17158,6541,15750,5236,3315
08/09/2015,3800,10071,3805,33842,18438,2089,4029,1099,2930,13768,8639,8216,4525,1280,0,17158,6541,15750,5236,3315
09/09/2015,3800,10071,3805,33842,18438,2089,4029,1099,2930,13768,8639,8216,4525,1280,0,17158,6541,15750,5236,3315
10/09/2015,3800,10071,3805,33842,18438,2089,4029,1099,2930,13768,8639,8216,4525,1280,0,17158,6541,15750,5236,3315
11/09/2015,3800,10071,3805,33842,18438,2089,4029,1099,2930,13768,8639,8216,4525,1280,0,17158,6541,15750,5236,3315
12/09/2015,3800,10071,3805,33842,18438,2089,4029,1099,2930,13768,8639,8216,4525,1280,0,17158,6541,15750,5236,3315
13/09/2015,3800,10071,3805,33842,18438,2089,4029,1099,2930,13768,8639,8216,4525,1280,0,17158,6541,15750,5236,3315
14/09/2015,3800,10071,3805,33842,18438,2089,4029,1099,2930,13768,8639,8216,4525,1280,0,17158,6541,15750,5236,3315
15/09/2015,3800,10071,3805,33842,18438,2089,4029,1099,2930,13768,8639,8216,4525,1280,0,17158,6541,15750,5236,3315
16/09/2015,3800,10071,3805,33842,18438,2089,4029,1099,2930,13768,8639,8216,4525,1280,0,17158,6541,15750,5236,3315
17/09/2015,3800,10071,3805,33842,18438,2089,4029,1099,2930,13768,8639,8216,4525,1280,0,17158,6541,15750,5236,3315
18/09/2015,3800,10071,3805,33842,18438,2089,4029,1099,2930,13768,8639,8216,4525,1280,0,17158,6541,15750,5236,3315
19/09/2015,3800,10071,3805,33842,17793,2089,4029,1099,2930,13768,8639,8216,4525,635,0,17158,6541,15750,5236,3315
20/09/2015,3800,10071,3805,33842,17793,2089,4029,1099,2930,13768,8639,8216,4525,635,0,17158,6541,15750,5236,3315
21/09/2015,3800,10071,3805,33842,17793,2089,4029,1099,2930,13768,8639,8216,4525,635,0,17158,6541,15750,5236,3315
22/09/2015,3800,10071,3805,33842,17793,2089,4029,1099,2930,13768,8639,8216,4525,635,0,17158,6541,15750,5236,3315
23/09/2015,3800,10071,3805,33842,17793,2089,4029,1099,2930,13768,8639,8216,4525,635,0,17158,6541,15750,5236,3315
24/09/2015,3800,10071,3805,33842,17793,2089,4029,1099,2930,13768,8639,8216,4525,635,0,17158,6541,15750,5236,3315
25/09/2015,3800,10071,3805,33842,17793,2089,4029,1099,2930,13768,8639,8216,4525,635,0,17158,6541,15750,5236,3315
26/09/2015,3800,10071,3805,33842,17793,2089,4029,1099,2930,13768,8639,8216,4525,635,0,17158,6541,15750,5236,3315
27/09/2015,3800,10071,3805,33842,17793,2089,4029,1099,2930,13768,8639,8216,4525,635,0,17158,6541,15750,5236,3315
28/09/2015,3800,10071,3805,33842,17793,2089,4029,1099,2930,13768,8639,8216,4525,635,0,17158,6541,15750,5236,3315
29/09/2015,3800,10071,3805,33842,17793,2089,4029,1099,2930,13768,8639,8216,4525,635,0,17158,6541,15750,5236,3315
30/09/2015,3800,10071,3805,33842,17793,2089,4029,1099,2930,13768,8639,8216,4525,635,0,17158,6541,15750,5236,3315
01/10/2015,3800,10071,3805,33842,17793,2089,4029,1099,2930,13820,8761,8286,4525,635,0,17158,6541,15750,5236,3315
02/10/2015,3800,10071,3805,33842,17793,2089,4029,1099,2930,13820,8761,8286,4525,635,0,17158,6541,15750,5236,3315
03/10/2015,3800,10071,3805,33842,17793,2089,4029,1099,2930,13820,8761,8286,4525,635,0,17158,6541,15750,5236,3315
04/10/2015,3800,10071,3805,33842,17793,2089,4029,1099,2930,13820,8761,8286,4525,635,0,17158,6541,15750,5236,3315
05/10/2015,3800,10071,3805,33842,17793,2089,4029,1099,2930,13820,8761,8286,4525,635,0,17158,6541,15750,5236,3315
06/10/2015,3800,10071,3805,33842,17793,2089,4029,1099,2930,13820,8761,8286,4525,635,0,17158,6541,15750,5236,3315
07/10/2015,3800,10071,3805,33842,17793,2089,4029,1099,2930,13820,8761,8286,4525,635,0,17158,6541,15750,5236,3315
08/10/2015,3800,10071,3805,33842,17793,1837,4029,1099,2930,13820,8761,8286,4525,635,0,17158,6541,15750,5236,3315
09/10/2015,3800,10071,3805,33842,17793,1837,4029,1099,2930,13820,8761,8286,4525,635,0,17158,6541,15750,5236,3315
10/10/2015,3800,10071,3805,33842,17793,1837,4029,1099,2930,13820,8761,8286,4525,635,0,17158,6541,15750,5236,3315
11/10/2015,3800,10071,3805,33842,17793,1837,4029,1099,2930,13820,8761,8286,4525,635,0,17158,6541,15750,5236,3315
12/10/2015,3800,10071,3805,33842,17793,1837,4029,1099,2930,13820,8761,8286,4525,635,0,17158,6541,15750,5236,3315
13/10/2015,3800,10071,3805,33842,17793,1837,4029,1099,2930,13820,8761,8286,4525,635,0,17158,6541,15750,5236,3315
14/10/2015,3800,10071,3805,33842,17793,1837,4029,1099,2930,13820,8761,8286,4525,635,0,17158,6541,15750,5236,3315
15/10/2015,3800,10071,3805,33842,17793,1837,4029,1099,2930,13820,8761,8286,4525,635,0,17158,6541,15750,5236,3315
16/10/2015,3800,10071,3805,33842,17793,1837,4029,1099,2930,13820,8761,8286,4525,635,0,17158,6541,15750,5236,3315
17/10/2015,3800,10071,3805,33842,17793,1837,4029,1099,2930,13820,8761,8286,4525,635,0,17158,6541,15750,5236,3315
18/10/2015,3800,10071,3805,33842,17793,1837,4029,1099,2930,13820,8761,8286,4525,635,0,17158,6541,15750,5236,3315
19/10/2015,3800,10071,3805,33842,17793,1837,4029,1099,2930,13820,8761,8286,4525,635,0,17158,6541,15750,5236,3315
20/10/2015,3800,10071,3805,33842,17793,1837,4029,1099,2930,13820,8761,8286,4525,635,0,17158,6541,15750,5236,3315
21/10/2015,3800,10071,3805,33842,17793,1837,4029,1099,2930,13820,8761,8286,4525,635,0,17158,6541,15750,5236,3315
22/10/2015,3800,10071,3805,33842,17793,1837,4029,1099,2930,13820,8761,8286,4525,635,0,17158,6541,15750,5236,3315
23/10/2015,3800,10071,3805,33842,17793,1843,4029,1099,2930,13820,8761,8286,4525,635,0,17158,6541,15750,5236,3315
24/10/2015,3800,10071,3805,33842,17793,1843,4029,1099,2930,13820,8761,8286,4525,635,0,17158,6541,15750,5236,3315
25/10/2015,3800,10071,3805,33842,17793,1843,4029,1099,2930,13820,8761,8286,4525,635,0,17158,6541,15750,5236,3315
26/10/2015,3800,10071,3805,33842,17793,1843,4029,1099,2930,13820,8761,8286,4525,635,0,17158,6541,15750,5236,3315
27/10/2015,3800,10071,3805,33842,17793,1843,4029,1099,2930,13820,8761,8286,4525,635,0,17158,6541,15750,5236,3315
28/10/2015,3800,10071,3805,33842,17793,1843,4029,1099,2930,13820,8761,8286,4525,635,0,17158,6541,15750,5236,3315
29/10/2015,3800,10071,3805,33842,17793,1843,4029,1099,2930,13820,8761,8286,4525,635,0,17158,6541,15750,5236,3315
30/10/2015,3800,10071,3805,33842,17793,1843,4029,1099,2930,13820,8761,8286,4525,635,0,17158,6541,15750,5236,3315
31/10/2015,3800,10071,3805,33842,17793,1843,4029,1099,2930,13820,8761,8286,4525,635,0,17158,6541,15750,5236,3315
01/11/2015,3800,10071,3805,33842,17793,1843,4029,1099,2930,13878,8953,8351,4525,635,0,17158,6541,15750,5236,3315
02/11/2015,3800,10071,3805,33842,17793,1843,4029,1099,2930,13878,8953,8351,4525,635,0,17158,6541,15750,5236,3315
03/11/2015,3800,10071,3805,33842,17793,1843,4029,1099,2930,13878,8953,8351,4525,635,0,17158,6541,15750,5236,3315
04/11/2015,3800,10071,3805,33842,17793,1843,4029,1099,2930,13878,8953,8351,4525,635,0,17158,6541,15750,5236,3315
05/11/2015,3800,10071,3805,33842,17793,1843,4029,1099,2930,13878,8953,8351,4525,635,0,17158,6541,15750,5236,3315
06/11/2015,3800,10071,3805,33842,17793,1843,4029,1099,2930,13878,8953,8351,4525,635,0,17158,6541,15750,5236,3315
07/11/2015,3800,10071,3805,33842,17793,1843,4029,1099,2930,13878,8953,8351,4525,635,0,17158,6541,15750,5236,3315
08/11/2015,3800,10071,3805,33842,17793,1843,4029,1099,2930,13878,8953,8351,4525,635,0,17158,6541,15750,5236,3315
09/11/2015,3800,10071,3805,33842,17793,1843,4029,1099,2930,13878,8953,8351,4525,635,0,17158,6541,15750,5236,3315
10/11/2015,3800,10071,3805,33842,17793,1843,4029,1099,2930,13878,8953,8351,4525,635,0,17158,6541,15750,5236,3315
11/11/2015,3800,10071,3805,33842,17793,1843,4029,1099,2930,13878,8953,8351,4525,635,0,17158,6541,15750,5236,3315
12/11/2015,3800,10071,3805,33842,17793,1843,4029,1099,2930,13878,8953,8351,4525,635,0,17158,6541,15750,5236,3315
13/11/2015,3800,10071,3805,33842,17793,1843,4029,1099,2930,13878,8953,8351,4525,635,0,17158,6541,15750,5236,3315
14/11/2015,3800,10071,3805,33842,17793,1843,4029,1099,2930,13878,8953,8351,4525,635,0,17158,6541,15750,5236,3315
15/11/2015,3800,10071,3805,33842,17793,1843,4029,1099,2930,13878,8953,8351,4525,635,0,17158,6541,15750,5236,3315
16/11/2015,3800,10071,3805,33842,17793,1843,4029,1099,2930,13878,8953,8351,4525,635,0,17158,6541,15750,5236,3315
17/11/2015,3800,10071,3805,33842,17793,1843,4029,1099,2930,13878,8953,8351,4525,635,0,17158,6541,15750,5236,3315
18/11/2015,3800,10071,3805,33842,17793,1843,4029,1099,2930,13878,8953,8351,4525,635,0,17158,6541,15750,5236,3315
19/11/2015,3800,10071,3805,33842,17793,1843,4029,1099,2930,13878,8953,8351,4525,635,0,17158,6541,15750,5236,3315
20/11/2015,3800,10071,3805,33842,17793,1843,4029,1099,2930,13878,8953,8351,4525,635,0,17158,6541,15750,5236,3315
21/11/2015,3800,10071,3329,33842,17763,1843,4029,1099,2930,13878,8953,8351,4525,1005,0,16758,6541,15750,5236,3315
22/11/2015,3800,10071,3329,33842,17763,1843,4029,1099,2930,13878,8953,8351,4525,1005,0,16758,6541,15750,5236,3315
23/11/2015,3800,10071,3329,33842,17763,1843,4029,1099,2930,13878,8953,8351,4525,1005,0,16758,6541,15750,5236,3315
24/11/2015,3800,10071,3329,33842,17763,1843,4029,1099,2930,13878,8953,8351,4525,1005,0,16758,6541,15750,5236,3315
25/11/2015,3800,10071,3329,33842,17763,1843,4029,1099,2930,13878,8953,8351,4525,1005,0,16758,6541,15750,5236,3315
26/11/2015,3800,10071,3329,33842,17763,1843,4029,1099,2930,13878,8953,8351,4525,1005,0,16758,6541,15750,5236,3315
27/11/2015,3800,10071,3329,33842,17763,1843,4029,1099,2930,13878,8953,8351,4525,1005,0,16758,6541,15750,5236,3315
28/11/2015,3800,10071,3329,33842,17763,1843,4029,1099,2930,13878,8953,8351,4525,1005,0,16758,6541,15750,5236,3315
29/11/2015,3800,10071,3329,33842,17763,1843,4029,1099,2930,13878,8953,8351,4525,1005,0,16758,6541,15750,5236,3315
30/11/2015,3800,10071,3329,33842,17763,1843,4029,1099,2930,13878,8953,8351,4525,1005,0,16758,6541,15750,5236,3315
01/12/2015,3800,10071,3329,33842,17763,1843,4029,1099,2930,13900,9317,8416,4525,1005,0,16758,6541,15750,5236,3315
02/12/2015,3800,10071,3329,33842,17763,1843,4029,1099,2930,13900,9317,8416,4525,1005,0,16758,6541,15750,5236,3315
03/12/2015,3800,10071,3329,33842,17763,1843,4029,1099,2930,13900,9317,8416,4525,1005,0,16758,6541,15750,5236,3315
04/12/2015,3800,10071,3329,33842,17763,1843,4029,1099,2930,13900,9317,8416,4525,1005,0,16758,6541,15750,5236,3315
05/12/2015,3800,10071,3329,33842,17763,1843,4029,1099,2930,13900,9317,8416,4525,1005,0,16758,6541,15750,5236,3315
06/12/2015,3800,10071,3329,33842,17763,1843,4029,1099,2930,13900,9317,8416,4525,1005,0,16758,6541,15750,5236,3315
07/12/2015,3800,10071,3329,33842,17763,1843,4029,1099,2930,13900,9317,8416,4525,1005,0,16758,6541,15750,5236,3315
08/12/2015,3800,10071,3329,33842,17763,1843,4029,1099,2930,13900,9317,8416,4525,1005,0,16758,6541,15750,5236,3315
09/12/2015,3800,10071,3329,33842,17763,1680,4029,1099,2930,13900,9317,8416,4525,1005,0,16758,6541,15750,5236,3315
10/12/2015,3800,10071,3329,33842,17763,1680,4029,1099,2930,13900,9317,8416,4525,1005,0,16758,6541,15750,5236,3315
11/12/2015,3800,10071,3329,33842,17763,1517,4029,1099,2930,13900,9317,8416,4525,1005,0,16758,6541,15750,5236,3315
12/12/2015,3800,10071,3329,33842,17763,1517,4029,1099,2930,13900,9317,8416,4525,1005,0,16758,6541,15750,5236,3315
13/12/2015,3800,10071,3329,33842,17763,1517,4029,1099,2930,13900,9317,8416,4525,1005,0,16758,6541,15750,5236,3315
14/12/2015,3800,10071,3329,33842,17763,1517,4029,1099,2930,13900,9317,8416,4525,1005,0,16758,6541,15750,5236,3315
15/12/2015,3800,10071,3329,33842,17763,1517,4029,1099,2930,13900,9317,8416,4525,1005,0,16758,6541,15750,5236,3315
16/12/2015,3800,10071,3329,33842,17763,1517,4029,1099,2930,13900,9317,8416,4525,1005,0,16758,6541,15750,5236,3315
17/12/2015,3800,10071,3329,33842,17763,1517,4029,1099,2930,13900,9317,8416,4525,1005,0,16758,6541,15750,5236,3315
18/12/2015,3800,10071,3329,33842,17763,1517,4029,1099,2930,13900,9317,8416,4525,1005,0,16758,6541,15750,5236,3315
19/12/2015,3800,10071,3329,33842,17763,1265,4029,1099,2930,13900,9317,8416,4525,1005,0,16758,6541,15750,5236,3315
20/12/2015,3800,10071,3329,33842,17763,1265,4029,1099,2930,13900,9317,8416,4525,1005,0,16758,6541,15750,5236,3315
21/12/2015,3800,10071,3329,33842,17763,1265,4029,1099,2930,13900,9317,8416,4525,1005,0,16758,6541,15750,5236,3315
22/12/2015,3800,10071,3329,33842,17763,1265,4029,1099,2930,13900,9317,8416,4525,1005,0,16758,6541,15750,5236,3315
23/12/2015,3800,10071,3329,33842,17763,1265,4029,1099,2930,13900,9317,8416,4525,1005,0,16758,6541,15750,5236,3315
24/12/2015,3800,10071,3329,33842,17763,1265,4029,1099,2930,13900,9317,8416,4525,1005,0,16758,6541,15750,5236,3315
25/12/2015,3800,10071,3329,33842,17763,1265,4029,1099,2930,13900,9317,8416,4525,1005,0,16758,6541,15750,5236,3315
26/12/2015,3800,10071,3329,33842,17763,1265,4029,1099,2930,13900,9317,8416,4525,1005,0,16758,6541,15750,5236,3315
27/12/2015,3800,10071,3329,33842,17763,1265,4029,1099,2930,13900,9317,8416,4525,1005,0,16758,6541,15750,5236,3315
28/12/2015,3800,10071,3329,33842,17763,1265,4029,1099,2930,13900,9317,8416,4525,1005,0,16758,6541,15750,5236,3315
29/12/2015,3800,10071,3329,33842,17763,1265,4029,1099,2930,13900,9317,8416,4525,1005,0,16758,6541,15750,5236,3315
30/12/2015,3800,10071,3329,33842,17763,1265,4029,1099,2930,13900,9317,8416,4525,1005,0,16758,6541,15750,5236,3315
31/12/2015,3800,10071,3329,33842,17763,1265,4029,1099,2930,13900,9317,8416,4525,1005,0,16758,6541,15750,5236,3315
01/01/2016,4000,10071,3329,33842,17763,1265,4029,1099,2930,13921,9494,8481,4525,1005,0,16758,6541,15750,5236,3315
02/01/2016,4000,10071,3329,33842,17763,1265,4029,1099,2930,13921,9494,8481,4525,1005,0,16758,6541,15750,5236,3315
03/01/2016,4000,10071,3329,33842,17763,1265,4029,1099,2930,13921,9494,8481,4525,1005,0,16758,6541,15750,5236,3315
04/01/2016,4000,10071,3329,33842,17763,1265,4029,1099,2930,13921,9494,8481,4525,1005,0,16758,6541,15750,5236,3315
05/01/2016,4000,10071,3329,33842,17763,1265,4029,1099,2930,13921,9494,8481,4525,1005,0,16758,6541,15750,5236,3315
06/01/2016,4000,10071,3329,33842,17763,1265,4029,1099,2930,13921,9494,8481,4525,1005,0,16758,6541,15750,5236,3315
07/01/2016,4000,10071,3329,33842,17763,1265,4029,1099,2930,13921,9494,8481,4525,1005,0,16758,6541,15750,5236,3315
08/01/2016,4000,10071,3329,33842,17763,1265,4029,1099,2930,13921,9494,8481,4525,1005,0,16758,6541,15750,5236,3315
09/01/2016,4000,10071,3329,33842,17763,1265,4029,1099,2930,13921,9494,8481,4525,1005,0,16758,6541,15750,5236,3315
10/01/2016,4000,10071,3329,33842,17763,1265,4029,1099,2930,13921,9494,8481,4525,1005,0,16758,6541,15750,5236,3315
11/01/2016,4000,10071,3329,33842,17763,1265,4029,1099,2930,13921,9494,8481,4525,1005,0,16758,6541,15750,5236,3315
12/01/2016,4000,10071,3329,33842,17763,1265,4029,1099,2930,13921,9494,8481,4525,1005,0,16758,6541,15750,5236,3315
13/01/2016,4000,10071,3329,33842,17763,1265,4029,1099,2930,13921,9494,8481,4525,1005,0,16758,6541,15750,5236,3315
14/01/2016,4000,10071,3329,33842,17763,1265,4029,1099,2930,13921,9494,8481,4525,1005,0,16758,6541,15750,5236,3315
15/01/2016,4000,10071,3329,33842,17763,1265,4029,1099,2930,13921,9494,8481,4525,1005,0,16758,6541,15750,5236,3315
16/01/2016,4000,10071,3329,33842,17763,1265,4029,1099,2930,13921,9494,8481,4525,1005,0,16758,6541,15750,5236,3315
17/01/2016,4000,10071,3329,33842,17763,1265,4029,1099,2930,13921,9494,8481,4525,1005,0,16758,6541,15750,5236,3315
18/01/2016,4000,10071,3329,33842,17763,1280,4029,1099,2930,13921,9494,8481,4525,1005,0,16758,6541,15750,5236,3315
19/01/2016,4000,10071,3329,33842,17763,1280,4029,1099,2930,13921,9494,8481,4525,1005,0,16758,6541,15750,5236,3315
20/01/2016,4000,10071,3329,33842,17763,1280,4029,1099,2930,13921,9494,8481,4525,1005,0,16758,6541,15750,5236,3315
21/01/2016,4000,10071,3329,33842,17763,1280,4029,1099,2930,13921,9494,8481,4525,1005,0,16758,6541,15750,5236,3315
22/01/2016,4000,10071,3329,33842,17763,1280,4029,1099,2930,13921,9494,8481,4525,1005,0,16758,6541,15750,5236,3315
23/01/2016,4000,10071,3329,33842,17763,1280,4029,1099,2930,13921,9494,8481,4525,1005,0,16758,6541,15750,5236,3315
24/01/2016,4000,10071,3329,33842,17763,1280,4029,1099,2930,13921,9494,8481,4525,1005,0,16758,6541,15750,5236,3315
25/01/2016,4000,10071,3329,33842,17763,1280,4029,1099,2930,13921,9494,8481,4525,1005,0,16758,6541,15750,5236,3315
26/01/2016,4000,10071,3329,33842,17763,1280,4029,1099,2930,13921,9494,8481,4525,1005,0,16758,6541,15750,5236,3315
27/01/2016,4000,10071,3329,33842,17763,1280,4029,1099,2930,13921,9494,8481,4525,1005,0,16758,6541,15750,5236,3315
28/01/2016,4000,10071,3329,33842,17763,1280,4029,1099,2930,13921,9494,8481,4525,1005,0,16758,6541,15750,5236,3315
29/01/2016,4000,10071,3329,33842,17763,1280,4029,1099,2930,13921,9494,8481,4525,1005,0,16758,6541,15750,5236,3315
30/01/2016,4000,10071,3329,33842,17763,1280,4029,1099,2930,13921,9494,8481,4525,1005,0,16758,6541,15750,5236,3315
31/01/2016,4000,10071,3329,33842,17763,1280,4029,1099,2930,13921,9494,8481,4525,1005,0,16758,6541,15750,5236,3315
01/02/2016,4000,10071,3329,33842,17763,1280,4029,1099,2930,13975,9733,8532,4525,1005,0,16758,6541,15750,5236,3315
02/02/2016,4000,10071,3329,33842,17763,1280,4029,1099,2930,13975,9733,8532,4525,1005,0,16758,6541,15750,5236,3315
03/02/2016,4000,10071,3329,33842,17763,1280,4029,1099,2930,13975,9733,8532,4525,1005,0,16758,6541,15750,5236,3315
04/02/2016,4000,10071,3329,33842,17763,1280,4029,1099,2930,13975,9733,8532,4525,1005,0,16758,6541,15750,5236,3315
05/02/2016,4000,10071,3329,33842,17763,1280,4029,1099,2930,13975,9733,8532,4525,1005,0,16758,6541,15750,5236,3315
06/02/2016,4000,10071,3329,33842,17763,1280,4029,1099,2930,13975,9733,8532,4525,1005,0,16758,6541,15750,5236,3315
07/02/2016,4000,10071,3329,33842,17763,1280,4029,1099,2930,13975,9733,8532,4525,1005,0,16758,6541,15750,5236,3315
08/02/2016,4000,10071,3329,33842,17763,1280,4029,1099,2930,13975,9733,8532,4525,1005,0,16758,6541,15750,5236,3315
09/02/2016,4000,10071,3329,33842,17763,1280,4029,1099,2930,13975,9733,8532,4525,1005,0,16758,6541,15750,5236,3315
10/02/2016,4000,10071,3329,33842,17763,1280,4029,1099,2930,13975,9733,8532,4525,1005,0,16758,6541,15750,5236,3315
11/02/2016,4000,10071,3329,33842,17763,1280,4029,1099,2930,13975,9733,8532,4525,1005,0,16758,6541,15750,5236,3315
12/02/2016,4000,10071,3329,33842,17763,1280,4029,1099,2930,13975,9733,8532,4525,1005,0,16758,6541,15750,5236,3315
13/02/2016,4000,10071,3329,33842,17763,1280,4029,1099,2930,13975,9733,8532,4525,1005,0,16758,6541,15750,5236,3315
14/02/2016,4000,10071,3329,33842,17763,1280,4029,1099,2930,13975,9733,8532,4525,1005,0,16758,6541,15750,5236,3315
15/02/2016,4000,10071,3329,33842,17763,1280,4029,1099,2930,13975,9733,8532,4525,1005,0,16758,6541,15750,5236,3315
16/02/2016,4000,10071,3329,33842,17763,1280,4029,1099,2930,13975,9733,8532,4525,1005,0,16758,6541,15750,5236,3315
17/02/2016,4000,10071,3329,33842,17763,1280,4029,1099,2930,13975,9733,8532,4525,1005,0,16758,6541,15750,5236,3315
18/02/2016,4000,10071,3329,33842,17763,1280,4029,1099,2930,13975,9733,8532,4525,1005,0,16758,6541,15750,5236,3315
19/02/2016,4000,10071,3329,33842,17763,1280,4029,1099,2930,13975,9733,8532,4525,1005,0,16758,6541,15750,5236,3315
20/02/2016,4000,10071,3329,33842,17763,1280,4029,1099,2930,13975,9733,8532,4525,1005,0,16758,6541,15750,5236,3315
21/02/2016,4000,10071,3329,33842,17763,1280,4029,1099,2930,13975,9733,8532,4525,1005,0,16758,6541,15750,5236,3315
22/02/2016,4000,10071,3329,33842,17763,1280,4029,1099,2930,13975,9733,8532,4525,1005,0,16758,6541,15750,5236,3315
23/02/2016,4000,10071,3329,33842,17763,1280,4029,1099,2930,13975,9733,8532,4525,1005,0,16758,6541,15750,5236,3315
24/02/2016,4000,10071,3329,33842,17763,1280,4029,1099,2930,13975,9733,8532,4525,1005,0,16758,6541,15750,5236,3315
25/02/2016,4000,10071,3329,33842,17763,1280,4029,1099,2930,13975,9733,8532,4525,1005,0,16758,6541,15750,5236,3315
26/02/2016,4000,10071,3329,33842,17763,1280,4029,1099,2930,13975,9733,8532,4525,1005,0,16758,6541,15750,5236,3315
27/02/2016,4000,10071,3329,33842,17763,1280,4029,1099,2930,13975,9733,8532,4525,1005,0,16758,6541,15750,5236,3315
28/02/2016,4000,10071,3329,33842,17763,1280,4029,1099,2930,13975,9733,8532,4525,1005,0,16758,6541,15750,5236,3315
29/02/2016,4000,10071,3329,33842,17763,1280,4029,1099,2930,13975,9733,8532,4525,1005,0,16758,6541,15750,5236,3315
01/03/2016,4000,9511,3329,33842,17873,1280,4029,1099,2930,14049,10265,8583,4525,1005,0,16868,6541,15750,5236,3315
02/03/2016,4000,9511,3329,33842,17873,1280,4029,1099,2930,14049,10265,8583,4525,1005,0,16868,6541,15750,5236,3315
03/03/2016,4000,9511,3329,33842,17873,1280,4029,1099,2930,14049,10265,8583,4525,1005,0,16868,6541,15750,5236,3315
04/03/2016,4000,9511,3329,33842,17873,1280,4029,1099,2930,14049,10265,8583,4525,1005,0,16868,6541,15750,5236,3315
05/03/2016,4000,9511,3329,33842,17873,1280,4029,1099,2930,14049,10265,8583,4525,1005,0,16868,6541,15750,5236,3315
06/03/2016,4000,9511,3329,33842,17873,1280,4029,1099,2930,14049,10265,8583,4525,1005,0,16868,6541,15750,5236,3315
07/03/2016,4000,9511,3329,33842,17873,1280,4029,1099,2930,14049,10265,8583,4525,1005,0,16868,6541,15750,5236,3315
08/03/2016,4000,9511,3329,33842,17873,1280,4029,1099,2930,14049,10265,8583,4525,1005,0,16868,6541,15750,5236,3315
09/03/2016,4000,9511,3329,33842,17873,1280,4029,1099,2930,14049,10265,8583,4525,1005,0,16868,6541,15750,5236,3315
10/03/2016,4000,9511,3329,33842,17873,1280,4029,1099,2930,14049,10265,8583,4525,1005,0,16868,6541,15750,5236,3315
11/03/2016,4000,9511,3329,33842,17873,1280,4029,1099,2930,14049,10265,8583,4525,1005,0,16868,6541,15750,5236,3315
12/03/2016,4000,9511,3329,33842,17873,1280,4029,1099,2930,14049,10265,8583,4525,1005,0,16868,6541,15750,5236,3315
13/03/2016,4000,9511,3329,33842,17873,1280,4029,1099,2930,14049,10265,8583,4525,1005,0,16868,6541,15750,5236,3315
14/03/2016,4000,9511,3329,33842,17873,1280,4029,1099,2930,14049,10265,8583,4525,1005,0,16868,6541,15750,5236,3315
15/03/2016,4000,9511,3329,33842,17873,1280,4029,1099,2930,14049,10265,8583,4525,1005,0,16868,6541,15750,5236,3315
16/03/2016,4000,9511,3329,33842,17873,1280,4029,1099,2930,14049,10265,8583,4525,1005,0,16868,6541,15750,5236,3315
17/03/2016,4000,9511,3329,33842,17873,1280,4029,1099,2930,14049,10265,8583,4525,1005,0,16868,6541,15750,5236,3315
18/03/2016,4000,9511,3329,33842,17873,1280,4029,1099,2930,14049,10265,8583,4525,1005,0,16868,6541,15750,5236,3315
19/03/2016,4000,9511,3329,33842,17873,1280,4029,1099,2930,14049,10265,8583,4525,1005,0,16868,6541,15750,5236,3315
20/03/2016,4000,9511,3329,33842,17873,1280,4029,1099,2930,14049,10265,8583,4525,1005,0,16868,6541,15750,5236,3315
21/03/2016,4000,9511,3329,33842,17873,1280,4029,1099,2930,14049,10265,8583,4525,1005,0,16868,6541,15750,5236,3315
22/03/2016,4000,9511,3329,33842,17873,1280,4029,1099,2930,14049,10265,8583,4525,1005,0,16868,6541,15750,5236,3315
23/03/2016,4000,9511,3329,33842,17873,1280,4029,1099,2930,14049,10265,8583,4525,1005,0,16868,6541,15750,5236,3315
24/03/2016,4000,9511,3329,33842,17873,1280,4029,1099,2930,14049,10265,8583,4525,1005,0,16868,6541,15750,5236,3315
25/03/2016,4000,9511,3329,33842,17873,1280,4029,1099,2930,14049,10265,8583,4525,1005,0,16868,6541,15750,5236,3315
26/03/2016,4000,9511,3329,33842,17873,1280,4029,1099,2930,14049,10265,8583,4525,1005,0,16868,6541,15750,5236,3315
27/03/2016,4000,9511,3329,33842,17873,1280,4029,1099,2930,14049,10265,8583,4525,1005,0,16868,6541,15750,5236,3315
28/03/2016,4000,9511,3329,33842,17873,1280,4029,1099,2930,14049,10265,8583,4525,1005,0,16868,6541,15750,5236,3315
29/03/2016,4000,9511,3329,33842,17873,1280,4029,1099,2930,14049,10265,8583,4525,1005,0,16868,6541,15750,5236,3315
30/03/2016,4000,9511,3329,33842,17873,1280,4029,1099,2930,14049,10265,8583,4525,1005,0,16868,6541,15750,5236,3315
31/03/2016,4000,9511,3329,33842,16898,1280,4029,1099,2930,14049,10265,8583,4525,1005,0,15893,6541,15750,5236,3315
01/04/2016,4000,9511,3329,33842,14518,1280,4029,1099,2930,14193,10438,8635,4525,1005,0,13513,6541,15750,5236,3315
02/04/2016,4000,9511,3329,33842,14518,1280,4029,1099,2930,14193,10438,8635,4525,1005,0,13513,6541,15750,5236,3315
03/04/2016,4000,9511,3329,33842,14518,1280,4029,1099,2930,14193,10438,8635,4525,1005,0,13513,6541,15750,5236,3315
04/04/2016,4000,9511,3329,33842,14518,1293,4029,1099,2930,14193,10438,8635,4525,1005,0,13513,6541,15750,5236,3315
05/04/2016,4000,9511,3329,33842,14518,1293,4029,1099,2930,14193,10438,8635,4525,1005,0,13513,6541,15750,5236,3315
06/04/2016,4000,9511,3329,33842,14518,1293,4029,1099,2930,14193,10438,8635,4525,1005,0,13513,6541,15750,5236,3315
07/04/2016,4000,9511,3329,33842,14518,1293,4029,1099,2930,14193,10438,8635,4525,1005,0,13513,6541,15750,5236,3315
08/04/2016,4000,9511,3329,33842,14518,1293,4029,1099,2930,14193,10438,8635,4525,1005,0,13513,6541,15750,5236,3315
09/04/2016,4000,9511,3329,33842,14518,1293,4029,1099,2930,14193,10438,8635,4525,1005,0,13513,6541,15750,5236,3315
10/04/2016,4000,9511,3329,33842,14518,1293,4029,1099,2930,14193,10438,8635,4525,1005,0,13513,6541,15750,5236,3315
11/04/2016,4000,9511,3329,33842,14518,1293,4029,1099,2930,14193,10438,8635,4525,1005,0,13513,6541,15750,5236,3315
12/04/2016,4000,9511,3329,33842,14518,1293,4029,1099,2930,14193,10438,8635,4525,1005,0,13513,6541,15750,5236,3315
13/04/2016,4000,9511,3329,33842,14518,1293,4029,1099,2930,14193,10438,8635,4525,1005,0,13513,6541,15750,5236,3315
14/04/2016,4000,9511,3329,33842,14518,1293,4029,1099,2930,14193,10438,8635,4525,1005,0,13513,6541,15750,5236,3315
15/04/2016,4000,9511,3329,33842,14518,1293,4029,1099,2930,14193,10438,8635,4525,1005,0,13513,6541,15750,5236,3315
16/04/2016,4000,9511,3329,33842,14518,1293,4029,1099,2930,14193,10438,8635,4525,1005,0,13513,6541,15750,5236,3315
17/04/2016,4000,9511,3329,33842,14518,1293,4029,1099,2930,14193,10438,8635,4525,1005,0,13513,6541,15750,5236,3315
18/04/2016,4000,9511,3329,33842,14518,1293,4029,1099,2930,14193,10438,8635,4525,1005,0,13513,6541,15750,5236,3315
19/04/2016,4000,9511,3329,33842,14518,1293,4029,1099,2930,14193,10438,8635,4525,1005,0,13513,6541,15750,5236,3315
20/04/2016,4000,9511,3329,33842,14518,1293,4029,1099,2930,14193,10438,8635,4525,1005,0,13513,6541,15750,5236,3315
21/04/2016,4000,9511,3329,33842,14518,1293,4029,1099,2930,14193,10438,8635,4525,1005,0,13513,6541,15750,5236,3315
22/04/2016,4000,9511,3329,33842,14518,1293,4029,1099,2930,14193,10438,8635,4525,1005,0,13513,6541,15750,5236,3315
23/04/2016,4000,9511,3329,33842,14518,1293,4029,1099,2930,14193,10438,8635,4525,1005,0,13513,6541,15750,5236,3315
24/04/2016,4000,9511,3329,33842,14518,1293,4029,1099,2930,14193,10438,8635,4525,1005,0,13513,6541,15750,5236,3315
25/04/2016,4000,9511,3329,33842,14518,1293,4029,1099,2930,14193,10438,8635,4525,1005,0,13513,6541,15750,5236,3315
26/04/2016,4000,9511,3329,33842,14518,1293,4029,1099,2930,14193,10438,8635,4525,1005,0,13513,6541,15750,5236,3315
27/04/2016,4000,9511,3329,33842,14518,1293,4029,1099,2930,14193,10438,8635,4525,1005,0,13513,6541,15750,5236,3315
28/04/2016,4000,9511,3329,33842,14518,1293,4029,1099,2930,14193,10438,8635,4525,1005,0,13513,6541,15750,5236,3315
29/04/2016,4000,9511,3329,33842,14518,1293,4029,1099,2930,14193,10438,8635,4525,1005,0,13513,6541,15750,5236,3315
30/04/2016,4000,9511,3329,33842,14518,1293,4029,1099,2930,14193,10438,8635,4525,1005,0,13513,6541,15750,5236,3315
01/05/2016,4000,9511,3329,33842,14518,1293,4029,1099,2930,14253,10613,8677,4525,1005,0,13513,6541,15750,5236,3315
02/05/2016,4000,9511,3329,33842,14518,1293,4029,1099,2930,14253,10613,8677,4525,1005,0,13513,6541,15750,5236,3315
03/05/2016,4000,9511,3329,33842,14518,1293,4029,1099,2930,14253,10613,8677,4525,1005,0,13513,6541,15750,5236,3315
04/05/2016,4000,9511,3329,33842,14518,1293,4029,1099,2930,14253,10613,8677,4525,1005,0,13513,6541,15750,5236,3315
05/05/2016,4000,9511,3329,33842,14518,1293,4029,1099,2930,14253,10613,8677,4525,1005,0,13513,6541,15750,5236,3315
06/05/2016,4000,9511,3329,33842,14518,1293,4029,1099,2930,14253,10613,8677,4525,1005,0,13513,6541,15750,5236,3315
07/05/2016,4000,9511,3329,33842,14518,1293,4029,1099,2930,14253,10613,8677,4525,1005,0,13513,6541,15750,5236,3315
08/05/2016,4000,9511,3329,33842,14518,1293,4029,1099,2930,14253,10613,8677,4525,1005,0,13513,6541,15750,5236,3315
09/05/2016,4000,9511,3329,33842,14518,1293,4029,1099,2930,14253,10613,8677,4525,1005,0,13513,6541,15750,5236,3315
10/05/2016,4000,9511,3329,33842,14518,1293,4029,1099,2930,14253,10613,8677,4525,1005,0,13513,6541,15750,5236,3315
11/05/2016,4000,9511,3329,33842,14518,1293,4029,1099,2930,14253,10613,8677,4525,1005,0,13513,6541,15750,5236,3315
12/05/2016,4000,9511,3329,33842,14518,1293,4029,1099,2930,14253,10613,8677,4525,1005,0,13513,6541,15750,5236,3315
13/05/2016,4000,9511,3329,33842,14518,1293,4029,1099,2930,14253,10613,8677,4525,1005,0,13513,6541,15750,5236,3315
14/05/2016,4000,9511,3329,33842,14518,1293,4029,1099,2930,14253,10613,8677,4525,1005,0,13513,6541,15750,5236,3315
15/05/2016,4000,9511,3329,33842,14518,1293,4029,1099,2930,14253,10613,8677,4525,1005,0,13513,6541,15750,5236,3315
16/05/2016,4000,9511,3329,33842,14518,1293,4029,1099,2930,14253,10613,8677,4525,1005,0,13513,6541,15750,5236,3315
17/05/2016,4000,9511,3329,33842,14518,1293,4029,1099,2930,14253,10613,8677,4525,1005,0,13513,6541,15750,5236,3315
18/05/2016,4000,9511,3329,33842,14518,1293,4029,1099,2930,14253,10613,8677,4525,1005,0,13513,6541,15750,5236,3315
19/05/2016,4000,9511,3329,33842,14518,1293,4029,1099,2930,14253,10613,8677,4525,1005,0,13513,6541,15750,5236,3315
20/05/2016,4000,9511,3329,33842,14518,1293,4029,1099,2930,14253,10613,8677,4525,1005,0,13513,6541,15750,5236,3315
21/05/2016,4000,9511,3329,33842,14518,1293,4029,1099,2930,14253,10613,8677,4525,1005,0,13513,6541,15750,5236,3315
22/05/2016,4000,9511,3329,33842,14518,1293,4029,1099,2930,14253,10613,8677,4525,1005,0,13513,6541,15750,5236,3315
23/05/2016,4000,9511,3329,33842,14518,1293,4029,1099,2930,14253,10613,8677,4525,1005,0,13513,6541,15750,5236,3315
24/05/2016,4000,9511,3329,33842,14518,1293,4029,1099,2930,14253,10613,8677,4525,1005,0,13513,6541,15750,5236,3315
25/05/2016,4000,9511,3329,33842,14518,1293,4029,1099,2930,14253,10613,8677,4525,1005,0,13513,6541,15750,5236,3315
26/05/2016,4000,9511,3329,33842,14518,1293,4029,1099,2930,14253,10613,8677,4525,1005,0,13513,6541,15750,5236,3315
27/05/2016,4000,9511,3329,33842,14518,1313,4029,1099,2930,14253,10613,8677,4525,1005,0,13513,6541,15750,5236,3315
28/05/2016,4000,9511,3329,33842,14518,1313,4029,1099,2930,14253,10613,8677,4525,1005,0,13513,6541,15750,5236,3315
29/05/2016,4000,9511,3329,33842,14518,1313,4029,1099,2930,14253,10613,8677,4525,1005,0,13513,6541,15750,5236,3315
30/05/2016,4000,9511,3329,33842,14518,1313,4029,1099,2930,14253,10613,8677,4525,1005,0,13513,6541,15750,5236,3315
31/05/2016,4000,9511,3329,33842,14518,1313,4029,1099,2930,14253,10613,8677,4525,1005,0,13513,6541,15750,5236,3315
01/06/2016,4000,9511,3329,33842,14518,1313,4029,1099,2930,14267,11055,8720,4525,1005,0,13513,6541,15750,5236,3315
02/06/2016,4000,9511,3329,33842,14518,1313,4029,1099,2930,14267,11055,8720,4525,1005,0,13513,6541,15750,5236,3315
03/06/2016,4000,9511,3329,33842,14518,1313,4029,1099,2930,14267,11055,8720,4525,1005,0,13513,6541,15750,5236,3315
04/06/2016,4000,9511,3329,33842,14518,1313,4029,1099,2930,14267,11055,8720,4525,1005,0,13513,6541,15750,5236,3315
05/06/2016,4000,9511,3329,33842,14518,1313,4029,1099,2930,14267,11055,8720,4525,1005,0,13513,6541,15750,5236,3315
06/06/2016,4000,9511,3329,33842,13488,1313,4029,1099,2930,14267,11055,8720,4525,1005,0,12483,6541,15750,5236,3315
07/06/2016,4000,9511,3329,33842,13488,1313,4029,1099,2930,14267,11055,8720,4525,1005,0,12483,6541,15750,5236,3315
08/06/2016,4000,9511,3329,33842,13488,1313,4029,1099,2930,14267,11055,8720,4525,1005,0,12483,6541,15750,5236,3315
09/06/2016,4000,9511,3329,33842,13488,1313,4029,1099,2930,14267,11055,8720,4525,1005,0,12483,6541,15750,5236,3315
10/06/2016,4000,9511,3329,33842,13488,1313,4029,1099,2930,14267,11055,8720,4525,1005,0,12483,6541,15750,5236,3315
11/06/2016,4000,9511,3329,33842,13488,1313,4029,1099,2930,14267,11055,8720,4525,1005,0,12483,6541,15750,5236,3315
12/06/2016,4000,9511,3329,33842,13488,1313,4029,1099,2930,14267,11055,8720,4525,1005,0,12483,6541,15750,5236,3315
13/06/2016,4000,9511,3329,33842,13488,1313,4029,1099,2930,14267,11055,8720,4525,1005,0,12483,6541,15750,5236,3315
14/06/2016,4000,9511,3329,33842,13488,1313,4029,1099,2930,14267,11055,8720,4525,1005,0,12483,6541,15750,5236,3315
15/06/2016,4000,9511,3329,33842,13488,1313,4029,1099,2930,14267,11055,8720,4525,1005,0,12483,6541,15750,5236,3315
16/06/2016,4000,9511,3329,33842,13488,1313,4029,1099,2930,14267,11055,8720,4525,1005,0,12483,6541,15750,5236,3315
17/06/2016,4000,9511,3329,33842,13488,1313,4029,1099,2930,14267,11055,8720,4525,1005,0,12483,6541,15750,5236,3315
18/06/2016,4000,9511,3329,33842,13488,1313,4029,1099,2930,14267,11055,8720,4525,1005,0,12483,6541,15750,5236,3315
19/06/2016,4000,9511,3329,33842,13488,1313,4029,1099,2930,14267,11055,8720,4525,1005,0,12483,6541,15750,5236,3315
20/06/2016,4000,9511,3329,33842,13488,1313,4029,1099,2930,14267,11055,8720,4525,1005,0,12483,6541,15750,5236,3315
21/06/2016,4000,9511,3329,33842,13488,1313,4029,1099,2930,14267,11055,8720,4525,1005,0,12483,6541,15750,5236,3315
22/06/2016,4000,9511,3329,33842,13488,1313,4029,1099,2930,14267,11055,8720,4525,1005,0,12483,6541,15750,5236,3315
23/06/2016,4000,9511,3329,33842,13488,1313,4029,1099,2930,14267,11055,8720,4525,1005,0,12483,6541,15750,5236,3315
24/06/2016,4000,9511,3329,33842,13488,1313,4029,1099,2930,14267,11055,8720,4525,1005,0,12483,6541,15750,5236,3315
25/06/2016,4000,9511,3329,33842,13488,1313,4029,1099,2930,14267,11055,8720,4525,1005,0,12483,6541,15750,5236,3315
26/06/2016,4000,9511,3329,33842,13488,1313,4029,1099,2930,14267,11055,8720,4525,1005,0,12483,6541,15750,5236,3315
27/06/2016,4000,9511,3329,33842,13488,1313,4029,1099,2930,14267,11055,8720,4525,1005,0,12483,6541,15750,5236,3315
28/06/2016,4000,9511,3329,33842,13488,1313,4029,1099,2930,14267,11055,8720,4525,1005,0,12483,6541,15750,5236,3315
29/06/2016,4000,9511,3329,33842,13488,1313,4029,1099,2930,14267,11055,8720,4525,1005,0,12483,6541,15750,5236,3315
30/06/2016,4000,9511,3329,33842,13488,1313,4029,1099,2930,14267,11055,8720,4525,1005,0,12483,6541,15750,5236,3315
01/07/2016,4000,9511,3329,33842,13488,1313,4029,1099,2930,14281,11121,8762,4525,1005,0,12483,6541,15750,5236,3315
02/07/2016,4000,9511,3329,33842,13488,1313,4029,1099,2930,14281,11121,8762,4525,1005,0,12483,6541,15750,5236,3315
03/07/2016,4000,9511,3329,33842,13488,1313,4029,1099,2930,14281,11121,8762,4525,1005,0,12483,6541,15750,5236,3315
04/07/2016,4000,9511,3329,33842,13488,1313,4029,1099,2930,14281,11121,8762,4525,1005,0,12483,6541,15750,5236,3315
05/07/2016,4000,9511,3329,33842,13488,1313,4029,1099,2930,14281,11121,8762,4525,1005,0,12483,6541,15750,5236,3315
06/07/2016,4000,9511,3329,33842,13488,1313,4029,1099,2930,14281,11121,8762,4525,1005,0,12483,6541,15750,5236,3315
07/07/2016,4000,9511,3329,33842,13488,1313,4029,1099,2930,14281,11121,8762,4525,1005,0,12483,6541,15750,5236,3315
08/07/2016,4000,9511,3329,33842,13488,1313,4029,1099,2930,14281,11121,8762,4525,1005,0,12483,6541,15750,5236,3315
09/07/2016,4000,9511,3329,33842,13488,1313,4029,1099,2930,14281,11121,8762,4525,1005,0,12483,6541,15750,5236,3315
10/07/2016,4000,9511,3329,33842,13488,1313,4029,1099,2930,14281,11121,8762,4525,1005,0,12483,6541,15750,5236,3315
11/07/2016,4000,9511,3329,33842,13488,1313,4029,1099,2930,14281,11121,8762,4525,1005,0,12483,6541,15750,5236,3315
12/07/2016,4000,9511,3329,33842,13488,1313,4029,1099,2930,14281,11121,8762,4525,1005,0,12483,6541,15750,5236,3315
13/07/2016,4000,9511,3329,33842,13488,1313,4029,1099,2930,14281,11121,8762,4525,1005,0,12483,6541,15750,5236,3315
14/07/2016,4000,9511,3329,33842,13488,1313,4029,1099,2930,14281,11121,8762,4525,1005,0,12483,6541,15750,5236,3315
15/07/2016,4000,9511,3329,33842,13488,1313,4029,1099,2930,14281,11121,8762,4525,1005,0,12483,6541,15750,5236,3315
16/07/2016,4000,9511,3329,33842,13488,1313,4029,1099,2930,14281,11121,8762,4525,1005,0,12483,6541,15750,5236,3315
17/07/2016,4000,9511,3329,33842,13488,1313,4029,1099,2930,14281,11121,8762,4525,1005,0,12483,6541,15750,5236,3315
18/07/2016,4000,9511,3329,33842,13488,1313,4029,1099,2930,14281,11121,8762,4525,1005,0,12483,6541,15750,5236,3315
19/07/2016,4000,9511,3329,33842,13488,1313,4029,1099,2930,14281,11121,8762,4525,1005,0,12483,6541,15750,5236,3315
20/07/2016,4000,9511,3329,33842,13488,1313,4029,1099,2930,14281,11121,8762,4525,1005,0,12483,6541,15750,5236,3315
21/07/2016,4000,9511,3329,33842,13488,1313,4029,1099,2930,14281,11121,8762,4525,1005,0,12483,6541,15750,5236,3315
22/07/2016,4000,9511,3329,33842,13488,1313,4029,1099,2930,14281,11121,8762,4525,1005,0,12483,6541,15750,5236,3315
23/07/2016,4000,9511,3329,33842,13488,1313,4029,1099,2930,14281,11121,8762,4525,1005,0,12483,6541,15750,5236,3315
24/07/2016,4000,9511,3329,33842,13488,1313,4029,1099,2930,14281,11121,8762,4525,1005,0,12483,6541,15750,5236,3315
25/07/2016,4000,9511,3329,33842,13488,1313,4029,1099,2930,14281,11121,8762,4525,1005,0,12483,6541,15750,5236,3315
26/07/2016,4000,9511,3329,33842,13488,1313,4029,1099,2930,14281,11121,8762,4525,1005,0,12483,6541,15750,5236,3315
27/07/2016,4000,9511,3329,33842,13488,1313,4029,1099,2930,14281,11121,8762,4525,1005,0,12483,6541,15750,5236,3315
28/07/2016,4000,9511,3329,33842,13488,1313,4029,1099,2930,14281,11121,8762,4525,1005,0,12483,6541,15750,5236,3315
29/07/2016,4000,9511,3329,33842,13488,1313,4029,1099,2930,14281,11121,8762,4525,1005,0,12483,6541,15750,5236,3315
30/07/2016,4000,9511,3329,33842,13488,1313,4029,1099,2930,14281,11121,8762,4525,1005,0,12483,6541,15750,5236,3315
31/07/2016,4000,9511,3329,33842,13488,1313,4029,1099,2930,14281,11121,8762,4525,1005,0,12483,6541,15750,5236,3315
01/08/2016,4000,9511,3329,33842,13488,1313,4029,1099,2930,14348,11170,8968,4525,1005,0,12483,6541,15750,5236,3315
02/08/2016,4000,9511,3329,33842,13488,1313,4029,1099,2930,14348,11170,8968,4525,1005,0,12483,6541,15750,5236,3315
03/08/2016,4000,9511,3329,33842,13488,1313,4029,1099,2930,14348,11170,8968,4525,1005,0,12483,6541,15750,5236,3315
04/08/2016,4000,9511,3329,33842,13488,1313,4029,1099,2930,14348,11170,8968,4525,1005,0,12483,6541,15750,5236,3315
05/08/2016,4000,9511,3329,33842,13488,1313,4029,1099,2930,14348,11170,8968,4525,1005,0,12483,6541,15750,5236,3315
06/08/2016,4000,9511,3329,33842,13488,1313,4029,1099,2930,14348,11170,8968,4525,1005,0,12483,6541,15750,5236,3315
07/08/2016,4000,9511,3329,33842,13488,1313,4029,1099,2930,14348,11170,8968,4525,1005,0,12483,6541,15750,5236,3315
08/08/2016,4000,9511,3329,33842,13488,1313,4029,1099,2930,14348,11170,8968,4525,1005,0,12483,6541,15750,5236,3315
09/08/2016,4000,9511,3329,33842,13488,1313,4029,1099,2930,14348,11170,8968,4525,1005,0,12483,6541,15750,5236,3315
10/08/2016,4000,9511,3329,33842,13488,1313,4029,1099,2930,14348,11170,8968,4525,1005,0,12483,6541,15750,5236,3315
11/08/2016,4000,9511,3329,33842,13488,1313,4029,1099,2930,14348,11170,8968,4525,1005,0,12483,6541,15750,5236,3315
12/08/2016,4000,9511,3329,33842,13488,1313,4029,1099,2930,14348,11170,8968,4525,1005,0,12483,6541,15750,5236,3315
13/08/2016,4000,9511,3329,33842,13488,1313,4029,1099,2930,14348,11170,8968,4525,1005,0,12483,6541,15750,5236,3315
14/08/2016,4000,9511,3329,33842,13488,1313,4029,1099,2930,14348,11170,8968,4525,1005,0,12483,6541,15750,5236,3315
15/08/2016,4000,9511,3329,33842,13488,1313,4029,1099,2930,14348,11170,8968,4525,1005,0,12483,6541,15750,5236,3315
16/08/2016,4000,9511,3329,33842,13488,1313,4029,1099,2930,14348,11170,8968,4525,1005,0,12483,6541,15750,5236,3315
17/08/2016,4000,9511,3329,33842,13488,1341,4029,1099,2930,14348,11170,8968,4525,1005,0,12483,6541,15750,5236,3315
18/08/2016,4000,9511,3329,33842,13488,1341,4029,1099,2930,14348,11170,8968,4525,1005,0,12483,6541,15750,5236,3315
19/08/2016,4000,9511,3329,33842,13488,1341,4029,1099,2930,14348,11170,8968,4525,1005,0,12483,6541,15750,5236,3315
20/08/2016,4000,9511,3329,33842,13488,1341,4029,1099,2930,14348,11170,8968,4525,1005,0,12483,6541,15750,5236,3315
21/08/2016,4000,9511,3329,33842,13488,1341,4029,1099,2930,14348,11170,8968,4525,1005,0,12483,6541,15750,5236,3315
22/08/2016,4000,9511,3329,33842,13488,1341,4029,1099,2930,14348,11170,8968,4525,1005,0,12483,6541,15750,5236,3315
23/08/2016,4000,9511,3329,33842,13488,1341,4029,1099,2930,14348,11170,8968,4525,1005,0,12483,6541,15750,5236,3315
24/08/2016,4000,9511,3329,33842,13488,1341,4029,1099,2930,14348,11170,8968,4525,1005,0,12483,6541,15750,5236,3315
25/08/2016,4000,9511,3329,33842,13488,1341,4029,1099,2930,14348,11170,8968,4525,1005,0,12483,6541,15750,5236,3315
26/08/2016,4000,9511,3329,33842,13488,1341,4029,1099,2930,14348,11170,8968,4525,1005,0,12483,6541,15750,5236,3315
27/08/2016,4000,9511,3329,33842,13488,1341,4029,1099,2930,14348,11170,8968,4525,1005,0,12483,6541,15750,5236,3315
28/08/2016,4000,9511,3329,33842,13488,1341,4029,1099,2930,14348,11170,8968,4525,1005,0,12483,6541,15750,5236,3315
29/08/2016,4000,9511,3329,33842,13488,1341,4029,1099,2930,14348,11170,8968,4525,1005,0,12483,6541,15750,5236,3315
30/08/2016,4000,9511,3329,33842,13488,1341,4029,1099,2930,14348,11170,8968,4525,1005,0,12483,6541,15750,5236,3315
31/08/2016,4000,9511,3329,33842,13488,1341,4029,1099,2930,14348,11170,8968,4525,1005,0,12483,6541,15750,5236,3315
01/09/2016,4000,9511,3329,33842,13497,1341,4029,1099,2930,14781,11424,9179,4525,1005,0,12492,6541,15750,5236,3315
02/09/2016,4000,9511,3329,33842,13497,1341,4029,1099,2930,14781,11424,9179,4525,1005,0,12492,6541,15750,5236,3315
03/09/2016,4000,9511,3329,33842,13497,1341,4029,1099,2930,14781,11424,9179,4525,1005,0,12492,6541,15750,5236,3315
04/09/2016,4000,9511,3329,33842,13497,1341,4029,1099,2930,14781,11424,9179,4525,1005,0,12492,6541,15750,5236,3315
05/09/2016,4000,9511,3329,33842,13497,1341,4029,1099,2930,14781,11424,9179,4525,1005,0,12492,6541,15750,5236,3315
06/09/2016,4000,9511,3329,33842,13497,1341,4029,1099,2930,14781,11424,9179,4525,1005,0,12492,6541,15750,5236,3315
07/09/2016,4000,9511,3329,33842,13497,1341,4029,1099,2930,14781,11424,9179,4525,1005,0,12492,6541,15750,5236,3315
08/09/2016,4000,9511,3329,33842,13497,1341,4029,1099,2930,14781,11424,9179,4525,1005,0,12492,6541,15750,5236,3315
09/09/2016,4000,9511,3329,33842,13497,1341,4029,1099,2930,14781,11424,9179,4525,1005,0,12492,6541,15750,5236,3315
10/09/2016,4000,9511,3329,33842,13497,1341,4029,1099,2930,14781,11424,9179,4525,1005,0,12492,6541,15750,5236,3315
11/09/2016,4000,9511,3329,33842,13497,1341,4029,1099,2930,14781,11424,9179,4525,1005,0,12492,6541,15750,5236,3315
12/09/2016,4000,9511,3329,33842,13497,1341,4029,1099,2930,14781,11424,9179,4525,1005,0,12492,6541,15750,5236,3315
13/09/2016,4000,9511,3329,33842,13497,1341,4029,1099,2930,14781,11424,9179,4525,1005,0,12492,6541,15750,5236,3315
14/09/2016,4000,9511,3329,33842,13497,1341,4029,1099,2930,14781,11424,9179,4525,1005,0,12492,6541,15750,5236,3315
15/09/2016,4000,9511,3329,33842,13497,1341,4029,1099,2930,14781,11424,9179,4525,1005,0,12492,6541,15750,5236,3315
16/09/2016,4000,9511,3329,33842,13497,1341,4109,1099,3010,14781,11424,9179,4525,1005,0,12492,6541,15750,5236,3315
17/09/2016,4000,9511,3329,33842,13497,1341,4109,1099,3010,14781,11424,9179,4525,1005,0,12492,6541,15750,5236,3315
18/09/2016,4000,9511,3329,33842,13497,1341,4109,1099,3010,14781,11424,9179,4525,1005,0,12492,6541,15750,5236,3315
19/09/2016,4000,9511,3329,33842,13497,1341,4109,1099,3010,14781,11424,9179,4525,1005,0,12492,6541,15750,5236,3315
20/09/2016,4000,9511,3329,33842,13497,1341,4109,1099,3010,14781,11424,9179,4525,1005,0,12492,6541,15750,5236,3315
21/09/2016,4000,9511,3329,33842,13497,1341,4109,1099,3010,14781,11424,9179,4525,1005,0,12492,6541,15750,5236,3315
22/09/2016,4000,9511,3329,33842,13497,1361,4109,1099,3010,14781,11424,9179,4525,1005,0,12492,6541,15750,5236,3315
23/09/2016,4000,9511,3329,33842,13497,1361,4109,1099,3010,14781,11424,9179,4525,1005,0,12492,6541,15750,5236,3315
24/09/2016,4000,9511,3329,33842,13497,1361,4109,1099,3010,14781,11424,9179,4525,1005,0,12492,6541,15750,5236,3315
25/09/2016,4000,9511,3329,33842,13497,1361,4109,1099,3010,14781,11424,9179,4525,1005,0,12492,6541,15750,5236,3315
26/09/2016,4000,9511,3329,33842,13497,1361,4109,1099,3010,14781,11424,9179,4525,1005,0,12492,6541,15750,5236,3315
27/09/2016,4000,9511,3329,33842,13497,1361,4109,1099,3010,14781,11424,9179,4525,1005,0,12492,6541,15750,5236,3315
28/09/2016,4000,9511,3329,33842,13497,1361,4109,1099,3010,14781,11424,9179,4525,1005,0,12492,6541,15750,5236,3315
29/09/2016,4000,9511,3329,33842,13497,1361,4109,1099,3010,14781,11424,9179,4525,1005,0,12492,6541,15750,5236,3315
30/09/2016,4000,9511,3329,33842,13497,1361,4109,1099,3010,14781,11424,9179,4525,1005,0,12492,6541,15750,5236,3315
01/10/2016,4000,9511,3329,33842,13497,1361,4109,1099,3010,14989,11581,9395,4525,1005,0,12492,6541,15750,5236,3315
02/10/2016,4000,9511,3329,33842,13497,1361,4109,1099,3010,14989,11581,9395,4525,1005,0,12492,6541,15750,5236,3315
03/10/2016,4000,9511,3329,33842,13497,1375,4109,1099,3010,14989,11581,9395,4525,1005,0,12492,6541,15750,5236,3315
04/10/2016,4000,9511,3329,33842,13497,1375,4109,1099,3010,14989,11581,9395,4525,1005,0,12492,6541,15750,5236,3315
05/10/2016,4000,9511,3329,33842,13497,1375,4109,1099,3010,14989,11581,9395,4525,1005,0,12492,6541,15750,5236,3315
06/10/2016,4000,9511,3329,33842,13497,1375,4109,1099,3010,14989,11581,9395,4783,1005,0,12492,6541,15750,5236,3315
07/10/2016,4000,9511,3329,33842,13497,1375,4109,1099,3010,14989,11581,9395,4783,1005,0,12492,6541,15750,5236,3315
08/10/2016,4000,9511,3329,33842,13497,1375,4109,1099,3010,14989,11581,9395,4783,1005,0,12492,6541,15750,5236,3315
09/10/2016,4000,9511,3329,33842,13497,1375,4109,1099,3010,14989,11581,9395,4783,1005,0,12492,6541,15750,5236,3315
10/10/2016,4000,9511,3329,33842,13497,1375,4109,1099,3010,14989,11581,9395,4783,1005,0,12492,6541,15750,5236,3315
11/10/2016,4000,9511,3329,33842,13497,1375,4109,1099,3010,14989,11581,9395,4783,1005,0,12492,6541,15750,5236,3315
12/10/2016,4000,9511,3329,33842,13497,1375,4109,1099,3010,14989,11581,9395,4783,1005,0,12492,6541,15750,5236,3315
13/10/2016,4000,9511,3329,33842,13497,1375,4109,1099,3010,14989,11581,9395,4783,1005,0,12492,6541,15750,5236,3315
14/10/2016,4000,9511,3329,33842,13497,1375,4109,1099,3010,14989,11581,9395,4783,1005,0,12492,6541,15750,5236,3315
15/10/2016,4000,9511,3329,33842,13497,1375,4109,1099,3010,14989,11581,9395,4783,1005,0,12492,6541,15750,5236,3315
16/10/2016,4000,9511,3329,33842,13497,1375,4109,1099,3010,14989,11581,9395,4783,1005,0,12492,6541,15750,5236,3315
17/10/2016,4000,9511,3329,33842,13497,1375,4109,1099,3010,14989,11581,9395,4783,1005,0,12492,6541,15750,5236,3315
18/10/2016,4000,9511,3329,33842,13497,1375,4109,1099,3010,14989,11581,9395,4783,1005,0,12492,6541,15750,5236,3315
19/10/2016,4000,9511,3329,33842,13497,1375,4109,1099,3010,14989,11581,9395,4783,1005,0,12492,6541,15750,5236,3315
20/10/2016,4000,9511,3329,33842,13497,1375,4109,1099,3010,14989,11581,9395,4783,1005,0,12492,6541,15750,5236,3315
21/10/2016,4000,9511,3329,33842,13497,1375,4109,1099,3010,14989,11581,9395,4783,1005,0,12492,6541,15750,5236,3315
22/10/2016,4000,9511,3329,33842,13497,1375,4109,1099,3010,14989,11581,9395,4783,1005,0,12492,6541,15750,5236,3315
23/10/2016,4000,9511,3329,33842,13497,1375,4109,1099,3010,14989,11581,9395,4783,1005,0,12492,6541,15750,5236,3315
24/10/2016,4000,9511,3329,33842,13497,1375,4109,1099,3010,14989,11581,9395,4783,1005,0,12492,6541,15750,5236,3315
25/10/2016,4000,9511,3329,33842,13497,1375,4109,1099,3010,14989,11581,9395,4783,1005,0,12492,6541,15750,5236,3315
26/10/2016,4000,9511,3329,33842,13497,1375,4109,1099,3010,14989,11581,9395,4783,1005,0,12492,6541,15750,5236,3315
27/10/2016,4000,9511,3329,33842,13497,1375,4109,1099,3010,14989,11581,9395,4783,1005,0,12492,6541,15750,5236,3315
28/10/2016,4000,9511,3329,33842,13497,1375,4109,1099,3010,14989,11581,9395,4783,1005,0,12492,6541,15750,5236,3315
29/10/2016,4000,9511,3329,33842,13497,1375,4109,1099,3010,14989,11581,9395,4783,1005,0,12492,6541,15750,5236,3315
30/10/2016,4000,9511,3329,33842,13497,1375,4109,1099,3010,14989,11581,9395,4783,1005,0,12492,6541,15750,5236,3315
31/10/2016,4000,9511,3329,33842,13497,1375,4109,1099,3010,14989,11581,9395,4783,1005,0,12492,6541,15750,5236,3315
01/11/2016,4000,9511,3329,33842,13497,1375,4109,1099,3010,15394,11615,9575,4783,1005,0,12492,6541,15750,5236,3315
02/11/2016,4000,9511,3329,33842,13497,1375,4109,1099,3010,15394,11615,9575,4783,1005,0,12492,6541,15750,5236,3315
03/11/2016,4000,9511,3329,33842,13497,1375,4109,1099,3010,15394,11615,9575,4783,1005,0,12492,6541,15750,5236,3315
04/11/2016,4000,9511,3329,33842,13497,1375,4109,1099,3010,15394,11615,9575,4783,1005,0,12492,6541,15750,5236,3315
05/11/2016,4000,9511,3329,33842,13497,1375,4109,1099,3010,15394,11615,9575,4783,1005,0,12492,6541,15750,5236,3315
06/11/2016,4000,9511,3329,33842,13497,1375,4109,1099,3010,15394,11615,9575,4783,1005,0,12492,6541,15750,5236,3315
07/11/2016,4000,9511,3329,33842,13497,1375,4109,1099,3010,15394,11615,9575,4783,1005,0,12492,6541,15750,5236,3315
08/11/2016,4000,9511,3329,33842,13497,1375,4109,1099,3010,15394,11615,9575,4783,1005,0,12492,6541,15750,5236,3315
09/11/2016,4000,9511,3329,33842,13497,1375,4109,1099,3010,15394,11615,9575,4783,1005,0,12492,6541,15750,5236,3315
10/11/2016,4000,9511,3329,33842,13497,1375,4109,1099,3010,15394,11615,9575,4783,1005,0,12492,6541,15750,5236,3315
11/11/2016,4000,9511,3329,33842,13497,1375,4109,1099,3010,15394,11615,9575,4783,1005,0,12492,6541,15750,5236,3315
12/11/2016,4000,9511,3329,33842,13497,1375,4109,1099,3010,15394,11615,9575,4783,1005,0,12492,6541,15750,5236,3315
13/11/2016,4000,9511,3329,33842,13497,1375,4109,1099,3010,15394,11615,9575,4783,1005,0,12492,6541,15750,5236,3315
14/11/2016,4000,9511,3329,33842,13497,1375,4109,1099,3010,15394,11615,9575,4783,1005,0,12492,6541,15750,5236,3315
15/11/2016,4000,9511,3329,33842,13497,1375,4109,1099,3010,15394,11615,9575,4783,1005,0,12492,6541,15750,5236,3315
16/11/2016,4000,9511,3329,33842,13497,1375,4109,1099,3010,15394,11615,9575,4783,1005,0,12492,6541,15750,5236,3315
17/11/2016,4000,9511,3329,33842,13497,1375,4109,1099,3010,15394,11615,9575,4783,1005,0,12492,6541,15750,5236,3315
18/11/2016,4000,9511,3329,33842,13497,1396,4109,1099,3010,15394,11615,9575,4783,1005,0,12492,6541,15750,5236,3315
19/11/2016,4000,9511,3329,33842,13497,1396,4109,1099,3010,15394,11615,9575,4783,1005,0,12492,6541,15750,5236,3315
20/11/2016,4000,9511,3329,33842,13497,1396,4109,1099,3010,15394,11615,9575,4783,1005,0,12492,6541,15750,5236,3315
21/11/2016,4000,9511,3329,33842,13497,1396,4109,1099,3010,15394,11615,9575,4783,1005,0,12492,6541,15750,5236,3315
22/11/2016,4000,9511,3329,33842,13497,1396,4109,1099,3010,15394,11615,9575,4783,1005,0,12492,6541,15750,5236,3315
23/11/2016,4000,9511,3329,33842,13497,1396,4109,1099,3010,15394,11615,9575,4783,1005,0,12492,6541,15750,5236,3315
24/11/2016,4000,9511,3329,33842,13497,1396,4109,1099,3010,15394,11615,9575,4783,1005,0,12492,6541,15750,5236,3315
25/11/2016,4000,9511,3329,33842,13497,1396,4109,1099,3010,15394,11615,9575,4783,1005,0,12492,6541,15750,5236,3315
26/11/2016,4000,9511,3329,33842,13497,1396,4109,1099,3010,15394,11615,9575,4783,1005,0,12492,6541,15750,5236,3315
27/11/2016,4000,9511,3329,33842,13497,1396,4109,1099,3010,15394,11615,9575,4783,1005,0,12492,6541,15750,5236,3315
28/11/2016,4000,9511,3329,33842,13497,1396,4109,1099,3010,15394,11615,9575,4783,1005,0,12492,6541,15750,5236,3315
29/11/2016,4000,9511,3329,33842,13497,1396,4109,1099,3010,15394,11615,9575,4783,1005,0,12492,6541,15750,5236,3315
30/11/2016,4000,9511,3329,33842,13497,1396,4109,1099,3010,15394,11615,9575,4783,1005,0,12492,6541,15750,5236,3315
01/12/2016,4000,9511,3329,33842,13497,1396,4149,1099,3050,15643,11685,9759,4783,1005,0,12492,6541,15750,5236,3315
02/12/2016,4000,9511,3329,33842,13497,1396,4149,1099,3050,15643,11685,9759,4783,1005,0,12492,6541,15750,5236,3315
03/12/2016,4000,9511,3329,33842,13497,1396,4149,1099,3050,15643,11685,9759,4783,1005,0,12492,6541,15750,5236,3315
04/12/2016,4000,9511,3329,33842,13497,1396,4149,1099,3050,15643,11685,9759,4783,1005,0,12492,6541,15750,5236,3315
05/12/2016,4000,9511,3329,33842,13497,1396,4149,1099,3050,15643,11685,9759,4783,1005,0,12492,6541,15750,5236,3315
06/12/2016,4000,9511,3329,33842,13497,1396,4149,1099,3050,15643,11685,9759,4783,1005,0,12492,6541,15750,5236,3315
07/12/2016,4000,9511,3329,33842,13497,1396,4149,1099,3050,15643,11685,9759,4783,1005,0,12492,6541,15750,5236,3315
08/12/2016,4000,9511,3329,33842,13497,1396,4149,1099,3050,15643,11685,9759,4783,1005,0,12492,6541,15750,5236,3315
09/12/2016,4000,9511,3329,33842,13497,1396,4149,1099,3050,15643,11685,9759,4783,1005,0,12492,6541,15750,5236,3315
10/12/2016,4000,9511,3329,33842,13497,1396,4149,1099,3050,15643,11685,9759,4783,1005,0,12492,6541,15750,5236,3315
11/12/2016,4000,9511,3329,33842,13497,1396,4149,1099,3050,15643,11685,9759,4783,1005,0,12492,6541,15750,5236,3315
12/12/2016,4000,9511,3329,33842,13497,1396,4149,1099,3050,15643,11685,9759,4783,1005,0,12492,6541,15750,5236,3315
13/12/2016,4000,9511,3329,33842,13497,1396,4149,1099,3050,15643,11685,9759,4783,1005,0,12492,6541,15750,5236,3315
14/12/2016,4000,9511,3329,33842,13497,1396,4149,1099,3050,15643,11685,9759,4783,1005,0,12492,6541,15750,5236,3315
15/12/2016,4000,9511,3329,33842,13497,1396,4149,1099,3050,15643,11685,9759,4783,1005,0,12492,6541,15750,5236,3315
16/12/2016,4000,9511,3329,33842,13497,1396,4149,1099,3050,15643,11685,9759,4783,1005,0,12492,6541,15750,5236,3315
17/12/2016,4000,9511,3329,33842,13497,1396,4149,1099,3050,15643,11685,9759,4783,1005,0,12492,6541,15750,5236,3315
18/12/2016,4000,9511,3329,33842,13497,1396,4149,1099,3050,15643,11685,9759,4783,1005,0,12492,6541,15750,5236,3315
19/12/2016,4000,9511,3329,33842,13497,1396,4149,1099,3050,15643,11685,9759,5073,1005,0,12492,6541,15750,5236,3315
20/12/2016,4000,9511,3329,33842,13497,1396,4149,1099,3050,15643,11685,9759,5073,1005,0,12492,6541,15750,5236,3315
21/12/2016,4000,9511,3329,33842,13497,1396,4149,1099,3050,15643,11685,9759,5073,1005,0,12492,6541,15750,5236,3315
22/12/2016,4000,9511,3329,33842,13497,1396,4149,1099,3050,15643,11685,9759,5073,1005,0,12492,6541,15750,5236,3315
23/12/2016,4000,9511,3329,33842,13497,1396,4149,1099,3050,15643,11685,9759,5073,1005,0,12492,6541,15750,5236,3315
24/12/2016,4000,9511,3329,33842,13497,1396,4149,1099,3050,15643,11685,9759,5073,1005,0,12492,6541,15750,5236,3315
25/12/2016,4000,9511,3329,33842,13497,1396,4149,1099,3050,15643,11685,9759,5073,1005,0,12492,6541,15750,5236,3315
26/12/2016,4000,9511,3329,33842,13497,1396,4149,1099,3050,15643,11685,9759,5073,1005,0,12492,6541,15750,5236,3315
27/12/2016,4000,9511,3329,33842,13497,1396,4149,1099,3050,15643,11685,9759,5073,1005,0,12492,6541,15750,5236,3315
28/12/2016,4000,9511,3329,33842,13497,1396,4149,1099,3050,15643,11685,9759,5073,1005,0,12492,6541,15750,5236,3315
29/12/2016,4000,9511,3329,33842,13497,1396,4149,1099,3050,15643,11685,9759,5073,1005,0,12492,6541,15750,5236,3315
30/12/2016,4000,9511,3329,33842,13497,1396,4149,1099,3050,15643,11685,9759,5073,1005,0,12492,6541,15750,5236,3315
31/12/2016,4000,9511,3329,33842,13497,1396,4149,1099,3050,15643,11685,9759,5073,1005,0,12492,6541,15750,5236,3315
01/01/2017,4000,9511,3329,33842,13497,1396,4149,1099,3050,15710,11719,9946,5073,1005,0,12492,6541,15750,5236,3315
02/01/2017,4000,9511,3329,33842,13497,1396,4149,1099,3050,15710,11719,9946,5073,1005,0,12492,6541,15750,5236,3315
03/01/2017,4000,9511,3329,33842,13497,1396,4149,1099,3050,15710,11719,9946,5073,1005,0,12492,6541,15750,5236,3315
04/01/2017,4000,9511,3329,33842,13497,1396,4149,1099,3050,15710,11719,9946,5073,1005,0,12492,6541,15750,5236,3315
05/01/2017,4000,9511,3329,33842,13497,1396,4149,1099,3050,15710,11719,9946,5073,1005,0,12492,6541,15750,5236,3315
06/01/2017,4000,9511,3329,33842,13497,1396,4149,1099,3050,15710,11719,9946,5073,1005,0,12492,6541,15750,5236,3315
07/01/2017,4000,9511,3329,33842,13497,1396,4149,1099,3050,15710,11719,9946,5073,1005,0,12492,6541,15750,5236,3315
08/01/2017,4000,9511,3329,33842,13497,1396,4149,1099,3050,15710,11719,9946,5163,1005,0,12492,6541,15750,5236,3315
09/01/2017,4000,9511,3329,33842,13497,1396,4149,1099,3050,15710,11719,9946,5163,1005,0,12492,6541,15750,5236,3315
10/01/2017,4000,9511,3329,33842,13497,1396,4149,1099,3050,15710,11719,9946,5163,1005,0,12492,6541,15750,5236,3315
11/01/2017,4000,9511,3329,33842,13497,1396,4149,1099,3050,15710,11719,9946,5163,1005,0,12492,6541,15750,5236,3315
12/01/2017,4000,9511,3329,33842,13497,1396,4149,1099,3050,15710,11719,9946,5163,1005,0,12492,6541,15750,5236,3315
13/01/2017,4000,9511,3329,33842,13497,1396,4149,1099,3050,15710,11719,9946,5163,1005,0,12492,6541,15750,5236,3315
14/01/2017,4000,9511,3329,33842,13497,1396,4149,1099,3050,15710,11719,9946,5163,1005,0,12492,6541,15750,5236,3315
15/01/2017,4000,9511,3329,33842,13497,1396,4149,1099,3050,15710,11719,9946,5163,1005,0,12492,6541,15750,5236,3315
16/01/2017,4000,9511,3329,33842,13497,1396,4149,1099,3050,15710,11719,9946,5163,1005,0,12492,6541,15750,5236,3315
17/01/2017,4000,9511,3329,33842,13497,1396,4149,1099,3050,15710,11719,9946,5163,1005,0,12492,6541,15750,5236,3315
18/01/2017,4000,9511,3329,33842,13497,1396,4149,1099,3050,15710,11719,9946,5163,1005,0,12492,6541,15750,5236,3315
19/01/2017,4000,9511,3329,33842,13497,1396,4149,1099,3050,15710,11719,9946,5163,1005,0,12492,6541,15750,5236,3315
20/01/2017,4000,9511,3329,33842,13497,1396,4149,1099,3050,15710,11719,9946,5163,1005,0,12492,6541,15750,5236,3315
21/01/2017,4000,9511,3329,33842,13497,1396,4149,1099,3050,15710,11719,9946,5163,1005,0,12492,6541,15750,5236,3315
22/01/2017,4000,9511,3329,33842,13497,1396,4149,1099,3050,15710,11719,9946,5163,1005,0,12492,6541,15750,5236,3315
23/01/2017,4000,9511,3329,33842,13497,1396,4149,1099,3050,15710,11719,9946,5163,1005,0,12492,6541,15750,5236,3315
24/01/2017,4000,9511,3329,33842,13497,1396,4149,1099,3050,15710,11719,9946,5163,1005,0,12492,6541,15750,5236,3315
25/01/2017,4000,9511,3329,33842,13497,1396,4149,1099,3050,15710,11719,9946,5163,1005,0,12492,6541,15750,5236,3315
26/01/2017,4000,9511,3329,33842,13497,1396,4149,1099,3050,15710,11719,9946,5163,1005,0,12492,6541,15750,5236,3315
27/01/2017,4000,9511,3329,33842,13497,1396,4149,1099,3050,15710,11719,9946,5163,1005,0,12492,6541,15750,5236,3315
28/01/2017,4000,9511,3329,33842,13497,1396,4149,1099,3050,15710,11719,9946,5163,1005,0,12492,6541,15750,5236,3315
29/01/2017,4000,9511,3329,33842,13497,1396,4149,1099,3050,15710,11719,9946,5163,1005,0,12492,6541,15750,5236,3315
30/01/2017,4000,9511,3329,33842,13497,1396,4149,1099,3050,15710,11719,9946,5163,1005,0,12492,6541,15750,5236,3315
31/01/2017,4000,9511,3329,33842,13497,1396,4149,1099,3050,15710,11719,9946,5163,1005,0,12492,6541,15750,5236,3315
01/02/2017,4000,9511,3329,33842,13497,1396,4149,1099,3050,15834,11773,10254,5163,1005,0,12492,6541,15750,5236,3315
02/02/2017,4000,9511,3329,33842,13497,1396,4149,1099,3050,15834,11773,10254,5163,1005,0,12492,6541,15750,5236,3315
03/02/2017,4000,9511,3329,33842,13497,1396,4149,1099,3050,15834,11773,10254,5163,1005,0,12492,6541,15750,5236,3315
04/02/2017,4000,9511,3329,33842,13497,1396,4149,1099,3050,15834,11773,10254,5163,1005,0,12492,6541,15750,5236,3315
05/02/2017,4000,9511,3329,33842,13497,1396,4149,1099,3050,15834,11773,10254,5163,1005,0,12492,6541,15750,5236,3315
06/02/2017,4000,9511,3329,33842,13497,1396,4149,1099,3050,15834,11773,10254,5163,1005,0,12492,6541,15750,5236,3315
07/02/2017,4000,9511,3329,33842,13497,1396,4149,1099,3050,15834,11773,10254,5163,1005,0,12492,6541,15750,5236,3315
08/02/2017,4000,9511,3329,33842,13497,1396,4149,1099,3050,15834,11773,10254,5163,1005,0,12492,6541,15750,5236,3315
09/02/2017,4000,9511,3329,33842,13497,1396,4149,1099,3050,15834,11773,10254,5163,1005,0,12492,6541,15750,5236,3315
10/02/2017,4000,9511,3329,33842,13497,1396,4149,1099,3050,15834,11773,10254,5163,1005,0,12492,6541,15750,5236,3315
11/02/2017,4000,9511,3329,33842,13497,1396,4149,1099,3050,15834,11773,10254,5163,1005,0,12492,6541,15750,5236,3315
12/02/2017,4000,9511,3329,33842,13497,1396,4149,1099,3050,15834,11773,10254,5163,1005,0,12492,6541,15750,5236,3315
13/02/2017,4000,9511,3329,33842,13497,1396,4149,1099,3050,15834,11773,10254,5163,1005,0,12492,6541,15750,5236,3315
14/02/2017,4000,9511,3329,33842,13497,1396,4149,1099,3050,15834,11773,10254,5163,1005,0,12492,6541,15750,5236,3315
15/02/2017,4000,9511,3329,33842,13497,1396,4149,1099,3050,15834,11773,10254,5163,1005,0,12492,6541,15750,5236,3315
16/02/2017,4000,9511,3329,33842,13497,1396,4149,1099,3050,15834,11773,10254,5163,1005,0,12492,6541,15750,5236,3315
17/02/2017,4000,9511,3329,33842,13497,1396,4149,1099,3050,15834,11773,10254,5163,1005,0,12492,6541,15750,5236,3315
18/02/2017,4000,9511,3329,33842,13497,1396,4149,1099,3050,15834,11773,10254,5163,1005,0,12492,6541,15750,5236,3315
19/02/2017,4000,9511,3329,33842,13497,1396,4149,1099,3050,15834,11773,10254,5163,1005,0,12492,6541,15750,5236,3315
20/02/2017,4000,9511,3329,33842,13497,1396,4149,1099,3050,15834,11773,10254,5163,1005,0,12492,6541,15750,5236,3315
21/02/2017,4000,9511,3329,33842,13497,1396,4149,1099,3050,15834,11773,10254,5163,1005,0,12492,6541,15750,5236,3315
22/02/2017,4000,9511,3329,33842,13497,1396,4149,1099,3050,15834,11773,10254,5163,1005,0,12492,6541,15750,5236,3315
23/02/2017,4000,9511,3329,33842,13497,1396,4149,1099,3050,15834,11773,10254,5163,1005,0,12492,6541,15750,5236,3315
24/02/2017,4000,9511,3329,33842,13497,1436,4149,1099,3050,15834,11773,10254,5163,1005,0,12492,6541,15750,5236,3315
25/02/2017,4000,9511,3329,33842,13497,1436,4149,1099,3050,15834,11773,10254,5163,1005,0,12492,6541,15750,5236,3315
26/02/2017,4000,9511,3329,33842,13497,1436,4149,1099,3050,15834,11773,10254,5163,1005,0,12492,6541,15750,5236,3315
27/02/2017,4000,9511,3329,33842,13497,1436,4149,1099,3050,15834,11773,10254,5163,1005,0,12492,6541,15750,5236,3315
28/02/2017,4000,9511,3329,33842,13497,1436,4149,1099,3050,15834,11773,10254,5163,1005,0,12492,6541,15750,5236,3315
01/03/2017,4000,9511,3329,33842,13497,1436,4149,1099,3050,16112,12046,10571,5163,1005,0,12492,6541,15750,5236,3315
02/03/2017,4000,9511,3329,33842,13497,1436,4149,1099,3050,16112,12046,10571,5163,1005,0,12492,6541,15750,5236,3315
03/03/2017,4000,9511,3329,33842,13497,1436,4149,1099,3050,16112,12046,10571,5163,1005,0,12492,6541,15750,5236,3315
04/03/2017,4000,9511,3329,33842,13497,1436,4149,1099,3050,16112,12046,10571,5163,1005,0,12492,6541,15750,5236,3315
05/03/2017,4000,9511,3329,33842,13497,1436,4149,1099,3050,16112,12046,10571,5163,1005,0,12492,6541,15750,5236,3315
06/03/2017,4000,9511,3329,33842,13497,1436,4149,1099,3050,16112,12046,10571,5163,1005,0,12492,6541,15750,5236,3315
07/03/2017,4000,9511,3329,33842,13497,1436,4149,1099,3050,16112,12046,10571,5163,1005,0,12492,6541,15750,5236,3315
08/03/2017,4000,9511,3329,33842,13497,1436,4149,1099,3050,16112,12046,10571,5163,1005,0,12492,6541,15750,5236,3315
09/03/2017,4000,9511,3329,33842,13497,1436,4149,1099,3050,16112,12046,10571,5163,1005,0,12492,6541,15750,5236,3315
10/03/2017,4000,9511,3329,33842,13497,1436,4149,1099,3050,16112,12046,10571,5163,1005,0,12492,6541,15750,5236,3315
11/03/2017,4000,9511,3329,33842,13497,1436,4149,1099,3050,16112,12046,10571,5163,1005,0,12492,6541,15750,5236,3315
12/03/2017,4000,9511,3329,33842,13497,1436,4149,1099,3050,16112,12046,10571,5163,1005,0,12492,6541,15750,5236,3315
13/03/2017,4000,9511,3329,33842,13497,1436,4149,1099,3050,16112,12046,10571,5163,1005,0,12492,6541,15750,5236,3315
14/03/2017,4000,9511,3329,33842,13497,1436,4149,1099,3050,16112,12046,10571,5163,1005,0,12492,6541,15750,5236,3315
15/03/2017,4000,9511,3329,33842,13497,1436,4149,1099,3050,16112,12046,10571,5163,1005,0,12492,6541,15750,5236,3315
16/03/2017,4000,9511,3329,33842,13497,1436,4149,1099,3050,16112,12046,10571,5163,1005,0,12492,6541,15750,5236,3315
17/03/2017,4000,9511,3329,33842,13497,1436,4149,1099,3050,16112,12046,10571,5163,1005,0,12492,6541,15750,5236,3315
18/03/2017,4000,9511,3329,33842,13497,1436,4149,1099,3050,16112,12046,10571,5163,1005,0,12492,6541,15750,5236,3315
19/03/2017,4000,9511,3329,33842,13497,1436,4149,1099,3050,16112,12046,10571,5163,1005,0,12492,6541,15750,5236,3315
20/03/2017,4000,9511,3329,33842,13497,1436,4149,1099,3050,16112,12046,10571,5163,1005,0,12492,6541,15750,5236,3315
21/03/2017,4000,9511,3329,33842,13497,1436,4149,1099,3050,16112,12046,10571,5163,1005,0,12492,6541,15750,5236,3315
22/03/2017,4000,9511,3329,33842,13497,1436,4149,1099,3050,16112,12046,10571,5265,1005,0,12492,6541,15750,5236,3315
23/03/2017,4000,9511,3329,33842,13497,1436,4149,1099,3050,16112,12046,10571,5265,1005,0,12492,6541,15750,5236,3315
24/03/2017,4000,9511,3329,33842,13497,1436,4149,1099,3050,16112,12046,10571,5265,1005,0,12492,6541,15750,5236,3315
25/03/2017,4000,9511,3329,33842,13497,1436,4149,1099,3050,16112,12046,10571,5265,1005,0,12492,6541,15750,5236,3315
26/03/2017,4000,9511,3329,33842,13497,1436,4149,1099,3050,16112,12046,10571,5265,1005,0,12492,6541,15750,5236,3315
27/03/2017,4000,9511,3329,33842,13497,1436,4149,1099,3050,16112,12046,10571,5265,1005,0,12492,6541,15750,5236,3315
28/03/2017,4000,9511,3329,33842,13497,1436,4149,1099,3050,16112,12046,10571,5265,1005,0,12492,6541,15750,5236,3315
29/03/2017,4000,9511,3329,33842,13497,1436,4149,1099,3050,16112,12046,10571,5265,1005,0,12492,6541,15750,5236,3315
30/03/2017,4000,9511,3329,33842,13497,1436,4149,1099,3050,16112,12046,10571,5265,1005,0,12492,6541,15750,5236,3315
31/03/2017,4000,9511,3329,33842,13497,1436,4149,1099,3050,16112,12046,10571,5265,1005,0,12492,6541,15750,5236,3315
01/04/2017,4000,9511,3329,33842,13497,1436,4149,1099,3050,16457,12086,10897,5265,1005,0,12492,6541,15750,5236,3315
02/04/2017,4000,9511,3329,33842,13497,1436,4149,1099,3050,16457,12086,10897,5265,1005,0,12492,6541,15750,5236,3315
03/04/2017,4000,9511,3329,33842,13497,1436,4149,1099,3050,16457,12086,10897,5265,1005,0,12492,6541,15750,5236,3315
04/04/2017,4000,9511,3329,33842,13497,1436,4149,1099,3050,16457,12086,10897,5265,1005,0,12492,6541,15750,5236,3315
05/04/2017,4000,9511,3329,33842,13497,1436,4149,1099,3050,16457,12086,10897,5265,1005,0,12492,6541,15750,5236,3315
06/04/2017,4000,9511,3329,33842,13497,1436,4149,1099,3050,16457,12086,10897,5265,1005,0,12492,6541,15750,5236,3315
07/04/2017,4000,9511,3329,33842,13497,1436,4149,1099,3050,16457,12086,10897,5265,1005,0,12492,6541,15750,5236,3315
08/04/2017,4000,9511,3329,33842,13497,1436,4149,1099,3050,16457,12086,10897,5265,1005,0,12492,6541,15750,5236,3315
09/04/2017,4000,9511,3329,33842,13497,1436,4149,1099,3050,16457,12086,10897,5265,1005,0,12492,6541,15750,5236,3315
10/04/2017,4000,9511,3329,33842,13497,1436,4149,1099,3050,16457,12086,10897,5265,1005,0,12492,6541,15750,5236,3315
11/04/2017,4000,9511,3329,33842,13497,1436,4149,1099,3050,16457,12086,10897,5265,1005,0,12492,6541,15750,5236,3315
12/04/2017,4000,9511,3329,33842,13497,1436,4149,1099,3050,16457,12086,10897,5265,1005,0,12492,6541,15750,5236,3315
13/04/2017,4000,9511,3329,33842,13497,1436,4149,1099,3050,16457,12086,10897,5265,1005,0,12492,6541,15750,5236,3315
14/04/2017,4000,9511,3329,33842,13497,1436,4149,1099,3050,16457,12086,10897,5265,1005,0,12492,6541,15750,5236,3315
15/04/2017,4000,9511,3329,33842,13497,1436,4149,1099,3050,16457,12086,10897,5265,1005,0,12492,6541,15750,5236,3315
16/04/2017,4000,9511,3329,33842,13497,1436,4149,1099,3050,16457,12086,10897,5265,1005,0,12492,6541,15750,5236,3315
17/04/2017,4000,9511,3329,33842,13497,1436,4149,1099,3050,16457,12086,10897,5265,1005,0,12492,6541,15750,5236,3315
18/04/2017,4000,9511,3329,33842,13497,1436,4149,1099,3050,16457,12086,10897,5265,1005,0,12492,6541,15750,5236,3315
19/04/2017,4000,9511,3329,33842,13497,1436,4149,1099,3050,16457,12086,10897,5265,1005,0,12492,6541,15750,5236,3315
20/04/2017,4000,9511,3329,33842,13497,1436,4149,1099,3050,16457,12086,10897,5265,1005,0,12492,6541,15750,5236,3315
21/04/2017,4000,9511,3329,33842,13497,1436,4149,1099,3050,16457,12086,10897,5265,1005,0,12492,6541,15750,5236,3315
22/04/2017,4000,9511,3329,33842,13497,1436,4149,1099,3050,16457,12086,10897,5265,1005,0,12492,6541,15750,5236,3315
23/04/2017,4000,9511,3329,33842,13497,1436,4149,1099,3050,16457,12086,10897,5265,1005,0,12492,6541,15750,5236,3315
24/04/2017,4000,9511,3329,33842,13497,1436,4149,1099,3050,16457,12086,10897,5265,1005,0,12492,6541,15750,5236,3315
25/04/2017,4000,9511,3329,33842,13497,1436,4149,1099,3050,16457,12086,10897,5265,1005,0,12492,6541,15750,5236,3315
26/04/2017,4000,9511,3329,33842,13497,1436,4149,1099,3050,16457,12086,10897,5265,1005,0,12492,6541,15750,5236,3315
27/04/2017,4000,9511,3329,33842,13497,1436,4149,1099,3050,16457,12086,10897,5265,1005,0,12492,6541,15750,5236,3315
28/04/2017,4000,9511,3329,33842,13497,1436,4149,1099,3050,16457,12086,10897,5265,1005,0,12492,6541,15750,5236,3315
29/04/2017,4000,9511,3329,33842,13497,1436,4149,1099,3050,16457,12086,10897,5265,1005,0,12492,6541,15750,5236,3315
30/04/2017,4000,9511,3329,33842,13497,1436,4149,1099,3050,16457,12086,10897,5265,1005,0,12492,6541,15750,5236,3315
01/05/2017,4000,9511,3329,33842,13497,1436,4149,1099,3050,16697,12193,11004,5265,1005,0,12492,6541,15750,5236,3315
02/05/2017,4000,9511,3329,33842,13497,1436,4149,1099,3050,16697,12193,11004,5265,1005,0,12492,6541,15750,5236,3315
03/05/2017,4000,9511,3329,33842,13497,1436,4149,1099,3050,16697,12193,11004,5265,1005,0,12492,6541,15750,5236,3315
04/05/2017,4000,9511,3329,33842,13497,1436,4149,1099,3050,16697,12193,11004,5265,1005,0,12492,6541,15750,5236,3315
05/05/2017,4000,9511,3329,33842,13497,1436,4149,1099,3050,16697,12193,11004,5265,1005,0,12492,6541,15750,5236,3315
06/05/2017,4000,9511,3329,33842,13497,1436,4149,1099,3050,16697,12193,11004,5265,1005,0,12492,6541,15750,5236,3315
07/05/2017,4000,9511,3329,33842,13497,1436,4149,1099,3050,16697,12193,11004,5265,1005,0,12492,6541,15750,5236,3315
08/05/2017,4000,9511,3329,33842,13497,1436,4149,1099,3050,16697,12193,11004,5265,1005,0,12492,6541,15750,5236,3315
09/05/2017,4000,9511,3329,33842,13497,1436,4149,1099,3050,16697,12193,11004,5265,1005,0,12492,6541,15750,5236,3315
10/05/2017,4000,9511,3329,33842,13497,1436,4149,1099,3050,16697,12193,11004,5265,1005,0,12492,6541,15750,5236,3315
11/05/2017,4000,9511,3329,33842,13497,1436,4149,1099,3050,16697,12193,11004,5265,1005,0,12492,6541,15750,5236,3315
12/05/2017,4000,9511,3329,33842,13497,1436,4149,1099,3050,16697,12193,11004,5373,1005,0,12492,6541,15750,5236,3315
13/05/2017,4000,9511,3329,33842,13497,1436,4149,1099,3050,16697,12193,11004,5373,1005,0,12492,6541,15750,5236,3315
14/05/2017,4000,9511,3329,33842,13497,1436,4149,1099,3050,16697,12193,11004,5373,1005,0,12492,6541,15750,5236,3315
15/05/2017,4000,9511,3329,33842,13497,1436,4149,1099,3050,16697,12193,11004,5373,1005,0,12492,6541,15750,5236,3315
16/05/2017,4000,9511,3329,33842,13497,1436,4149,1099,3050,16697,12193,11004,5373,1005,0,12492,6541,15750,5236,3315
17/05/2017,4000,9511,3329,33842,13497,1436,4149,1099,3050,16697,12193,11004,5373,1005,0,12492,6541,15750,5236,3315
18/05/2017,4000,9511,3329,33842,13497,1436,4149,1099,3050,16697,12193,11004,5373,1005,0,12492,6541,15750,5236,3315
19/05/2017,4000,9511,3372,33842,13497,1436,4149,1099,3050,16697,12193,11004,5373,1005,0,12492,6541,15750,5236,3315
20/05/2017,4000,9511,3372,33842,13497,1436,4149,1099,3050,16697,12193,11004,5373,1005,0,12492,6541,15750,5236,3315
21/05/2017,4000,9511,3372,33842,13497,1436,4149,1099,3050,16697,12193,11004,5373,1005,0,12492,6541,15750,5236,3315
22/05/2017,4000,9511,3372,33842,13497,1436,4149,1099,3050,16697,12193,11004,5373,1005,0,12492,6541,15750,5236,3315
23/05/2017,4000,9511,3372,33842,13497,1436,4149,1099,3050,16697,12193,11004,5373,1005,0,12492,6541,15750,5236,3315
24/05/2017,4000,9511,3372,33842,13497,1436,4149,1099,3050,16697,12193,11004,5373,1005,0,12492,6541,15750,5236,3315
25/05/2017,4000,9511,3372,33842,13497,1436,4149,1099,3050,16697,12193,11004,5373,1005,0,12492,6541,15750,5236,3315
26/05/2017,4000,9511,3372,33842,13497,1436,4149,1099,3050,16697,12193,11004,5373,1005,0,12492,6541,15750,5236,3315
27/05/2017,4000,9511,3372,33842,13497,1436,4149,1099,3050,16697,12193,11004,5373,1005,0,12492,6541,15750,5236,3315
28/05/2017,4000,9511,3372,33842,13497,1436,4149,1099,3050,16697,12193,11004,5373,1005,0,12492,6541,15750,5236,3315
29/05/2017,4000,9511,3372,33842,13497,1436,4149,1099,3050,16697,12193,11004,5373,1005,0,12492,6541,15750,5236,3315
30/05/2017,4000,9511,3372,33842,13497,1436,4149,1099,3050,16697,12193,11004,5373,1005,0,12492,6541,15750,5236,3315
31/05/2017,4000,9511,3372,33842,13497,1436,4149,1099,3050,16697,12193,11004,5373,1005,0,12492,6541,15750,5236,3315
01/06/2017,4000,9511,3372,33842,13497,1436,4149,1099,3050,17001,12222,11112,5373,1005,0,12492,6541,15750,5236,3315
02/06/2017,4000,9511,3372,33842,13497,1436,4149,1099,3050,17001,12222,11112,5373,1005,0,12492,6541,15750,5236,3315
03/06/2017,4000,9511,3372,33842,13497,1436,4149,1099,3050,17001,12222,11112,5373,1005,0,12492,6541,15750,5236,3315
04/06/2017,4000,9511,3372,33842,13497,1436,4149,1099,3050,17001,12222,11112,5373,1005,0,12492,6541,15750,5236,3315
05/06/2017,4000,9511,3372,33842,13497,1436,4149,1099,3050,17001,12222,11112,5373,1005,0,12492,6541,15750,5236,3315
06/06/2017,4000,9511,3372,33842,13497,1436,4149,1099,3050,17001,12222,11112,5373,1005,0,12492,6541,15750,5236,3315
07/06/2017,4000,9511,3372,33842,13497,1436,4149,1099,3050,17001,12222,11112,5373,1005,0,12492,6541,15750,5236,3315
08/06/2017,4000,9511,3372,33842,13497,1436,4149,1099,3050,17001,12222,11112,5373,1005,0,12492,6541,15750,5236,3315
09/06/2017,4000,9511,3372,33842,13497,1436,4149,1099,3050,17001,12222,11112,5373,1005,0,12492,6541,15750,5236,3315
10/06/2017,4000,9511,3372,33842,13497,1436,4149,1099,3050,17001,12222,11112,5373,1005,0,12492,6541,15750,5236,3315
11/06/2017,4000,9511,3372,33842,13497,1436,4149,1099,3050,17001,12222,11112,5373,1005,0,12492,6541,15750,5236,3315
12/06/2017,4000,9511,3372,33842,13497,1436,4149,1099,3050,17001,12222,11112,5373,1005,0,12492,6541,15750,5236,3315
13/06/2017,4000,9511,3372,33842,13497,1436,4149,1099,3050,17001,12222,11112,5373,1005,0,12492,6541,15750,5236,3315
14/06/2017,4000,9511,3372,33842,13497,1436,4149,1099,3050,17001,12222,11112,5373,1005,0,12492,6541,15750,5236,3315
15/06/2017,4000,9511,3372,33842,13497,1436,4149,1099,3050,17001,12222,11112,5373,1005,0,12492,6541,15750,5236,3315
16/06/2017,4000,9511,3372,33842,13497,1436,4149,1099,3050,17001,12222,11112,5373,1005,0,12492,6541,15750,5236,3315
17/06/2017,4000,9511,3372,33842,13497,1436,4149,1099,3050,17001,12222,11112,5373,1005,0,12492,6541,15750,5236,3315
18/06/2017,4000,9511,3372,33842,13497,1436,4149,1099,3050,17001,12222,11112,5373,1005,0,12492,6541,15750,5236,3315
19/06/2017,4000,9511,3372,33842,13497,1436,4149,1099,3050,17001,12222,11112,5373,1005,0,12492,6541,15750,5236,3315
20/06/2017,4000,9511,3372,33842,13497,1436,4149,1099,3050,17001,12222,11112,5373,1005,0,12492,6541,15750,5236,3315
21/06/2017,4000,9511,3372,33842,13497,1436,4149,1099,3050,17001,12222,11112,5373,1005,0,12492,6541,15750,5236,3315
22/06/2017,4000,9511,3372,33842,13497,1436,4149,1099,3050,17001,12222,11112,5373,1005,0,12492,6541,15750,5236,3315
23/06/2017,4000,9511,3372,33842,13497,1436,4149,1099,3050,17001,12222,11112,5373,1005,0,12492,6541,15750,5236,3315
24/06/2017,4000,9511,3372,33842,13497,1436,4149,1099,3050,17001,12222,11112,5373,1005,0,12492,6541,15750,5236,3315
25/06/2017,4000,9511,3372,33842,13497,1436,4149,1099,3050,17001,12222,11112,5373,1005,0,12492,6541,15750,5236,3315
26/06/2017,4000,9511,3372,33842,13497,1436,4149,1099,3050,17001,12222,11112,5373,1005,0,12492,6541,15750,5236,3315
27/06/2017,4000,9511,3372,33842,13497,1436,4149,1099,3050,17001,12222,11112,5373,1005,0,12492,6541,15750,5236,3315
28/06/2017,4000,9511,3372,33842,13497,1436,4149,1099,3050,17001,12222,11112,5373,1005,0,12492,6541,15750,5236,3315
29/06/2017,4000,9511,3372,33842,13497,1436,4149,1099,3050,17001,12222,11112,5373,1005,0,12492,6541,15750,5236,3315
30/06/2017,4000,9511,3372,33842,13497,1436,4149,1099,3050,17001,12222,11112,5657,1005,0,12492,6541,15750,5236,3315
01/07/2017,4000,9511,3372,33842,13497,1436,4149,1099,3050,17188,12365,11221,5657,1005,0,12492,6541,15750,5236,3315
02/07/2017,4000,9511,3372,33842,13497,1436,4149,1099,3050,17188,12365,11221,5657,1005,0,12492,6541,15750,5236,3315
03/07/2017,4000,9511,3372,33842,13497,1436,4149,1099,3050,17188,12365,11221,5657,1005,0,12492,6541,15750,5236,3315
04/07/2017,4000,9511,3372,33842,13497,1436,4149,1099,3050,17188,12365,11221,5657,1005,0,12492,6541,15750,5236,3315
05/07/2017,4000,9511,3372,33842,13497,1436,4149,1099,3050,17188,12365,11221,5657,1005,0,12492,6541,15750,5236,3315
06/07/2017,4000,9511,3372,33842,13497,1436,4149,1099,3050,17188,12365,11221,5657,1005,0,12492,6541,15750,5236,3315
07/07/2017,4000,9511,3372,33842,13497,1436,4149,1099,3050,17188,12365,11221,5657,1005,0,12492,6541,15750,5236,3315
08/07/2017,4000,9511,3372,33842,13497,1436,4149,1099,3050,17188,12365,11221,5657,1005,0,12492,6541,15750,5236,3315
09/07/2017,4000,9511,3372,33842,13497,1436,4149,1099,3050,17188,12365,11221,5657,1005,0,12492,6541,15750,5236,3315
10/07/2017,4000,9511,3372,33842,13497,1436,4149,1099,3050,17188,12365,11221,5657,1005,0,12492,6541,15750,5236,3315
11/07/2017,4000,9511,3372,33842,13497,1436,4149,1099,3050,17188,12365,11221,5759,1005,0,12492,6541,15750,5236,3315
12/07/2017,4000,9511,3372,33842,13497,1436,4149,1099,3050,17188,12365,11221,5759,1005,0,12492,6541,15750,5236,3315
13/07/2017,4000,9511,3372,33842,13497,1436,4149,1099,3050,17188,12365,11221,5759,1005,0,12492,6541,15750,5236,3315
14/07/2017,4000,9511,3372,33842,13497,1436,4149,1099,3050,17188,12365,11221,5759,1005,0,12492,6541,15750,5236,3315
15/07/2017,4000,9511,3372,33842,13497,1436,4149,1099,3050,17188,12365,11221,5759,1005,0,12492,6541,15750,5236,3315
16/07/2017,4000,9511,3372,33842,13497,1436,4149,1099,3050,17188,12365,11221,5759,1005,0,12492,6541,15750,5236,3315
17/07/2017,4000,9511,3372,33842,13497,1436,4149,1099,3050,17188,12365,11221,5759,1005,0,12492,6541,15750,5236,3315
18/07/2017,4000,9511,3372,33842,13497,1436,4149,1099,3050,17188,12365,11221,5759,1005,0,12492,6541,15750,5236,3315
19/07/2017,4000,9511,3372,33842,13497,1436,4149,1099,3050,17188,12365,11221,5759,1005,0,12492,6541,15750,5236,3315
20/07/2017,4000,9511,3372,33842,13497,1436,4149,1099,3050,17188,12365,11221,5759,1005,0,12492,6541,15750,5236,3315
21/07/2017,4000,9511,3372,33842,13497,1436,4149,1099,3050,17188,12365,11221,5759,1005,0,12492,6541,15750,5236,3315
22/07/2017,4000,9511,3372,33842,13497,1436,4149,1099,3050,17188,12365,11221,5759,1005,0,12492,6541,15750,5236,3315
23/07/2017,4000,9511,3372,33842,13497,1436,4149,1099,3050,17188,12365,11221,5759,1005,0,12492,6541,15750,5236,3315
24/07/2017,4000,9511,3372,33842,13497,1436,4149,1099,3050,17188,12365,11221,5759,1005,0,12492,6541,15750,5236,3315
25/07/2017,4000,9511,3372,33842,13497,1436,4149,1099,3050,17188,12365,11221,5759,1005,0,12492,6541,15750,5236,3315
26/07/2017,4000,9511,3372,33842,13497,1436,4149,1099,3050,17188,12365,11221,5759,1005,0,12492,6541,15750,5236,3315
27/07/2017,4000,9511,3372,33842,13497,1436,4149,1099,3050,17188,12365,11221,5759,1005,0,12492,6541,15750,5236,3315
28/07/2017,4000,9511,3372,33842,13497,1436,4149,1099,3050,17188,12365,11221,5759,1005,0,12492,6541,15750,5236,3315
29/07/2017,4000,9511,3372,33842,13497,1436,4149,1099,3050,17188,12365,11221,5759,1005,0,12492,6541,15750,5236,3315
30/07/2017,4000,9511,3372,33842,13497,1436,4149,1099,3050,17188,12365,11221,5759,1005,0,12492,6541,15750,5236,3315
31/07/2017,4000,9511,3372,33842,13497,1436,4149,1099,3050,17188,12365,11221,5759,1005,0,12492,6541,15750,5236,3315
01/08/2017,4000,9511,3372,33842,13497,1436,4149,1099,3050,17421,12383,11280,5759,1005,0,12492,6541,15750,5236,3315
02/08/2017,4000,9511,3372,33842,13497,1436,4149,1099,3050,17421,12383,11280,5759,1005,0,12492,6541,15750,5236,3315
03/08/2017,4000,9511,3372,33842,13497,1436,4149,1099,3050,17421,12383,11280,5759,1005,0,12492,6541,15750,5236,3315
04/08/2017,4000,9511,3372,33842,13497,1436,4149,1099,3050,17421,12383,11280,5759,1005,0,12492,6541,15750,5236,3315
05/08/2017,4000,9511,3372,33842,13497,1436,4149,1099,3050,17421,12383,11280,5759,1005,0,12492,6541,15750,5236,3315
06/08/2017,4000,9511,3372,33842,13497,1436,4149,1099,3050,17421,12383,11280,5759,1005,0,12492,6541,15750,5236,3315
07/08/2017,4000,9511,3372,33842,13497,1436,4149,1099,3050,17421,12383,11280,5759,1005,0,12492,6541,15750,5236,3315
08/08/2017,4000,9511,3372,33842,13497,1436,4149,1099,3050,17421,12383,11280,5759,1005,0,12492,6541,15750,5236,3315
09/08/2017,4000,9511,3372,33842,13497,1436,4149,1099,3050,17421,12383,11280,5759,1005,0,12492,6541,15750,5236,3315
10/08/2017,4000,9511,3372,33842,13497,1436,4149,1099,3050,17421,12383,11280,5759,1005,0,12492,6541,15750,5236,3315
11/08/2017,4000,9511,3372,33842,13497,1436,4149,1099,3050,17421,12383,11280,5759,1005,0,12492,6541,15750,5236,3315
12/08/2017,4000,9511,3372,33842,13497,1436,4149,1099,3050,17421,12383,11280,5759,1005,0,12492,6541,15750,5236,3315
13/08/2017,4000,9511,3372,33842,13497,1436,4149,1099,3050,17421,12383,11280,5759,1005,0,12492,6541,15750,5236,3315
14/08/2017,4000,9511,3372,33842,13497,1451,4149,1099,3050,17421,12383,11280,5789,1005,0,12492,6541,15750,5236,3315
15/08/2017,4000,9511,3372,33842,13497,1451,4149,1099,3050,17421,12383,11280,5789,1005,0,12492,6541,15750,5236,3315
16/08/2017,4000,9511,3372,33842,13497,1451,4149,1099,3050,17421,12383,11280,5789,1005,0,12492,6541,15750,5236,3315
17/08/2017,4000,9511,3372,33842,13497,1451,4149,1099,3050,17421,12383,11280,5789,1005,0,12492,6541,15750,5236,3315
18/08/2017,4000,9511,3372,33842,13497,1451,4149,1099,3050,17421,12383,11280,5789,1005,0,12492,6541,15750,5236,3315
19/08/2017,4000,9511,3372,33842,13497,1451,4149,1099,3050,17421,12383,11280,5789,1005,0,12492,6541,15750,5236,3315
20/08/2017,4000,9511,3372,33842,13497,1451,4149,1099,3050,17421,12383,11280,5789,1005,0,12492,6541,15750,5236,3315
21/08/2017,4000,9511,3372,33842,13497,1451,4149,1099,3050,17421,12383,11280,5789,1005,0,12492,6541,15750,5236,3315
22/08/2017,4000,9511,3372,33842,13497,1451,4149,1099,3050,17421,12383,11280,6071,1005,0,12492,6541,15750,5236,3315
23/08/2017,4000,9511,3372,33842,13497,1451,4149,1099,3050,17421,12383,11280,6071,1005,0,12492,6541,15750,5236,3315
24/08/2017,4000,9511,3372,33842,13497,1451,4149,1099,3050,17421,12383,11280,6071,1005,0,12492,6541,15750,5236,3315
25/08/2017,4000,9511,3372,33842,13497,1451,4149,1099,3050,17421,12383,11280,6071,1005,0,12492,6541,15750,5236,3315
26/08/2017,4000,9511,3372,33842,13497,1451,4149,1099,3050,17421,12383,11280,6071,1005,0,12492,6541,15750,5236,3315
27/08/2017,4000,9511,3372,33842,13497,1451,4149,1099,3050,17421,12383,11280,6071,1005,0,12492,6541,15750,5236,3315
28/08/2017,4000,9511,3372,33842,13497,1451,4149,1099,3050,17421,12383,11280,6071,1005,0,12492,6541,15750,5236,3315
29/08/2017,4000,9511,3372,33842,13497,1451,4149,1099,3050,17421,12383,11280,6071,1005,0,12492,6541,15750,5236,3315
30/08/2017,4000,9511,3372,33842,13497,1451,4149,1099,3050,17421,12383,11280,6071,1005,0,12492,6541,15750,5236,3315
31/08/2017,4000,9511,3372,33842,13497,1451,4149,1099,3050,17421,12383,11280,6071,1005,0,12492,6541,15750,5236,3315
01/09/2017,4000,9511,3372,33842,13497,1451,4149,1099,3050,17791,12401,11339,6071,1005,0,12492,6541,15750,5236,3315
02/09/2017,4000,9511,3372,33842,13497,1451,4149,1099,3050,17791,12401,11339,6071,1005,0,12492,6541,15750,5236,3315
03/09/2017,4000,9511,3372,33842,13497,1451,4149,1099,3050,17791,12401,11339,6071,1005,0,12492,6541,15750,5236,3315
04/09/2017,4000,9511,3372,33842,13497,1451,4149,1099,3050,17791,12401,11339,6071,1005,0,12492,6541,15750,5236,3315
05/09/2017,4000,9511,3372,33842,13497,1451,4149,1099,3050,17791,12401,11339,6071,1005,0,12492,6541,15750,5236,3315
06/09/2017,4000,9511,3372,33842,13497,1451,4149,1099,3050,17791,12401,11339,6071,1005,0,12492,6541,15750,5236,3315
07/09/2017,4000,9511,3372,33842,13497,1451,4149,1099,3050,17791,12401,11339,6071,1005,0,12492,6541,15750,5236,3315
08/09/2017,4000,9511,3372,33842,13497,1451,4149,1099,3050,17791,12401,11339,6071,1005,0,12492,6541,15750,5236,3315
09/09/2017,4000,9511,3372,33842,13497,1451,4149,1099,3050,17791,12401,11339,6071,1005,0,12492,6541,15750,5236,3315
10/09/2017,4000,9511,3372,33842,13497,1451,4149,1099,3050,17791,12401,11339,6071,1005,0,12492,6541,15750,5236,3315
11/09/2017,4000,9511,3372,33842,13497,1451,4149,1099,3050,17791,12401,11339,6071,1005,0,12492,6541,15750,5236,3315
12/09/2017,4000,9511,3372,33842,13497,1451,4149,1099,3050,17791,12401,11339,6071,1005,0,12492,6541,15750,5236,3315
13/09/2017,4000,9511,3372,33842,13497,1451,4149,1099,3050,17791,12401,11339,6071,1005,0,12492,6541,15750,5236,3315
14/09/2017,4000,9511,3372,33842,13497,1451,4149,1099,3050,17791,12401,11339,6071,1005,0,12492,6541,15750,5236,3315
15/09/2017,4000,9511,3372,33842,13497,1451,4149,1099,3050,17791,12401,11339,6071,1005,0,12492,6541,15750,5236,3315
16/09/2017,4000,9511,3372,33842,13497,1451,4149,1099,3050,17791,12401,11339,6071,1005,0,12492,6541,15750,5236,3315
17/09/2017,4000,9511,3372,33842,13497,1451,4149,1099,3050,17791,12401,11339,6071,1005,0,12492,6541,15750,5236,3315
18/09/2017,4000,9511,3372,33842,13497,1451,4149,1099,3050,17791,12401,11339,6071,1005,0,12492,6541,15750,5236,3315
19/09/2017,4000,9511,3372,33842,13497,1451,4149,1099,3050,17791,12401,11339,6118,1005,0,12492,6541,15750,5236,3315
20/09/2017,4000,9511,3372,33842,13497,1451,4149,1099,3050,17791,12401,11339,6118,1005,0,12492,6541,15750,5236,3315
21/09/2017,4000,9511,3372,33842,13497,1451,4149,1099,3050,17791,12401,11339,6118,1005,0,12492,6541,15750,5236,3315
22/09/2017,4000,9511,3372,33842,13497,1451,4149,1099,3050,17791,12401,11339,6118,1005,0,12492,6541,15750,5236,3315
23/09/2017,4000,9511,3372,33842,13497,1451,4149,1099,3050,17791,12401,11339,6118,1005,0,12492,6541,15750,5236,3315
24/09/2017,4000,9511,3372,33842,13497,1451,4149,1099,3050,17791,12401,11339,6118,1005,0,12492,6541,15750,5236,3315
25/09/2017,4000,9511,3372,33842,13497,1451,4149,1099,3050,17791,12401,11339,6118,1005,0,12492,6541,15750,5236,3315
26/09/2017,4000,9511,3372,33842,13497,1451,4149,1099,3050,17791,12401,11339,6118,1005,0,12492,6541,15750,5236,3315
27/09/2017,4000,9511,3372,33842,13497,1451,4149,1099,3050,17791,12401,11339,6118,1005,0,12492,6541,15750,5236,3315
28/09/2017,4000,9511,3372,33842,13497,1451,4149,1099,3050,17791,12401,11339,6118,1005,0,12492,6541,15750,5236,3315
29/09/2017,4000,9511,3372,33842,13497,1451,4149,1099,3050,17791,12401,11339,6118,1005,0,12492,6541,15750,5236,3315
30/09/2017,4000,9511,3372,33842,13497,1451,4149,1099,3050,17791,12401,11339,6118,1005,0,12492,6541,15750,5236,3315
01/10/2017,4000,9511,3372,33842,13497,1451,4149,1099,3050,17978,12421,11398,6118,1005,0,12492,6541,15750,5236,3315
02/10/2017,4000,9511,3372,33842,13497,1451,4149,1099,3050,17978,12421,11398,6118,1005,0,12492,6541,15750,5236,3315
03/10/2017,4000,9511,3372,33842,13497,1451,4149,1099,3050,17978,12421,11398,6118,1005,0,12492,6541,15750,5236,3315
04/10/2017,4000,9511,3372,33842,13497,1451,4149,1099,3050,17978,12421,11398,6118,1005,0,12492,6541,15750,5236,3315
05/10/2017,4000,9511,3372,33842,13497,1451,4149,1099,3050,17978,12421,11398,6118,1005,0,12492,6541,15750,5236,3315
06/10/2017,4000,9511,3372,33842,13497,1451,4149,1099,3050,17978,12421,11398,6118,1005,0,12492,6541,15750,5236,3315
07/10/2017,4000,9511,3372,33842,13497,1451,4149,1099,3050,17978,12421,11398,6118,1005,0,12492,6541,15750,5236,3315
08/10/2017,4000,9511,3372,33842,13497,1451,4149,1099,3050,17978,12421,11398,6118,1005,0,12492,6541,15750,5236,3315
09/10/2017,4000,9511,3372,33842,13497,1451,4149,1099,3050,17978,12421,11398,6118,1005,0,12492,6541,15750,5236,3315
10/10/2017,4000,9511,3372,33842,13497,1451,4149,1099,3050,17978,12421,11398,6118,1005,0,12492,6541,15750,5236,3315
11/10/2017,4000,9511,3372,33842,13497,1451,4149,1099,3050,17978,12421,11398,6118,1005,0,12492,6541,15750,5236,3315
12/10/2017,4000,9511,3372,33842,13497,1451,4149,1099,3050,17978,12421,11398,6118,1005,0,12492,6541,15750,5236,3315
13/10/2017,4000,9511,3372,33842,13497,1451,4149,1099,3050,17978,12421,11398,6118,1005,0,12492,6541,15750,5236,3315
14/10/2017,4000,9511,3372,33842,13497,1451,4149,1099,3050,17978,12421,11398,6118,1005,0,12492,6541,15750,5236,3315
15/10/2017,4000,9511,3372,33842,13497,1451,4149,1099,3050,17978,12421,11398,6118,1005,0,12492,6541,15750,5236,3315
16/10/2017,4000,9511,3372,33842,13497,1451,4149,1099,3050,17978,12421,11398,6162,1005,0,12492,6541,15750,5236,3315
17/10/2017,4000,9511,3372,33842,13497,1451,4149,1099,3050,17978,12421,11398,6162,1005,0,12492,6541,15750,5236,3315
18/10/2017,4000,9511,3372,33842,13497,1451,4149,1099,3050,17978,12421,11398,6162,1005,0,12492,6541,15750,5236,3315
19/10/2017,4000,9511,3372,33842,13497,1451,4149,1099,3050,17978,12421,11398,6162,1005,0,12492,6541,15750,5236,3315
20/10/2017,4000,9511,3372,33842,13497,1451,4149,1099,3050,17978,12421,11398,6162,1005,0,12492,6541,15750,5236,3315
21/10/2017,4000,9511,3372,33842,13497,1451,4149,1099,3050,17978,12421,11398,6162,1005,0,12492,6541,15750,5236,3315
22/10/2017,4000,9511,3372,33842,13497,1451,4149,1099,3050,17978,12421,11398,6162,1005,0,12492,6541,15750,5236,3315
23/10/2017,4000,9511,3372,33842,13497,1451,4149,1099,3050,17978,12421,11398,6162,1005,0,12492,6541,15750,5236,3315
24/10/2017,4000,9511,3372,33842,13497,1451,4149,1099,3050,17978,12421,11398,6162,1005,0,12492,6541,15750,5236,3315
25/10/2017,4000,9511,3372,33842,13497,1472,4149,1099,3050,17978,12421,11398,6162,1005,0,12492,6541,15750,5236,3315
26/10/2017,4000,9511,3372,33842,13497,1472,4149,1099,3050,17978,12421,11398,6162,1005,0,12492,6541,15750,5236,3315
27/10/2017,4000,9511,3372,33842,13497,1472,4149,1099,3050,17978,12421,11398,6162,1005,0,12492,6541,15750,5236,3315
28/10/2017,4000,9511,3372,33842,13497,1472,4149,1099,3050,17978,12421,11398,6162,1005,0,12492,6541,15750,5236,3315
29/10/2017,4000,9511,3372,33842,13497,1472,4149,1099,3050,17978,12421,11398,6162,1005,0,12492,6541,15750,5236,3315
30/10/2017,4000,9511,3372,33842,13497,1472,4149,1099,3050,17978,12421,11398,6162,1005,0,12492,6541,15750,5236,3315
31/10/2017,4000,9511,3372,33842,13497,1472,4149,1099,3050,17978,12421,11398,6162,1005,0,12492,6541,15750,5236,3315
01/11/2017,4000,9511,3372,33842,13497,1472,4149,1099,3050,18245,12445,11404,6162,1005,0,12492,6541,15750,5236,3315
02/11/2017,4000,9511,3372,33842,13497,1472,4149,1099,3050,18245,12445,11404,6162,1005,0,12492,6541,15750,5236,3315
03/11/2017,4000,9511,3372,33842,13497,1472,4149,1099,3050,18245,12445,11404,6162,1005,0,12492,6541,15750,5236,3315
04/11/2017,4000,9511,3372,33842,13497,1472,4149,1099,3050,18245,12445,11404,6210,1005,0,12492,6541,15750,5236,3315
05/11/2017,4000,9511,3372,33842,13497,1472,4149,1099,3050,18245,12445,11404,6210,1005,0,12492,6541,15750,5236,3315
06/11/2017,4000,9511,3372,33842,13497,1472,4149,1099,3050,18245,12445,11404,6210,1005,0,12492,6541,15750,5236,3315
07/11/2017,4000,9511,3372,33842,13497,1472,4149,1099,3050,18245,12445,11404,6210,1005,0,12492,6541,15750,5236,3315
08/11/2017,4000,9511,3372,33842,13497,1472,4149,1099,3050,18245,12445,11404,6210,1005,0,12492,6541,15750,5236,3315
09/11/2017,4000,9511,3372,33842,13497,1472,4149,1099,3050,18245,12445,11404,6210,1005,0,12492,6541,15750,5236,3315
10/11/2017,4000,9511,3372,33842,13497,1472,4149,1099,3050,18245,12445,11404,6210,1005,0,12492,6541,15750,5236,3315
11/11/2017,4000,9511,3372,33842,13497,1472,4149,1099,3050,18245,12445,11404,6210,1005,0,12492,6541,15750,5236,3315
12/11/2017,4000,9511,3372,33842,13497,1472,4149,1099,3050,18245,12445,11404,6210,1005,0,12492,6541,15750,5236,3315
13/11/2017,4000,9511,3372,33842,13497,1472,4149,1099,3050,18245,12445,11404,6210,1005,0,12492,6541,15750,5236,3315
14/11/2017,4000,9511,3372,33842,13497,1472,4149,1099,3050,18245,12445,11404,6420,1005,0,12492,6541,15750,5236,3315
15/11/2017,4000,9511,3372,33842,13497,1472,4149,1099,3050,18245,12445,11404,6420,1005,0,12492,6541,15750,5236,3315
16/11/2017,4000,9511,3372,33842,13497,1472,4149,1099,3050,18245,12445,11404,6420,1005,0,12492,6541,15750,5236,3315
17/11/2017,4000,9511,3372,33842,13497,1472,4149,1099,3050,18245,12445,11404,6467,1005,0,12492,6541,15750,5236,3315
18/11/2017,4000,9511,3372,33842,13497,1472,4149,1099,3050,18245,12445,11404,6467,1005,0,12492,6541,15750,5236,3315
19/11/2017,4000,9511,3372,33842,13497,1472,4149,1099,3050,18245,12445,11404,6467,1005,0,12492,6541,15750,5236,3315
20/11/2017,4000,9511,3372,33873,13497,1472,4149,1099,3050,18245,12445,11404,6467,1005,0,12492,6541,15750,5236,3346
21/11/2017,4000,9511,3372,33873,13497,1472,4149,1099,3050,18245,12445,11404,6467,1005,0,12492,6541,15750,5236,3346
22/11/2017,4000,9511,3372,33873,13497,1472,4149,1099,3050,18245,12445,11404,6467,1005,0,12492,6541,15750,5236,3346
23/11/2017,4000,9511,3372,33873,13497,1472,4149,1099,3050,18245,12445,11404,6467,1005,0,12492,6541,15750,5236,3346
24/11/2017,4000,9511,3372,33873,13497,1472,4149,1099,3050,18245,12445,11404,6467,1005,0,12492,6541,15750,5236,3346
25/11/2017,4000,9511,3372,33873,13497,1472,4149,1099,3050,18245,12445,11404,6467,1005,0,12492,6541,15750,5236,3346
26/11/2017,4000,9511,3372,33873,13497,1472,4149,1099,3050,18245,12445,11404,6705,1005,0,12492,6541,15750,5236,3346
27/11/2017,4000,9511,3372,33873,13497,1472,4149,1099,3050,18245,12445,11404,6705,1005,0,12492,6541,15750,5236,3346
28/11/2017,4000,9511,3372,33873,13497,1472,4149,1099,3050,18245,12445,11404,6705,1005,0,12492,6541,15750,5236,3346
29/11/2017,4000,9511,3372,33873,13497,1472,4149,1099,3050,18245,12445,11404,6705,1005,0,12492,6541,15750,5236,3346
30/11/2017,4000,9511,3372,33873,13497,1512,4149,1099,3050,18245,12445,11404,6705,1005,0,12492,6541,15750,5236,3346
01/12/2017,4000,9315,3372,33873,13497,1512,4149,1099,3050,18527,12647,11409,6705,1005,0,12492,6541,15750,5236,3346
02/12/2017,4000,9315,3372,33873,13497,1512,4149,1099,3050,18527,12647,11409,6705,1005,0,12492,6541,15750,5236,3346
03/12/2017,4000,9315,3372,33873,13497,1512,4149,1099,3050,18527,12647,11409,6705,1005,0,12492,6541,15750,5236,3346
04/12/2017,4000,9315,3372,33873,13497,1512,4149,1099,3050,18527,12647,11409,6705,1005,0,12492,6541,15750,5236,3346
05/12/2017,4000,9315,3372,33873,13497,1512,4149,1099,3050,18527,12647,11409,6705,1005,0,12492,6541,15750,5236,3346
06/12/2017,4000,9315,3372,33873,13497,1512,4149,1099,3050,18527,12647,11409,6705,1005,0,12492,6541,15750,5236,3346
07/12/2017,4000,9315,3372,33873,13497,1512,4149,1099,3050,18527,12647,11409,6705,1005,0,12492,6541,15750,5236,3346
08/12/2017,4000,9315,3372,33873,13497,1512,4149,1099,3050,18527,12647,11409,6705,1005,0,12492,6541,15750,5236,3346
09/12/2017,4000,9315,3372,33873,13497,1512,4149,1099,3050,18527,12647,11409,6705,1005,0,12492,6541,15750,5236,3346
10/12/2017,4000,9315,3372,33873,13497,1512,4149,1099,3050,18527,12647,11409,6705,1005,0,12492,6541,15750,5236,3346
11/12/2017,4000,9315,3372,33873,13497,1512,4149,1099,3050,18527,12647,11409,6705,1005,0,12492,6541,15750,5236,3346
12/12/2017,4000,9315,3372,33873,13497,1512,4149,1099,3050,18527,12647,11409,6705,1005,0,12492,6541,15750,5236,3346
13/12/2017,4000,9315,3372,33873,13497,1512,4149,1099,3050,18527,12647,11409,6705,1005,0,12492,6541,15750,5236,3346
14/12/2017,4000,9315,3372,33873,13497,1512,4149,1099,3050,18527,12647,11409,6705,1005,0,12492,6541,15750,5236,3346
15/12/2017,4000,9315,3372,33873,13497,1512,4149,1099,3050,18527,12647,11409,6705,1005,0,12492,6541,15750,5236,3346
16/12/2017,4000,9315,3372,33873,13497,1512,4149,1099,3050,18527,12647,11409,6705,1005,0,12492,6541,15750,5236,3346
17/12/2017,4000,9315,3372,33873,13497,1512,4149,1099,3050,18527,12647,11409,6705,1005,0,12492,6541,15750,5236,3346
18/12/2017,4000,9315,3372,33873,13497,1512,4149,1099,3050,18527,12647,11409,6705,1005,0,12492,6541,15750,5236,3346
19/12/2017,4000,9315,3372,33873,13497,1512,4149,1099,3050,18527,12647,11409,6705,1005,0,12492,6541,15750,5236,3346
20/12/2017,4000,9315,3372,33873,13497,1512,4149,1099,3050,18527,12647,11409,6987,1005,0,12492,6541,15750,5236,3346
21/12/2017,4000,9315,3372,33873,13497,1512,4149,1099,3050,18527,12647,11409,6987,1005,0,12492,6541,15750,5236,3346
22/12/2017,4000,9315,3372,33873,13497,1512,4149,1099,3050,18527,12647,11409,6987,1005,0,12492,6541,15750,5236,3346
23/12/2017,4000,9315,3372,33873,13497,1512,4149,1099,3050,18527,12647,11409,6987,1005,0,12492,6541,15750,5236,3346
24/12/2017,4000,9315,3372,33873,13497,1512,4149,1099,3050,18527,12647,11409,6987,1005,0,12492,6541,15750,5236,3346
25/12/2017,4000,9315,3372,33873,13497,1512,4149,1099,3050,18527,12647,11409,6987,1005,0,12492,6541,15750,5236,3346
26/12/2017,4000,9315,3372,33873,13497,1512,4149,1099,3050,18527,12647,11409,6987,1005,0,12492,6541,15750,5236,3346
27/12/2017,4000,9315,3372,33873,13497,1512,4149,1099,3050,18527,12647,11409,6987,1005,0,12492,6541,15750,5236,3346
28/12/2017,4000,9315,3372,33873,13497,1512,4149,1099,3050,18527,12647,11409,6987,1005,0,12492,6541,15750,5236,3346
29/12/2017,4000,9315,3372,33873,13497,1512,4149,1099,3050,18527,12647,11409,6987,1005,0,12492,6541,15750,5236,3346
30/12/2017,4000,9315,3372,33873,13497,1512,4149,1099,3050,18527,12647,11409,6987,1005,0,12492,6541,15750,5236,3346
31/12/2017,4000,9315,3372,33873,13497,1512,4149,1099,3050,18527,12647,11409,6987,1005,0,12492,6541,15750,5236,3346
01/01/2018,4000,9315,3372,33873,13497,1512,4149,1099,3050,18859,12670,11415,6987,1005,0,12492,6541,15750,5236,3346
02/01/2018,4000,9315,3372,33873,13497,1512,4149,1099,3050,18859,12670,11415,6987,1005,0,12492,6541,15750,5236,3346
03/01/2018,4000,9315,3372,33873,13497,1512,4149,1099,3050,18859,12670,11415,6987,1005,0,12492,6541,15750,5236,3346
04/01/2018,4000,9315,3372,33873,13497,1512,4149,1099,3050,18859,12670,11415,6987,1005,0,12492,6541,15750,5236,3346
05/01/2018,4000,9315,3372,33873,13497,1512,4149,1099,3050,18859,12670,11415,6987,1005,0,12492,6541,15750,5236,3346
06/01/2018,4000,9315,3372,33873,13497,1512,4149,1099,3050,18859,12670,11415,6987,1005,0,12492,6541,15750,5236,3346
07/01/2018,4000,9315,3372,33873,13497,1512,4149,1099,3050,18859,12670,11415,6987,1005,0,12492,6541,15750,5236,3346
08/01/2018,4000,9315,3372,33873,13497,1512,4149,1099,3050,18859,12670,11415,6987,1005,0,12492,6541,15750,5236,3346
09/01/2018,4000,9315,3372,33873,13497,1512,4149,1099,3050,18859,12670,11415,6987,1005,0,12492,6541,15750,5236,3346
10/01/2018,4000,9315,3372,33873,13497,1512,4149,1099,3050,18859,12670,11415,6987,1005,0,12492,6541,15750,5236,3346
11/01/2018,4000,9315,3372,33873,13497,1512,4149,1099,3050,18859,12670,11415,6987,1005,0,12492,6541,15750,5236,3346
12/01/2018,4000,9511,3372,33873,13497,1512,4149,1099,3050,18859,12670,11415,6987,1005,0,12492,6541,15750,5236,3346
13/01/2018,4000,9511,3372,33873,13497,1512,4149,1099,3050,18859,12670,11415,6987,1005,0,12492,6541,15750,5236,3346
14/01/2018,4000,9511,3372,33873,13497,1512,4149,1099,3050,18859,12670,11415,6987,1005,0,12492,6541,15750,5236,3346
15/01/2018,4000,9511,3372,33873,13497,1512,4149,1099,3050,18859,12670,11415,6987,1005,0,12492,6541,15750,5236,3346
16/01/2018,4000,9511,3372,33873,13497,1512,4149,1099,3050,18859,12670,11415,6987,1005,0,12492,6541,15750,5236,3346
17/01/2018,4000,9511,3372,33873,13497,1512,4149,1099,3050,18859,12670,11415,6987,1005,0,12492,6541,15750,5236,3346
18/01/2018,4000,9511,3372,33873,13497,1512,4149,1099,3050,18859,12670,11415,6987,1005,0,12492,6541,15750,5236,3346
19/01/2018,4000,9511,3372,33873,13497,1512,4149,1099,3050,18859,12670,11415,6987,1005,0,12492,6541,15750,5236,3346
20/01/2018,4000,9511,3372,33873,13497,1512,4149,1099,3050,18859,12670,11415,6987,1005,0,12492,6541,15750,5236,3346
21/01/2018,4000,9511,3372,33873,13497,1512,4149,1099,3050,18859,12670,11415,6987,1005,0,12492,6541,15750,5236,3346
22/01/2018,4000,9511,3372,33873,13497,1512,4149,1099,3050,18859,12670,11415,6987,1005,0,12492,6541,15750,5236,3346
23/01/2018,4000,9511,3372,33873,13497,1512,4149,1099,3050,18859,12670,11415,6987,1005,0,12492,6541,15750,5236,3346
24/01/2018,4000,9511,3372,33873,13497,1512,4149,1099,3050,18859,12670,11415,6987,1005,0,12492,6541,15750,5236,3346
25/01/2018,4000,9511,3372,33873,13497,1512,4149,1099,3050,18859,12670,11415,6987,1005,0,12492,6541,15750,5236,3346
26/01/2018,4000,9511,3372,33873,13497,1512,4149,1099,3050,18859,12670,11415,6987,1005,0,12492,6541,15750,5236,3346
27/01/2018,4000,9511,3372,33873,13497,1512,4149,1099,3050,18859,12670,11415,6987,1005,0,12492,6541,15750,5236,3346
28/01/2018,4000,9511,3372,33873,13497,1512,4149,1099,3050,18859,12670,11415,6987,1005,0,12492,6541,15750,5236,3346
29/01/2018,4000,9511,3372,33873,13497,1512,4149,1099,3050,18859,12670,11415,6987,1005,0,12492,6541,15750,5236,3346
30/01/2018,4000,9511,3372,33873,13497,1512,4149,1099,3050,18859,12670,11415,6987,1005,0,12492,6541,15750,5236,3346
31/01/2018,4000,9511,3372,33873,13497,1512,4149,1099,3050,18859,12670,11415,6987,1005,0,12492,6541,15750,5236,3346
01/02/2018,4000,9511,3372,33873,13497,1512,4149,1099,3050,19064,12696,11538,6987,1005,0,12492,6541,15750,5236,3346
02/02/2018,4000,9511,3372,33873,13497,1512,4149,1099,3050,19064,12696,11538,6987,1005,0,12492,6541,15750,5236,3346
03/02/2018,4000,9511,3372,33873,13497,1512,4149,1099,3050,19064,12696,11538,6987,1005,0,12492,6541,15750,5236,3346
04/02/2018,4000,9511,3372,33873,13497,1512,4149,1099,3050,19064,12696,11538,6987,1005,0,12492,6541,15750,5236,3346
05/02/2018,4000,9511,3372,33873,13497,1512,4149,1099,3050,19064,12696,11538,6987,1005,0,12492,6541,15750,5236,3346
06/02/2018,4000,9511,3372,33873,13497,1512,4149,1099,3050,19064,12696,11538,6987,1005,0,12492,6541,15750,5236,3346
07/02/2018,4000,9511,3372,33873,13497,1512,4149,1099,3050,19064,12696,11538,6987,1005,0,12492,6541,15750,5236,3346
08/02/2018,4000,9511,3372,33873,13497,1512,4149,1099,3050,19064,12696,11538,6987,1005,0,12492,6541,15750,5236,3346
09/02/2018,4000,9511,3372,33873,13497,1512,4149,1099,3050,19064,12696,11538,6987,1005,0,12492,6541,15750,5236,3346
10/02/2018,4000,9511,3372,33873,13497,1512,4149,1099,3050,19064,12696,11538,6987,1005,0,12492,6541,15750,5236,3346
11/02/2018,4000,9511,3372,33873,13497,1512,4149,1099,3050,19064,12696,11538,6987,1005,0,12492,6541,15750,5236,3346
12/02/2018,4000,9511,3372,33873,13497,1512,4149,1099,3050,19064,12696,11538,6987,1005,0,12492,6541,15750,5236,3346
13/02/2018,4000,9511,3372,33873,13497,1512,4149,1099,3050,19064,12696,11538,6987,1005,0,12492,6541,15750,5236,3346
14/02/2018,4000,9511,3372,33873,13497,1512,4149,1099,3050,19064,12696,11538,7149,1005,0,12492,6541,15750,5236,3346
15/02/2018,4000,9511,3372,33873,13497,1512,4149,1099,3050,19064,12696,11538,7149,1005,0,12492,6541,15750,5236,3346
16/02/2018,4000,9511,3372,33873,13497,1512,4149,1099,3050,19064,12696,11538,7149,1005,0,12492,6541,15750,5236,3346
17/02/2018,4000,9511,3372,33873,13497,1512,4149,1099,3050,19064,12696,11538,7149,1005,0,12492,6541,15750,5236,3346
18/02/2018,4000,9511,3372,33873,13497,1512,4149,1099,3050,19064,12696,11538,7149,1005,0,12492,6541,15750,5236,3346
19/02/2018,4000,9511,3372,33873,13497,1512,4149,1099,3050,19064,12696,11538,7149,1005,0,12492,6541,15750,5236,3346
20/02/2018,4000,9511,3372,33873,13497,1512,4149,1099,3050,19064,12696,11538,7149,1005,0,12492,6541,15750,5236,3346
21/02/2018,4000,9511,3372,33873,13497,1512,4149,1099,3050,19064,12696,11538,7149,1005,0,12492,6541,15750,5236,3346
22/02/2018,4000,9511,3372,33873,13497,1512,4149,1099,3050,19064,12696,11538,7149,1005,0,12492,6541,15750,5236,3346
23/02/2018,4000,9511,3372,33873,13497,1512,4149,1099,3050,19064,12696,11538,7149,1005,0,12492,6541,15750,5236,3346
24/02/2018,4000,9511,3372,33873,13497,1512,4149,1099,3050,19064,12696,11538,7149,1005,0,12492,6541,15750,5236,3346
25/02/2018,4000,9511,3372,33873,13497,1512,4149,1099,3050,19064,12696,11538,7149,1005,0,12492,6541,15750,5236,3346
26/02/2018,4000,9511,3372,33873,13497,1512,4149,1099,3050,19064,12696,11538,7149,1005,0,12492,6541,15750,5236,3346
27/02/2018,4000,9511,3372,33873,13497,1512,4149,1099,3050,19064,12696,11538,7149,1005,0,12492,6541,15750,5236,3346
28/02/2018,4000,9511,3372,33873,13497,1512,4149,1099,3050,19064,12696,11538,7149,1005,0,12492,6541,15750,5236,3346
01/03/2018,4000,9511,3372,33873,13497,1512,4149,1099,3050,19346,12723,11853,7149,1005,0,12492,6541,15750,5236,3346
02/03/2018,4000,9511,3372,33873,13497,1512,4149,1099,3050,19346,12723,11853,7149,1005,0,12492,6541,15750,5236,3346
03/03/2018,4000,9511,3372,33873,13497,1512,4149,1099,3050,19346,12723,11853,7149,1005,0,12492,6541,15750,5236,3346
04/03/2018,4000,9511,3372,33873,13497,1512,4149,1099,3050,19346,12723,11853,7149,1005,0,12492,6541,15750,5236,3346
05/03/2018,4000,9511,3372,33873,13497,1512,4149,1099,3050,19346,12723,11853,7149,1005,0,12492,6541,15750,5236,3346
06/03/2018,4000,9511,3372,33873,13497,1512,4149,1099,3050,19346,12723,11853,7149,1005,0,12492,6541,15750,5236,3346
07/03/2018,4000,9511,3372,33873,13497,1512,4149,1099,3050,19346,12723,11853,7149,1005,0,12492,6541,15750,5236,3346
08/03/2018,4000,9511,3372,33873,13497,1512,4149,1099,3050,19346,12723,11853,7149,1005,0,12492,6541,15750,5236,3346
09/03/2018,4000,9511,3372,33873,13497,1512,4149,1099,3050,19346,12723,11853,7149,1005,0,12492,6541,15750,5236,3346
10/03/2018,4000,9511,3372,33873,13497,1512,4149,1099,3050,19346,12723,11853,7149,1005,0,12492,6541,15750,5236,3346
11/03/2018,4000,9511,3372,33873,13497,1512,4149,1099,3050,19346,12723,11853,7149,1005,0,12492,6541,15750,5236,3346
12/03/2018,4000,9511,3372,33873,13497,1512,4149,1099,3050,19346,12723,11853,7149,1005,0,12492,6541,15750,5236,3346
13/03/2018,4000,9511,3372,33873,13497,1512,4149,1099,3050,19346,12723,11853,7149,1005,0,12492,6541,15750,5236,3346
14/03/2018,4000,9511,3372,33873,13497,1512,4149,1099,3050,19346,12723,11853,7149,1005,0,12492,6541,15750,5236,3346
15/03/2018,4000,9511,3372,33873,13497,1512,4149,1099,3050,19346,12723,11853,7149,1005,0,12492,6541,15750,5236,3346
16/03/2018,4000,9511,3372,33873,13497,1512,4149,1099,3050,19346,12723,11853,7149,1005,0,12492,6541,15750,5236,3346
17/03/2018,4000,9511,3372,33873,13497,1512,4149,1099,3050,19346,12723,11853,7149,1005,0,12492,6541,15750,5236,3346
18/03/2018,4000,9511,3372,33873,13497,1512,4149,1099,3050,19346,12723,11853,7149,1005,0,12492,6541,15750,5236,3346
19/03/2018,4000,9511,3372,33873,13497,1512,4149,1099,3050,19346,12723,11853,7149,1005,0,12492,6541,15750,5236,3346
20/03/2018,4000,9511,3372,33873,13497,1512,4149,1099,3050,19346,12723,11853,7149,1005,0,12492,6541,15750,5236,3346
21/03/2018,4000,9511,3372,33873,13497,1512,4149,1099,3050,19346,12723,11853,7149,1005,0,12492,6541,15750,5236,3346
22/03/2018,4000,9511,3372,33873,13497,1512,4149,1099,3050,19346,12723,11853,7149,1005,0,12492,6541,15750,5236,3346
23/03/2018,4000,9511,3372,33873,12067,1512,4149,1099,3050,19346,12723,11853,7149,1005,0,11062,6541,15750,5236,3346
24/03/2018,4000,9511,3372,33873,12067,1512,4149,1099,3050,19346,12723,11853,7149,1005,0,11062,6541,15750,5236,3346
25/03/2018,4000,9511,3372,33873,12067,1512,4149,1099,3050,19346,12723,11853,7149,1005,0,11062,6541,15750,5236,3346
26/03/2018,4000,9511,3372,33873,12067,1512,4149,1099,3050,19346,12723,11853,7149,1005,0,11062,6541,15750,5236,3346
27/03/2018,4000,9511,3372,33873,12067,1512,4149,1099,3050,19346,12723,11853,7149,1005,0,11062,6541,15750,5236,3346
28/03/2018,4000,9511,3372,33873,11677,1512,4149,1099,3050,19346,12723,11853,7149,615,0,11062,6541,15750,5236,3346
29/03/2018,4000,9511,3372,33873,11677,1512,4149,1099,3050,19346,12723,11853,7149,615,0,11062,6541,15750,5236,3346
30/03/2018,4000,9511,3372,33873,11677,1512,4149,1099,3050,19346,12723,11853,7149,615,0,11062,6541,15750,5236,3346
31/03/2018,4000,9511,3372,33873,11677,1512,4149,1099,3050,19346,12723,11853,7149,615,0,11062,6541,15750,5236,3346
01/04/2018,4000,9511,3372,33363,11677,1512,4149,1099,3050,19822,12794,12106,7149,615,0,11062,6031,15750,5236,3346
02/04/2018,4000,9511,3372,33363,11677,1512,4149,1099,3050,19822,12794,12106,7149,615,0,11062,6031,15750,5236,3346
03/04/2018,4000,9511,3372,33363,11677,1512,4149,1099,3050,19822,12794,12106,7149,615,0,11062,6031,15750,5236,3346
04/04/2018,4000,9511,3372,33363,11677,1512,4149,1099,3050,19822,12794,12106,7149,615,0,11062,6031,15750,5236,3346
05/04/2018,4000,9511,3372,33363,11677,1512,4149,1099,3050,19822,12794,12106,7149,615,0,11062,6031,15750,5236,3346
06/04/2018,4000,9511,3372,33363,11677,1512,4149,1099,3050,19822,12794,12106,7149,615,0,11062,6031,15750,5236,3346
07/04/2018,4000,9511,3372,33363,11677,1512,4149,1099,3050,19822,12794,12106,7149,615,0,11062,6031,15750,5236,3346
08/04/2018,4000,9511,3372,33363,11677,1512,4149,1099,3050,19822,12794,12106,7149,615,0,11062,6031,15750,5236,3346
09/04/2018,4000,9511,3372,33363,11677,1512,4149,1099,3050,19822,12794,12106,7149,615,0,11062,6031,15750,5236,3346
10/04/2018,4000,9511,3372,33363,11677,1512,4149,1099,3050,19822,12794,12106,7149,615,0,11062,6031,15750,5236,3346
11/04/2018,4000,9511,3372,33363,11677,1512,4149,1099,3050,19822,12794,12106,7149,615,0,11062,6031,15750,5236,3346
12/04/2018,4000,9511,3372,33363,11677,1512,4149,1099,3050,19822,12794,12106,7149,615,0,11062,6031,15750,5236,3346
13/04/2018,4000,9511,3372,33363,11677,1512,4149,1099,3050,19822,12794,12106,7149,615,0,11062,6031,15750,5236,3346
14/04/2018,4000,9511,3372,33363,11677,1512,4149,1099,3050,19822,12794,12106,7149,615,0,11062,6031,15750,5236,3346
15/04/2018,4000,9511,3372,33363,11677,1512,4149,1099,3050,19822,12794,12106,7149,615,0,11062,6031,15750,5236,3346
16/04/2018,4000,9511,3372,33363,11677,1512,4149,1099,3050,19822,12794,12106,7149,615,0,11062,6031,15750,5236,3346
17/04/2018,4000,9511,3372,33363,11677,1512,4149,1099,3050,19822,12794,12106,7149,615,0,11062,6031,15750,5236,3346
18/04/2018,4000,9511,3372,33363,11677,1512,4149,1099,3050,19822,12794,12106,7149,615,0,11062,6031,15750,5236,3346
19/04/2018,4000,9511,3372,33363,11677,1512,4149,1099,3050,19822,12794,12106,7149,615,0,11062,6031,15750,5236,3346
20/04/2018,4000,9511,3372,33363,11677,1512,4149,1099,3050,19822,12794,12106,7149,615,0,11062,6031,15750,5236,3346
21/04/2018,4000,9511,3372,33363,11677,1512,4149,1099,3050,19822,12794,12106,7149,615,0,11062,6031,15750,5236,3346
22/04/2018,4000,9511,3372,33363,11677,1512,4149,1099,3050,19822,12794,12106,7149,615,0,11062,6031,15750,5236,3346
23/04/2018,4000,9511,3372,33363,11677,1512,4149,1099,3050,19822,12794,12106,7149,615,0,11062,6031,15750,5236,3346
24/04/2018,4000,9511,3372,33363,11677,1512,4149,1099,3050,19822,12794,12106,7149,615,0,11062,6031,15750,5236,3346
25/04/2018,4000,9511,3372,33363,11677,1512,4149,1099,3050,19822,12794,12106,7149,615,0,11062,6031,15750,5236,3346
26/04/2018,4000,9511,3372,33363,11677,1512,4149,1099,3050,19822,12794,12106,7149,615,0,11062,6031,15750,5236,3346
27/04/2018,4000,9511,3372,33363,11677,1512,4149,1099,3050,19822,12794,12106,7149,615,0,11062,6031,15750,5236,3346
28/04/2018,4000,9511,3372,33363,11677,1512,4149,1099,3050,19822,12794,12106,7149,615,0,11062,6031,15750,5236,3346
29/04/2018,4000,9511,3372,33363,11677,1512,4149,1099,3050,19822,12794,12106,7149,615,0,11062,6031,15750,5236,3346
30/04/2018,4000,9511,3372,33363,11677,1512,4149,1099,3050,19822,12794,12106,7149,615,0,11062,6031,15750,5236,3346
01/05/2018,4000,9511,3372,33363,11677,1512,4149,1099,3050,19911,12801,12138,7149,615,0,11062,6031,15750,5236,3346
02/05/2018,4000,9511,3372,33363,11677,1512,4149,1099,3050,19911,12801,12138,7149,615,0,11062,6031,15750,5236,3346
03/05/2018,4000,9511,3372,33363,11677,1512,4149,1099,3050,19911,12801,12138,7149,615,0,11062,6031,15750,5236,3346
04/05/2018,4000,9511,3372,33363,11677,1512,4149,1099,3050,19911,12801,12138,7149,615,0,11062,6031,15750,5236,3346
05/05/2018,4000,9511,3372,33363,11677,1512,4149,1099,3050,19911,12801,12138,7149,615,0,11062,6031,15750,5236,3346
06/05/2018,4000,9511,3372,33363,11677,1512,4149,1099,3050,19911,12801,12138,7149,615,0,11062,6031,15750,5236,3346
07/05/2018,4000,9511,3372,33363,11677,1512,4149,1099,3050,19911,12801,12138,7149,615,0,11062,6031,15750,5236,3346
08/05/2018,4000,9511,3372,33363,11677,1512,4149,1099,3050,19911,12801,12138,7149,615,0,11062,6031,15750,5236,3346
09/05/2018,4000,9511,3372,33363,11677,1512,4149,1099,3050,19911,12801,12138,7149,615,0,11062,6031,15750,5236,3346
10/05/2018,4000,9511,3385,33363,11677,1512,4149,1099,3050,19911,12801,12138,7149,615,0,11062,6031,15750,5236,3346
11/05/2018,4000,9511,3385,33363,11677,1512,4149,1099,3050,19911,12801,12138,7149,615,0,11062,6031,15750,5236,3346
12/05/2018,4000,9511,3385,33363,11677,1512,4149,1099,3050,19911,12801,12138,7149,615,0,11062,6031,15750,5236,3346
13/05/2018,4000,9511,3385,33363,11677,1512,4149,1099,3050,19911,12801,12138,7149,615,0,11062,6031,15750,5236,3346
14/05/2018,4000,9511,3385,33363,11677,1512,4149,1099,3050,19911,12801,12138,7149,615,0,11062,6031,15750,5236,3346
15/05/2018,4000,9511,3405,33363,11677,1512,4149,1099,3050,19911,12801,12138,7149,615,0,11062,6031,15750,5236,3346
16/05/2018,4000,9511,3405,33363,11677,1512,4149,1099,3050,19911,12801,12138,7149,615,0,11062,6031,15750,5236,3346
17/05/2018,4000,9511,3405,33363,11677,1512,4149,1099,3050,19911,12801,12138,7149,615,0,11062,6031,15750,5236,3346
18/05/2018,4000,9511,3405,33363,11677,1512,4149,1099,3050,19911,12801,12138,7149,615,0,11062,6031,15750,5236,3346
19/05/2018,4000,9511,3405,33363,11677,1512,4149,1099,3050,19911,12801,12138,7149,615,0,11062,6031,15750,5236,3346
20/05/2018,4000,9511,3405,33363,11677,1512,4149,1099,3050,19911,12801,12138,7149,615,0,11062,6031,15750,5236,3346
21/05/2018,4000,9511,3405,33363,11677,1512,4149,1099,3050,19911,12801,12138,7149,615,0,11062,6031,15750,5236,3346
22/05/2018,4000,9511,3405,33363,11677,1512,4149,1099,3050,19911,12801,12138,7149,615,0,11062,6031,15750,5236,3346
23/05/2018,4000,9511,3405,33363,11677,1512,4149,1099,3050,19911,12801,12138,7149,615,0,11062,6031,15750,5236,3346
24/05/2018,4000,9511,3405,33363,11677,1512,4149,1099,3050,19911,12801,12138,7149,615,0,11062,6031,15750,5236,3346
25/05/2018,4000,9511,3405,33363,11677,1512,4149,1099,3050,19911,12801,12138,7149,615,0,11062,6031,15750,5236,3346
26/05/2018,4000,9511,3405,33363,11677,1512,4149,1099,3050,19911,12801,12138,7149,615,0,11062,6031,15750,5236,3346
27/05/2018,4000,9511,3405,33363,11677,1512,4149,1099,3050,19911,12801,12138,7149,615,0,11062,6031,15750,5236,3346
28/05/2018,4000,9511,3405,33363,11677,1512,4149,1099,3050,19911,12801,12138,7149,615,0,11062,6031,15750,5236,3346
29/05/2018,4000,9511,3405,33363,11677,1512,4149,1099,3050,19911,12801,12138,7149,615,0,11062,6031,15750,5236,3346
30/05/2018,4000,9511,3405,33363,11677,1512,4149,1099,3050,19911,12801,12138,7149,615,0,11062,6031,15750,5236,3346
31/05/2018,4000,9511,3405,33363,11677,1512,4149,1099,3050,19911,12801,12138,7149,615,0,11062,6031,15750,5236,3346
01/06/2018,4000,9511,3405,33363,11677,1512,4149,1099,3050,20024,12810,12188,7149,615,0,11062,6031,15750,5236,3346
02/06/2018,4000,9511,3405,33363,11677,1512,4149,1099,3050,20024,12810,12188,7149,615,0,11062,6031,15750,5236,3346
03/06/2018,4000,9511,3405,33363,11677,1512,4149,1099,3050,20024,12810,12188,7149,615,0,11062,6031,15750,5236,3346
04/06/2018,4000,9511,3405,33363,11677,1512,4149,1099,3050,20024,12810,12188,7149,615,0,11062,6031,15750,5236,3346
05/06/2018,4000,9511,3405,33363,11677,1512,4149,1099,3050,20024,12810,12188,7149,615,0,11062,6031,15750,5236,3346
06/06/2018,4000,9511,3405,33363,11032,1512,4149,1099,3050,20024,12810,12188,7149,0,0,11032,6031,15750,5236,3346
07/06/2018,4000,9511,3405,33363,11032,1512,4149,1099,3050,20024,12810,12188,7149,0,0,11032,6031,15750,5236,3346
08/06/2018,4000,9511,3405,33363,11032,1512,4149,1099,3050,20024,12810,12188,7149,0,0,11032,6031,15750,5236,3346
09/06/2018,4000,9511,3405,33363,11032,1512,4149,1099,3050,20024,12810,12188,7149,0,0,11032,6031,15750,5236,3346
10/06/2018,4000,9511,3405,33363,11032,1512,4149,1099,3050,20024,12810,12188,7149,0,0,11032,6031,15750,5236,3346
11/06/2018,4000,9511,3405,33363,11032,1512,4149,1099,3050,20024,12810,12188,7149,0,0,11032,6031,15750,5236,3346
12/06/2018,4000,9511,3405,33363,11032,1512,4149,1099,3050,20024,12810,12188,7149,0,0,11032,6031,15750,5236,3346
13/06/2018,4000,9511,3405,33363,11032,1512,4149,1099,3050,20024,12810,12188,7149,0,0,11032,6031,15750,5236,3346
14/06/2018,4000,9511,3405,33363,11032,1512,4149,1099,3050,20024,12810,12188,7149,0,0,11032,6031,15750,5236,3346
15/06/2018,4000,9511,3405,33363,11032,1512,4149,1099,3050,20024,12810,12188,7149,0,0,11032,6031,15750,5236,3346
16/06/2018,4000,9511,3405,33363,11032,1512,4149,1099,3050,20024,12810,12188,7149,0,0,11032,6031,15750,5236,3346
17/06/2018,4000,9511,3405,33363,11032,1512,4149,1099,3050,20024,12810,12188,7149,0,0,11032,6031,15750,5236,3346
18/06/2018,4000,9511,3405,33363,11032,1512,4149,1099,3050,20024,12810,12188,7149,0,0,11032,6031,15750,5236,3346
19/06/2018,4000,9511,3405,33363,11032,1512,4149,1099,3050,20024,12810,12188,7149,0,0,11032,6031,15750,5236,3346
20/06/2018,4000,9511,3405,33363,11032,1512,4149,1099,3050,20024,12810,12188,7149,0,0,11032,6031,15750,5236,3346
21/06/2018,4000,9511,3405,33363,11032,1512,4149,1099,3050,20024,12810,12188,7149,0,0,11032,6031,15750,5236,3346
22/06/2018,4000,9511,3405,33363,11032,1512,4149,1099,3050,20024,12810,12188,7149,0,0,11032,6031,15750,5236,3346
23/06/2018,4000,9511,3405,33363,11032,1512,4149,1099,3050,20024,12810,12188,7149,0,0,11032,6031,15750,5236,3346
24/06/2018,4000,9511,3405,33363,11032,1512,4149,1099,3050,20024,12810,12188,7149,0,0,11032,6031,15750,5236,3346
25/06/2018,4000,9511,3405,33363,11032,1512,4149,1099,3050,20024,12810,12188,7149,0,0,11032,6031,15750,5236,3346
26/06/2018,4000,9511,3409,33363,11032,1512,4149,1099,3050,20024,12810,12188,7149,0,0,11032,6031,15750,5236,3346
27/06/2018,4000,9511,3409,33363,11032,1512,4149,1099,3050,20024,12810,12188,7149,0,0,11032,6031,15750,5236,3346
28/06/2018,4000,9511,3409,33363,11032,1512,4149,1099,3050,20024,12810,12188,7149,0,0,11032,6031,15750,5236,3346
29/06/2018,4000,9511,3409,33363,11032,1512,4149,1099,3050,20024,12810,12188,7149,0,0,11032,6031,15750,5236,3346
30/06/2018,4000,9511,3409,33363,11032,1512,4149,1099,3050,20024,12810,12188,7149,0,0,11032,6031,15750,5236,3346
01/07/2018,4025,9511,3409,33363,11032,1512,4149,1099,3050,20249,12817,12308,7149,0,0,11032,6031,15750,5236,3346
02/07/2018,4025,9511,3409,33363,11032,1512,4149,1099,3050,20249,12817,12308,7248,0,0,11032,6031,15750,5236,3346
03/07/2018,4025,9511,3409,33363,11032,1512,4149,1099,3050,20249,12817,12308,7407,0,0,11032,6031,15750,5236,3346
04/07/2018,4025,9511,3409,33363,11032,1512,4149,1099,3050,20249,12817,12308,7550,0,0,11032,6031,15750,5236,3346
05/07/2018,4025,9511,3409,33363,11032,1512,4149,1099,3050,20249,12817,12308,7550,0,0,11032,6031,15750,5236,3346
06/07/2018,4025,9511,3409,33363,11032,1512,4149,1099,3050,20249,12817,12308,7550,0,0,11032,6031,15750,5236,3346
07/07/2018,4025,9511,3409,33363,11032,1512,4149,1099,3050,20249,12817,12308,7550,0,0,11032,6031,15750,5236,3346
08/07/2018,4025,9511,3409,33363,11032,1512,4149,1099,3050,20249,12817,12308,7550,0,0,11032,6031,15750,5236,3346
09/07/2018,4025,9511,3409,33363,11032,1512,4149,1099,3050,20249,12817,12308,7550,0,0,11032,6031,15750,5236,3346
10/07/2018,4025,9511,3409,33363,11032,1512,4149,1099,3050,20249,12817,12308,7550,0,0,11032,6031,15750,5236,3346
11/07/2018,4025,9511,3409,33363,11032,1512,4149,1099,3050,20249,12817,12308,7550,0,0,11032,6031,15750,5236,3346
12/07/2018,4025,9511,3409,33363,11032,1512,4149,1099,3050,20249,12817,12308,7550,0,0,11032,6031,15750,5236,3346
13/07/2018,4025,9511,3409,33363,11032,1512,4149,1099,3050,20249,12817,12308,7550,0,0,11032,6031,15750,5236,3346
14/07/2018,4025,9511,3409,33363,11032,1512,4149,1099,3050,20249,12817,12308,7550,0,0,11032,6031,15750,5236,3346
15/07/2018,4025,9511,3409,33363,11032,1512,4149,1099,3050,20249,12817,12308,7550,0,0,11032,6031,15750,5236,3346
16/07/2018,4025,9511,3409,33363,11032,1512,4149,1099,3050,20249,12817,12308,7550,0,0,11032,6031,15750,5236,3346
17/07/2018,4025,9511,3409,33363,11032,1512,4149,1099,3050,20249,12817,12308,7550,0,0,11032,6031,15750,5236,3346
18/07/2018,4025,9511,3409,33363,11032,1512,4149,1099,3050,20249,12817,12308,7550,0,0,11032,6031,15750,5236,3346
19/07/2018,4025,9511,3409,33363,11032,1512,4149,1099,3050,20249,12817,12308,7550,0,0,11032,6031,15750,5236,3346
20/07/2018,4025,9511,3409,33363,11032,1512,4149,1099,3050,20249,12817,12308,7550,0,0,11032,6031,15750,5236,3346
21/07/2018,4025,9511,3409,33363,11032,1512,4149,1099,3050,20249,12817,12308,7550,0,0,11032,6031,15750,5236,3346
22/07/2018,4025,9511,3409,33363,11032,1512,4149,1099,3050,20249,12817,12308,7550,0,0,11032,6031,15750,5236,3346
23/07/2018,4025,9511,3409,33363,11032,1512,4149,1099,3050,20249,12817,12308,7550,0,0,11032,6031,15750,5236,3346
24/07/2018,4025,9511,3409,33363,11032,1512,4149,1099,3050,20249,12817,12308,7550,0,0,11032,6031,15750,5236,3346
25/07/2018,4025,9511,3409,33363,11032,1512,4149,1099,3050,20249,12817,12308,7550,0,0,11032,6031,15750,5236,3346
26/07/2018,4025,9511,3409,33363,11032,1512,4149,1099,3050,20249,12817,12308,7550,0,0,11032,6031,15750,5236,3346
27/07/2018,4025,9511,3409,33363,11032,1512,4149,1099,3050,20249,12817,12308,7550,0,0,11032,6031,15750,5236,3346
28/07/2018,4025,9511,3409,33363,11032,1512,4149,1099,3050,20249,12817,12308,7550,0,0,11032,6031,15750,5236,3346
29/07/2018,4025,9511,3409,33363,11032,1512,4149,1099,3050,20249,12817,12308,7550,0,0,11032,6031,15750,5236,3346
30/07/2018,4025,9511,3409,33363,11032,1512,4149,1099,3050,20249,12817,12308,7550,0,0,11032,6031,15750,5236,3346
31/07/2018,4025,9511,3409,33363,11032,1512,4149,1099,3050,20249,12817,12308,7550,0,0,11032,6031,15750,5236,3346
01/08/2018,4025,9511,3409,33363,11032,1512,4149,1099,3050,20508,12825,12454,7550,0,0,11032,6031,15750,5236,3346
02/08/2018,4025,9511,3409,33363,11032,1512,4149,1099,3050,20508,12825,12454,7550,0,0,11032,6031,15750,5236,3346
03/08/2018,4025,9511,3409,33363,11032,1512,4149,1099,3050,20508,12825,12454,7550,0,0,11032,6031,15750,5236,3346
04/08/2018,4025,9511,3409,33363,11032,1512,4149,1099,3050,20508,12825,12454,7550,0,0,11032,6031,15750,5236,3346
05/08/2018,4025,9511,3409,33363,11032,1512,4149,1099,3050,20508,12825,12454,7550,0,0,11032,6031,15750,5236,3346
06/08/2018,4025,9511,3409,33363,11032,1512,4149,1099,3050,20508,12825,12454,7550,0,0,11032,6031,15750,5236,3346
07/08/2018,4025,9511,3409,33363,11032,1512,4149,1099,3050,20508,12825,12454,7550,0,0,11032,6031,15750,5236,3346
08/08/2018,4025,9511,3409,33363,11032,1512,4149,1099,3050,20508,12825,12454,7550,0,0,11032,6031,15750,5236,3346
09/08/2018,4025,9511,3409,33363,11032,1512,4149,1099,3050,20508,12825,12454,7550,0,0,11032,6031,15750,5236,3346
10/08/2018,4025,9511,3409,33363,11032,1512,4149,1099,3050,20508,12825,12454,7550,0,0,11032,6031,15750,5236,3346
11/08/2018,4025,9511,3409,33363,11032,1512,4149,1099,3050,20508,12825,12454,7550,0,0,11032,6031,15750,5236,3346
12/08/2018,4025,9511,3409,33363,11032,1512,4149,1099,3050,20508,12825,12454,7550,0,0,11032,6031,15750,5236,3346
13/08/2018,4025,9511,3409,33363,11032,1512,4149,1099,3050,20508,12825,12454,7550,0,0,11032,6031,15750,5236,3346
14/08/2018,4025,9511,3409,33363,11032,1512,4149,1099,3050,20508,12825,12454,7550,0,0,11032,6031,15750,5236,3346
15/08/2018,4025,9511,3409,33363,11032,1512,4149,1099,3050,20508,12825,12454,7550,0,0,11032,6031,15750,5236,3346
16/08/2018,4025,9511,3409,33363,11032,1512,4149,1099,3050,20508,12825,12454,7550,0,0,11032,6031,15750,5236,3346
17/08/2018,4025,9511,3409,33363,11032,1512,4149,1099,3050,20508,12825,12454,7550,0,0,11032,6031,15750,5236,3346
18/08/2018,4025,9511,3409,33363,11032,1512,4149,1099,3050,20508,12825,12454,7550,0,0,11032,6031,15750,5236,3346
19/08/2018,4025,9511,3409,33363,11032,1512,4149,1099,3050,20508,12825,12454,7550,0,0,11032,6031,15750,5236,3346
20/08/2018,4025,9511,3409,33363,11032,1512,4149,1099,3050,20508,12825,12454,7836,0,0,11032,6031,15750,5236,3346
21/08/2018,4025,9511,3409,33363,11032,1512,4149,1099,3050,20508,12825,12454,7836,0,0,11032,6031,15750,5236,3346
22/08/2018,4025,9511,3409,33363,11032,1512,4149,1099,3050,20508,12825,12454,7836,0,0,11032,6031,15750,5236,3346
23/08/2018,4025,9511,3409,33363,10504,1512,4149,1099,3050,20508,12825,12454,7836,0,0,10504,6031,15750,5236,3346
24/08/2018,4025,9511,3409,33363,10504,1512,4149,1099,3050,20508,12825,12454,7836,0,0,10504,6031,15750,5236,3346
25/08/2018,4025,9511,3409,33363,10504,1512,4149,1099,3050,20508,12825,12454,7836,0,0,10504,6031,15750,5236,3346
26/08/2018,4025,9511,3409,33363,10504,1512,4149,1099,3050,20508,12825,12454,7836,0,0,10504,6031,15750,5236,3346
27/08/2018,4025,9511,3409,33363,10504,1512,4149,1099,3050,20508,12825,12454,7836,0,0,10504,6031,15750,5236,3346
28/08/2018,4025,9511,3409,33363,10504,1512,4149,1099,3050,20508,12825,12454,7836,0,0,10504,6031,15750,5236,3346
29/08/2018,4025,9511,3409,33363,10504,1512,4149,1099,3050,20508,12825,12454,7836,0,0,10504,6031,15750,5236,3346
30/08/2018,4025,9511,3409,33363,10504,1512,4149,1099,3050,20508,12825,12454,7836,0,0,10504,6031,15750,5236,3346
31/08/2018,4025,9511,3409,33363,10504,1512,4149,1099,3050,20508,12825,12454,7836,0,0,10504,6031,15750,5236,3346
01/09/2018,4025,9511,3409,33363,10489,1512,4149,1099,3050,20872,12833,12667,7836,0,0,10489,6031,15750,5236,3346
02/09/2018,4025,9511,3409,33363,10489,1512,4149,1099,3050,20872,12833,12667,7836,0,0,10489,6031,15750,5236,3346
03/09/2018,4025,9511,3409,33363,10489,1512,4149,1099,3050,20872,12833,12667,7836,0,0,10489,6031,15750,5236,3346
04/09/2018,4025,9511,3409,33363,10489,1512,4149,1099,3050,20872,12833,12667,7836,0,0,10489,6031,15750,5236,3346
05/09/2018,4025,9511,3409,33363,10489,1512,4149,1099,3050,20872,12833,12667,7836,0,0,10489,6031,15750,5236,3346
06/09/2018,4025,9511,3409,33363,10489,1512,4149,1099,3050,20872,12833,12667,7836,0,0,10489,6031,15750,5236,3346
07/09/2018,4025,9511,3409,33363,10489,1512,4149,1099,3050,20872,12833,12667,7836,0,0,10489,6031,15750,5236,3346
08/09/2018,4025,9511,3409,33363,10489,1512,4149,1099,3050,20872,12833,12667,7836,0,0,10489,6031,15750,5236,3346
09/09/2018,4025,9511,3409,33363,10489,1512,4149,1099,3050,20872,12833,12667,7836,0,0,10489,6031,15750,5236,3346
10/09/2018,4025,9511,3409,33363,10489,1512,4149,1099,3050,20872,12833,12667,7836,0,0,10489,6031,15750,5236,3346
11/09/2018,4025,9511,3409,33363,10489,1512,4149,1099,3050,20872,12833,12667,7836,0,0,10489,6031,15750,5236,3346
12/09/2018,4025,9511,3409,33363,10489,1512,4149,1099,3050,20872,12833,12667,7836,0,0,10489,6031,15750,5236,3346
13/09/2018,4025,9511,3409,33363,10489,1512,4149,1099,3050,20872,12833,12667,7836,0,0,10489,6031,15750,5236,3346
14/09/2018,4025,9511,3409,33363,10489,1512,4149,1099,3050,20872,12833,12667,7836,0,0,10489,6031,15750,5236,3346
15/09/2018,4025,9511,3409,33363,10489,1512,4149,1099,3050,20872,12833,12667,7836,0,0,10489,6031,15750,5236,3346
16/09/2018,4025,9511,3409,33363,10489,1512,4149,1099,3050,20872,12833,12667,7836,0,0,10489,6031,15750,5236,3346
17/09/2018,4025,9511,3409,33363,10489,1512,4149,1099,3050,20872,12833,12667,7886,0,0,10489,6031,15750,5236,3346
18/09/2018,4025,9511,3409,33363,10489,1512,4149,1099,3050,20872,12833,12667,7886,0,0,10489,6031,15750,5236,3346
19/09/2018,4025,9511,3409,33363,10489,1512,4149,1099,3050,20872,12833,12667,7886,0,0,10489,6031,15750,5236,3346
20/09/2018,4025,9511,3409,33363,10489,1512,4149,1099,3050,20872,12833,12667,7886,0,0,10489,6031,15750,5236,3346
21/09/2018,4025,9511,3409,33363,10489,1512,4149,1099,3050,20872,12833,12667,7886,0,0,10489,6031,15750,5236,3346
22/09/2018,4025,9511,3409,33363,10489,1512,4149,1099,3050,20872,12833,12667,7886,0,0,10489,6031,15750,5236,3346
23/09/2018,4025,9511,3409,33363,10489,1512,4149,1099,3050,20872,12833,12667,7886,0,0,10489,6031,15750,5236,3346
24/09/2018,4025,9511,3409,33363,10489,1512,4149,1099,3050,20872,12833,12667,7886,0,0,10489,6031,15750,5236,3346
25/09/2018,4025,9511,3409,33363,10489,1512,4149,1099,3050,20872,12833,12667,7886,0,0,10489,6031,15750,5236,3346
26/09/2018,4025,9511,3409,33363,10489,1512,4149,1099,3050,20872,12833,12667,7886,0,0,10489,6031,15750,5236,3346
27/09/2018,4025,9511,3409,33363,10489,1512,4149,1099,3050,20872,12833,12667,7886,0,0,10489,6031,15750,5236,3346
28/09/2018,4025,9511,3409,33363,10489,1512,4149,1099,3050,20872,12833,12667,7886,0,0,10489,6031,15750,5236,3346
29/09/2018,4025,9511,3409,33363,10489,1512,4149,1099,3050,20872,12833,12667,7886,0,0,10489,6031,15750,5236,3346
30/09/2018,4025,9511,3409,33363,10489,1512,4149,1099,3050,20872,12833,12667,7886,0,0,10489,6031,15750,5236,3346
01/10/2018,4025,9511,3409,33363,10489,1512,4149,1099,3050,20918,12844,12693,7886,0,0,10489,6031,15750,5236,3346
02/10/2018,4025,9511,3409,33363,10489,1512,4149,1099,3050,20918,12844,12693,7886,0,0,10489,6031,15750,5236,3346
03/10/2018,4025,9511,3409,33363,10489,1512,4149,1099,3050,20918,12844,12693,7886,0,0,10489,6031,15750,5236,3346
04/10/2018,4025,9511,3409,33363,10489,1512,4149,1099,3050,20918,12844,12693,7886,0,0,10489,6031,15750,5236,3346
05/10/2018,4025,9511,3409,33363,10489,1512,4149,1099,3050,20918,12844,12693,7886,0,0,10489,6031,15750,5236,3346
06/10/2018,4025,9511,3409,33363,10489,1512,4149,1099,3050,20918,12844,12693,7886,0,0,10489,6031,15750,5236,3346
07/10/2018,4025,9511,3409,33363,10489,1512,4149,1099,3050,20918,12844,12693,7886,0,0,10489,6031,15750,5236,3346
08/10/2018,4025,9511,3409,33363,10489,1512,4149,1099,3050,20918,12844,12693,7886,0,0,10489,6031,15750,5236,3346
09/10/2018,4025,9511,3409,33363,10489,1512,4149,1099,3050,20918,12844,12693,7886,0,0,10489,6031,15750,5236,3346
10/10/2018,4025,9511,3409,33363,10489,1512,4149,1099,3050,20918,12844,12693,7886,0,0,10489,6031,15750,5236,3346
11/10/2018,4025,9511,3409,33363,10489,1512,4149,1099,3050,20918,12844,12693,7886,0,0,10489,6031,15750,5236,3346
12/10/2018,4025,9511,3409,33363,10489,1512,4149,1099,3050,20918,12844,12693,7886,0,0,10489,6031,15750,5236,3346
13/10/2018,4025,9511,3409,33363,10489,1512,4149,1099,3050,20918,12844,12693,7886,0,0,10489,6031,15750,5236,3346
14/10/2018,4025,9511,3409,33363,10489,1512,4149,1099,3050,20918,12844,12693,7886,0,0,10489,6031,15750,5236,3346
15/10/2018,4025,9511,3409,33363,10489,1512,4149,1099,3050,20918,12844,12693,7886,0,0,10489,6031,15750,5236,3346
16/10/2018,4025,9511,3409,33363,10489,1512,4149,1099,3050,20918,12844,12693,7886,0,0,10489,6031,15750,5236,3346
17/10/2018,4025,9511,3409,33363,10489,1512,4149,1099,3050,20918,12844,12693,7886,0,0,10489,6031,15750,5236,3346
18/10/2018,4025,9511,3409,33363,10519,1512,4149,1099,3050,20918,12844,12693,7886,0,0,10519,6031,15750,5236,3346
19/10/2018,4025,9511,3409,33363,10519,1512,4149,1099,3050,20918,12844,12693,7886,0,0,10519,6031,15750,5236,3346
20/10/2018,4025,9511,3409,33363,10519,1512,4149,1099,3050,20918,12844,12693,7886,0,0,10519,6031,15750,5236,3346
21/10/2018,4025,9511,3409,33363,10519,1512,4149,1099,3050,20918,12844,12693,7886,0,0,10519,6031,15750,5236,3346
22/10/2018,4025,9511,3409,33363,10519,1512,4149,1099,3050,20918,12844,12693,7886,0,0,10519,6031,15750,5236,3346
23/10/2018,4025,9511,3409,33363,10519,1512,4149,1099,3050,20918,12844,12693,7886,0,0,10519,6031,15750,5236,3346
24/10/2018,4025,9511,3409,33363,10519,1512,4149,1099,3050,20918,12844,12693,7886,0,0,10519,6031,15750,5236,3346
25/10/2018,4025,9511,3409,33363,10519,1512,4149,1099,3050,20918,12844,12693,7886,0,0,10519,6031,15750,5236,3346
26/10/2018,4025,9511,3409,33363,10519,1512,4149,1099,3050,20918,12844,12693,7886,0,0,10519,6031,15750,5236,3346
27/10/2018,4025,9511,3409,33363,10519,1512,4149,1099,3050,20918,12844,12693,7886,0,0,10519,6031,15750,5236,3346
28/10/2018,4025,9511,3409,33363,10519,1512,4149,1099,3050,20918,12844,12693,7886,0,0,10519,6031,15750,5236,3346
29/10/2018,4025,9511,3409,33363,10519,1512,4149,1099,3050,20918,12844,12693,7886,0,0,10519,6031,15750,5236,3346
30/10/2018,4025,9511,3409,33363,10519,1512,4149,1099,3050,20918,12844,12693,7886,0,0,10519,6031,15750,5236,3346
31/10/2018,4025,9511,3409,33363,10519,1512,4149,1099,3050,20918,12844,12693,7886,0,0,10519,6031,15750,5236,3346
01/11/2018,4025,9511,3409,33363,10519,1552,4149,1099,3050,21040,12854,12764,8286,0,0,10519,6031,15750,5236,3346
02/11/2018,4025,9511,3409,33363,10519,1552,4149,1099,3050,21040,12854,12764,8286,0,0,10519,6031,15750,5236,3346
03/11/2018,4025,9511,3409,33363,10519,1552,4149,1099,3050,21040,12854,12764,8286,0,0,10519,6031,15750,5236,3346
04/11/2018,4025,9511,3409,33363,10519,1552,4149,1099,3050,21040,12854,12764,8286,0,0,10519,6031,15750,5236,3346
05/11/2018,4025,9511,3409,33363,10519,1552,4149,1099,3050,21040,12854,12764,8286,0,0,10519,6031,15750,5236,3346
06/11/2018,4025,9511,3409,33363,10519,1552,4149,1099,3050,21040,12854,12764,8286,0,0,10519,6031,15750,5236,3346
07/11/2018,4025,9511,3409,33363,10519,1552,4149,1099,3050,21040,12854,12764,8286,0,0,10519,6031,15750,5236,3346
08/11/2018,4025,9511,3409,33363,10519,1552,4149,1099,3050,21040,12854,12764,8286,0,0,10519,6031,15750,5236,3346
09/11/2018,4025,9511,3409,33363,10519,1572,4149,1099,3050,21040,12854,12764,8286,0,0,10519,6031,15750,5236,3346
10/11/2018,4025,9511,3409,33363,10519,1572,4149,1099,3050,21040,12854,12764,8286,0,0,10519,6031,15750,5236,3346
11/11/2018,4025,9511,3409,33363,10519,1572,4149,1099,3050,21040,12854,12764,8286,0,0,10519,6031,15750,5236,3346
12/11/2018,4025,9511,3409,33363,10519,1572,4149,1099,3050,21040,12854,12764,8286,0,0,10519,6031,15750,5236,3346
13/11/2018,4025,9511,3409,33363,10519,1572,4149,1099,3050,21040,12854,12764,8286,0,0,10519,6031,15750,5236,3346
14/11/2018,4025,9511,3409,33363,10519,1572,4149,1099,3050,21040,12854,12764,8286,0,0,10519,6031,15750,5236,3346
15/11/2018,4025,9511,3409,33363,10519,1592,4149,1099,3050,21040,12854,12764,8286,0,0,10519,6031,15750,5236,3346
16/11/2018,4025,9511,3409,33363,10519,1592,4149,1099,3050,21040,12854,12764,8286,0,0,10519,6031,15750,5236,3346
17/11/2018,4025,9511,3409,33363,10519,1592,4149,1099,3050,21040,12854,12764,8286,0,0,10519,6031,15750,5236,3346
18/11/2018,4025,9511,3409,33363,10519,1592,4149,1099,3050,21040,12854,12764,8286,0,0,10519,6031,15750,5236,3346
19/11/2018,4025,9511,3409,33363,10519,1592,4149,1099,3050,21040,12854,12764,8286,0,0,10519,6031,15750,5236,3346
20/11/2018,4025,9511,3409,33363,10519,1592,4149,1099,3050,21040,12854,12764,8286,0,0,10519,6031,15750,5236,3346
21/11/2018,4025,9511,3409,33363,10519,1592,4149,1099,3050,21040,12854,12764,8286,0,0,10519,6031,15750,5236,3346
22/11/2018,4025,9511,3409,33363,10519,1592,4149,1099,3050,21040,12854,12764,8286,0,0,10519,6031,15750,5236,3346
23/11/2018,4025,9511,3409,33363,10519,1592,4149,1099,3050,21040,12854,12764,8286,0,0,10519,6031,15750,5236,3346
24/11/2018,4025,9511,3409,33363,10519,1592,4149,1099,3050,21040,12854,12764,8286,0,0,10519,6031,15750,5236,3346
25/11/2018,4025,9511,3409,33363,10519,1592,4149,1099,3050,21040,12854,12764,8286,0,0,10519,6031,15750,5236,3346
26/11/2018,4025,9511,3409,33363,10519,1592,4149,1099,3050,21040,12854,12764,8286,0,0,10519,6031,15750,5236,3346
27/11/2018,4025,9511,3409,33363,10519,1592,4149,1099,3050,21040,12854,12764,8286,0,0,10519,6031,15750,5236,3346
28/11/2018,4025,9511,3409,33363,10519,1592,4149,1099,3050,21040,12854,12764,8286,0,0,10519,6031,15750,5236,3346
29/11/2018,4025,9511,3409,33363,10519,1592,4149,1099,3050,21040,12854,12764,8286,0,0,10519,6031,15750,5236,3346
30/11/2018,4025,9511,3409,33363,10519,1592,4149,1099,3050,21040,12854,12764,8286,0,0,10519,6031,15750,5236,3346
01/12/2018,4025,9511,3409,33363,10519,1592,4149,1099,3050,21135,12865,12827,8286,0,0,10519,6031,15750,5236,3346
02/12/2018,4025,9511,3409,33363,10519,1592,4149,1099,3050,21135,12865,12827,8286,0,0,10519,6031,15750,5236,3346
03/12/2018,4025,9511,3409,33363,10519,1592,4149,1099,3050,21135,12865,12827,8686,0,0,10519,6031,15750,5236,3346
04/12/2018,4025,9511,3409,33363,10519,1592,4149,1099,3050,21135,12865,12827,8686,0,0,10519,6031,15750,5236,3346
05/12/2018,4025,9511,3409,33363,10519,1592,4149,1099,3050,21135,12865,12827,8686,0,0,10519,6031,15750,5236,3346
06/12/2018,4025,9511,3409,33363,10519,1592,4149,1099,3050,21135,12865,12827,8686,0,0,10519,6031,15750,5236,3346
07/12/2018,4025,9511,3409,33363,10519,1592,4149,1099,3050,21135,12865,12827,8686,0,0,10519,6031,15750,5236,3346
08/12/2018,4025,9511,3409,33363,10519,1592,4149,1099,3050,21135,12865,12827,8686,0,0,10519,6031,15750,5236,3346
09/12/2018,4025,9511,3409,33363,10519,1592,4149,1099,3050,21135,12865,12827,8686,0,0,10519,6031,15750,5236,3346
10/12/2018,4025,9511,3409,33363,10519,1592,4149,1099,3050,21135,12865,12827,8686,0,0,10519,6031,15750,5236,3346
11/12/2018,4025,9511,3409,33363,10519,1592,4149,1099,3050,21135,12865,12827,8686,0,0,10519,6031,15750,5236,3346
12/12/2018,4025,9511,3409,33363,10519,1592,4149,1099,3050,21135,12865,12827,8686,0,0,10519,6031,15750,5236,3346
13/12/2018,4025,9511,3409,33363,10519,1592,4149,1099,3050,21135,12865,12827,8686,0,0,10519,6031,15750,5236,3346
14/12/2018,4025,9511,3409,33363,10519,1592,4149,1099,3050,21135,12865,12827,8686,0,0,10519,6031,15750,5236,3346
15/12/2018,4025,9511,3409,33363,10519,1592,4149,1099,3050,21135,12865,12827,8686,0,0,10519,6031,15750,5236,3346
16/12/2018,4025,9511,3409,33363,10519,1592,4149,1099,3050,21135,12865,12827,8686,0,0,10519,6031,15750,5236,3346
17/12/2018,4025,9511,3409,33363,10519,1592,4149,1099,3050,21135,12865,12827,8686,0,0,10519,6031,15750,5236,3346
18/12/2018,4025,9511,3409,33363,10519,1592,4149,1099,3050,21135,12865,12827,9086,0,0,10519,6031,15750,5236,3346
19/12/2018,4025,9511,3409,33363,10519,1592,4149,1099,3050,21135,12865,12827,9086,0,0,10519,6031,15750,5236,3346
20/12/2018,4025,9511,3409,33363,10519,1592,4149,1099,3050,21135,12865,12827,9086,0,0,10519,6031,15750,5236,3346
21/12/2018,4025,9511,3409,33363,10519,1592,4149,1099,3050,21135,12865,12827,9086,0,0,10519,6031,15750,5236,3346
22/12/2018,4025,9511,3409,33363,10519,1592,4149,1099,3050,21135,12865,12827,9086,0,0,10519,6031,15750,5236,3346
23/12/2018,4025,9511,3409,33363,10519,1592,4149,1099,3050,21135,12865,12827,9086,0,0,10519,6031,15750,5236,3346
24/12/2018,4025,9511,3409,33363,10519,1592,4149,1099,3050,21135,12865,12827,9086,0,0,10519,6031,15750,5236,3346
25/12/2018,4025,9511,3409,33363,10519,1592,4149,1099,3050,21135,12865,12827,9086,0,0,10519,6031,15750,5236,3346
26/12/2018,4025,9511,3409,33363,10519,1592,4149,1099,3050,21135,12865,12827,9086,0,0,10519,6031,15750,5236,3346
27/12/2018,4025,9511,3409,33363,10519,1592,4149,1099,3050,21135,12865,12827,9086,0,0,10519,6031,15750,5236,3346
28/12/2018,4025,9511,3409,33363,10519,1592,4149,1099,3050,21135,12865,12827,9086,0,0,10519,6031,15750,5236,3346
29/12/2018,4025,9511,3409,33363,10519,1592,4149,1099,3050,21135,12865,12827,9086,0,0,10519,6031,15750,5236,3346
30/12/2018,4025,9511,3409,33363,10519,1592,4149,1099,3050,21135,12865,12827,9086,0,0,10519,6031,15750,5236,3346
31/12/2018,4025,9511,3409,33363,10519,1592,4149,1099,3050,21135,12865,12827,9086,0,0,10519,6031,15750,5236,3346
01/01/2019,4025,9511,3409,33363,10519,1592,4149,1099,3050,21619,12896,13137,9086,0,0,10519,6031,15750,5236,3346
02/01/2019,4025,9511,3409,33363,10519,1592,4149,1099,3050,21619,12896,13137,9086,0,0,10519,6031,15750,5236,3346
03/01/2019,4025,9511,3409,33363,10519,1592,4149,1099,3050,21619,12896,13137,9086,0,0,10519,6031,15750,5236,3346
04/01/2019,4025,9511,3409,33363,10519,1592,4149,1099,3050,21619,12896,13137,9086,0,0,10519,6031,15750,5236,3346
05/01/2019,4025,9511,3409,33363,10519,1592,4149,1099,3050,21619,12896,13137,9086,0,0,10519,6031,15750,5236,3346
06/01/2019,4025,9511,3409,33363,10519,1592,4149,1099,3050,21619,12896,13137,9086,0,0,10519,6031,15750,5236,3346
07/01/2019,4025,9511,3409,33363,10519,1592,4149,1099,3050,21619,12896,13137,9086,0,0,10519,6031,15750,5236,3346
08/01/2019,4025,9511,3409,33363,10519,1592,4149,1099,3050,21619,12896,13137,9086,0,0,10519,6031,15750,5236,3346
09/01/2019,4025,9511,3409,33363,10519,1592,4149,1099,3050,21619,12896,13137,9086,0,0,10519,6031,15750,5236,3346
10/01/2019,4025,9511,3409,33363,10519,1592,4149,1099,3050,21619,12896,13137,9086,0,0,10519,6031,15750,5236,3346
11/01/2019,4025,9511,3409,33363,10519,1592,4149,1099,3050,21619,12896,13137,9086,0,0,10519,6031,15750,5236,3346
12/01/2019,4025,9511,3409,33363,10519,1612,4149,1099,3050,21619,12896,13137,9086,0,0,10519,6031,15750,5236,3346
13/01/2019,4025,9511,3409,33363,10519,1612,4149,1099,3050,21619,12896,13137,9086,0,0,10519,6031,15750,5236,3346
14/01/2019,4025,9511,3409,33363,10519,1612,4149,1099,3050,21619,12896,13137,9086,0,0,10519,6031,15750,5236,3346
15/01/2019,4025,9511,3409,33363,10519,1612,4149,1099,3050,21619,12896,13137,9086,0,0,10519,6031,15750,5236,3346
16/01/2019,4025,9511,3409,33363,10519,1612,4149,1099,3050,21619,12896,13137,9086,0,0,10519,6031,15750,5236,3346
17/01/2019,4025,9511,3409,33363,10519,1612,4149,1099,3050,21619,12896,13137,9086,0,0,10519,6031,15750,5236,3346
18/01/2019,4025,9511,3409,33363,10519,1612,4149,1099,3050,21619,12896,13137,9086,0,0,10519,6031,15750,5236,3346
19/01/2019,4025,9511,3409,33363,10519,1612,4149,1099,3050,21619,12896,13137,9086,0,0,10519,6031,15750,5236,3346
20/01/2019,4025,9511,3409,33363,10519,1612,4149,1099,3050,21619,12896,13137,9086,0,0,10519,6031,15750,5236,3346
21/01/2019,4025,9511,3409,33363,10519,1612,4149,1099,3050,21619,12896,13137,9086,0,0,10519,6031,15750,5236,3346
22/01/2019,4025,9511,3409,33363,10519,1612,4149,1099,3050,21619,12896,13137,9086,0,0,10519,6031,15750,5236,3346
23/01/2019,4025,9511,3409,33363,10519,1612,4149,1099,3050,21619,12896,13137,9086,0,0,10519,6031,15750,5236,3346
24/01/2019,4025,9511,3409,33363,10519,1612,4149,1099,3050,21619,12896,13137,9086,0,0,10519,6031,15750,5236,3346
25/01/2019,4025,9511,3409,33363,10519,1612,4149,1099,3050,21619,12896,13137,9086,0,0,10519,6031,15750,5236,3346
26/01/2019,4025,9511,3409,33363,10519,1612,4149,1099,3050,21619,12896,13137,9086,0,0,10519,6031,15750,5236,3346
27/01/2019,4025,9511,3409,33363,10519,1612,4149,1099,3050,21619,12896,13137,9086,0,0,10519,6031,15750,5236,3346
28/01/2019,4025,9511,3409,33363,10519,1612,4149,1099,3050,21619,12896,13137,9086,0,0,10519,6031,15750,5236,3346
29/01/2019,4025,9511,3409,33363,10519,1612,4149,1099,3050,21619,12896,13137,9086,0,0,10519,6031,15750,5236,3346
30/01/2019,4025,9511,3409,33363,10519,1612,4149,1099,3050,21619,12896,13137,9086,0,0,10519,6031,15750,5236,3346
31/01/2019,5025,9511,3409,33363,10519,1612,4149,1099,3050,21619,12896,13137,9086,0,0,10519,6031,15750,5236,3346
01/02/2019,5025,9511,3409,33363,10519,1612,4149,1099,3050,21805,12920,13228,9086,0,0,10519,6031,15750,5236,3346
02/02/2019,5025,9511,3409,33363,10519,1612,4149,1099,3050,21805,12920,13228,9086,0,0,10519,6031,15750,5236,3346
03/02/2019,5025,9511,3409,33363,10519,1612,4149,1099,3050,21805,12920,13228,9086,0,0,10519,6031,15750,5236,3346
04/02/2019,5025,9511,3409,33363,10519,1612,4149,1099,3050,21805,12920,13228,9086,0,0,10519,6031,15750,5236,3346
05/02/2019,5025,9511,3409,33363,10519,1612,4149,1099,3050,21805,12920,13228,9086,0,0,10519,6031,15750,5236,3346
06/02/2019,5025,9511,3409,33363,10519,1612,4149,1099,3050,21805,12920,13228,9086,0,0,10519,6031,15750,5236,3346
07/02/2019,5025,9511,3409,33363,10519,1612,4149,1099,3050,21805,12920,13228,9086,0,0,10519,6031,15750,5236,3346
08/02/2019,5025,9511,3409,33363,10519,1612,4149,1099,3050,21805,12920,13228,9086,0,0,10519,6031,15750,5236,3346
09/02/2019,5025,9511,3409,33363,10519,1612,4149,1099,3050,21805,12920,13228,9086,0,0,10519,6031,15750,5236,3346
10/02/2019,5025,9511,3409,33363,10519,1612,4149,1099,3050,21805,12920,13228,9086,0,0,10519,6031,15750,5236,3346
11/02/2019,5025,9511,3409,33363,10519,1612,4149,1099,3050,21805,12920,13228,9086,0,0,10519,6031,15750,5236,3346
12/02/2019,5025,9511,3409,33363,10519,1612,4149,1099,3050,21805,12920,13228,9086,0,0,10519,6031,15750,5236,3346
13/02/2019,5025,9511,3409,33363,10519,1612,4149,1099,3050,21805,12920,13228,9086,0,0,10519,6031,15750,5236,3346
14/02/2019,5025,9511,3409,33363,10519,1612,4149,1099,3050,21805,12920,13228,9086,0,0,10519,6031,15750,5236,3346
15/02/2019,5025,9511,3409,33363,10519,1612,4149,1099,3050,21805,12920,13228,9086,0,0,10519,6031,15750,5236,3346
16/02/2019,5025,9511,3409,33363,10519,1612,4149,1099,3050,21805,12920,13228,9086,0,0,10519,6031,15750,5236,3346
17/02/2019,5025,9511,3409,33363,10519,1612,4149,1099,3050,21805,12920,13228,9086,0,0,10519,6031,15750,5236,3346
18/02/2019,5025,9511,3409,33363,10519,1612,4149,1099,3050,21805,12920,13228,9086,0,0,10519,6031,15750,5236,3346
19/02/2019,5025,9511,3409,33363,10519,1612,4149,1099,3050,21805,12920,13228,9086,0,0,10519,6031,15750,5236,3346
20/02/2019,5025,9511,3409,33363,10519,1612,4149,1099,3050,21805,12920,13228,9086,0,0,10519,6031,15750,5236,3346
21/02/2019,5025,9511,3409,33363,10519,1612,4149,1099,3050,21805,12920,13228,9086,0,0,10519,6031,15750,5236,3346
22/02/2019,5025,9511,3409,33363,10519,1612,4149,1099,3050,21805,12920,13228,9086,0,0,10519,6031,15750,5236,3346
23/02/2019,5025,9511,3409,33363,10519,1612,4149,1099,3050,21805,12920,13228,9086,0,0,10519,6031,15750,5236,3346
24/02/2019,5025,9511,3409,33363,10519,1612,4149,1099,3050,21805,12920,13228,9086,0,0,10519,6031,15750,5236,3346
25/02/2019,5025,9511,3409,33363,10519,1612,4149,1099,3050,21805,12920,13228,9086,0,0,10519,6031,15750,5236,3346
26/02/2019,5025,9511,3409,33363,10519,1612,4149,1099,3050,21805,12920,13228,9086,0,0,10519,6031,15750,5236,3346
27/02/2019,5025,9511,3409,33363,10519,1612,4149,1099,3050,21805,12920,13228,9086,0,0,10519,6031,15750,5236,3346
28/02/2019,5025,9511,3409,33363,10519,1612,4149,1099,3050,21805,12920,13228,9086,0,0,10519,6031,15750,5236,3346
01/03/2019,5025,9511,3409,33363,10519,1612,4149,1099,3050,21923,12971,13251,9086,0,0,10519,6031,15750,5236,3346
02/03/2019,5025,9511,3409,33363,10519,1612,4149,1099,3050,21923,12971,13251,9086,0,0,10519,6031,15750,5236,3346
03/03/2019,5025,9511,3409,33363,10519,1612,4149,1099,3050,21923,12971,13251,9086,0,0,10519,6031,15750,5236,3346
04/03/2019,5025,9511,3409,33363,10519,1612,4149,1099,3050,21923,12971,13251,9086,0,0,10519,6031,15750,5236,3346
05/03/2019,5025,9511,3409,33363,10519,1612,4149,1099,3050,21923,12971,13251,9086,0,0,10519,6031,15750,5236,3346
06/03/2019,5025,9511,3409,33363,10519,1612,4149,1099,3050,21923,12971,13251,9086,0,0,10519,6031,15750,5236,3346
07/03/2019,5025,9511,3409,33363,10519,1612,4149,1099,3050,21923,12971,13251,9086,0,0,10519,6031,15750,5236,3346
08/03/2019,5025,9511,3409,33363,10519,1612,4149,1099,3050,21923,12971,13251,9086,0,0,10519,6031,15750,5236,3346
09/03/2019,5025,9511,3409,33363,10519,1612,4149,1099,3050,21923,12971,13251,9086,0,0,10519,6031,15750,5236,3346
10/03/2019,5025,9511,3409,33363,10519,1612,4149,1099,3050,21923,12971,13251,9086,0,0,10519,6031,15750,5236,3346
11/03/2019,5025,9511,3409,33363,10519,1612,4149,1099,3050,21923,12971,13251,9086,0,0,10519,6031,15750,5236,3346
12/03/2019,5025,9511,3409,33363,10519,1612,4149,1099,3050,21923,12971,13251,9086,0,0,10519,6031,15750,5236,3346
13/03/2019,5025,9511,3409,33363,10519,1612,4149,1099,3050,21923,12971,13251,9086,0,0,10519,6031,15750,5236,3346
14/03/2019,5025,9511,3409,33363,10519,1612,4149,1099,3050,21923,12971,13251,9086,0,0,10519,6031,15750,5236,3346
15/03/2019,5025,9511,3409,33363,10519,1612,4149,1099,3050,21923,12971,13251,9086,0,0,10519,6031,15750,5236,3346
16/03/2019,5025,9511,3409,33363,10519,1612,4149,1099,3050,21923,12971,13251,9086,0,0,10519,6031,15750,5236,3346
17/03/2019,5025,9511,3409,33363,10519,1612,4149,1099,3050,21923,12971,13251,9086,0,0,10519,6031,15750,5236,3346
18/03/2019,5025,9511,3409,33363,10519,1612,4149,1099,3050,21923,12971,13251,9086,0,0,10519,6031,15750,5236,3346
19/03/2019,5025,9511,3409,33363,10519,1612,4149,1099,3050,21923,12971,13251,9086,0,0,10519,6031,15750,5236,3346
20/03/2019,5025,9511,3409,33363,10519,1612,4149,1099,3050,21923,12971,13251,9086,0,0,10519,6031,15750,5236,3346
21/03/2019,5025,9511,3409,33363,10519,1612,4149,1099,3050,21923,12971,13251,9086,0,0,10519,6031,15750,5236,3346
22/03/2019,5025,9511,3409,33363,10519,1612,4149,1099,3050,21923,12971,13251,9086,0,0,10519,6031,15750,5236,3346
23/03/2019,5025,9511,3409,33363,10519,1612,4149,1099,3050,21923,12971,13251,9086,0,0,10519,6031,15750,5236,3346
24/03/2019,5025,9511,3409,33363,10519,1612,4149,1099,3050,21923,12971,13251,9086,0,0,10519,6031,15750,5236,3346
25/03/2019,5025,9511,3409,33363,10519,1612,4149,1099,3050,21923,12971,13251,9086,0,0,10519,6031,15750,5236,3346
26/03/2019,5025,9511,3409,33363,10519,1612,4149,1099,3050,21923,12971,13251,9086,0,0,10519,6031,15750,5236,3346
27/03/2019,5025,9511,3409,33363,10519,1612,4149,1099,3050,21923,12971,13251,9086,0,0,10519,6031,15750,5236,3346
28/03/2019,5025,9511,3409,33363,10519,1612,4149,1099,3050,21923,12971,13251,9086,0,0,10519,6031,15750,5236,3346
29/03/2019,5025,9511,3409,33363,10519,1612,4149,1099,3050,21923,12971,13251,9086,0,0,10519,6031,15750,5236,3346
30/03/2019,5025,9511,3409,33363,10519,1612,4149,1099,3050,21923,12971,13251,9086,0,0,10519,6031,15750,5236,3346
31/03/2019,5025,9511,3409,33363,10519,1612,4149,1099,3050,21923,12971,13251,9086,0,0,10519,6031,15750,5236,3346
01/04/2019,5025,9511,3409,33363,10519,1612,4149,1099,3050,22016,12991,13258,9086,0,0,10519,6031,15750,5236,3346
02/04/2019,5025,9511,3409,33363,10534,1612,4149,1099,3050,22016,12991,13258,9086,0,0,10534,6031,15750,5236,3346
03/04/2019,5025,9511,3409,33363,10534,1612,4149,1099,3050,22016,12991,13258,9086,0,0,10534,6031,15750,5236,3346
04/04/2019,5025,9511,3409,33363,10534,1612,4149,1099,3050,22016,12991,13258,9086,0,0,10534,6031,15750,5236,3346
05/04/2019,5025,9511,3409,33363,10534,1612,4149,1099,3050,22016,12991,13258,9086,0,0,10534,6031,15750,5236,3346
06/04/2019,5025,9511,3409,33363,10534,1612,4149,1099,3050,22016,12991,13258,9086,0,0,10534,6031,15750,5236,3346
07/04/2019,5025,9511,3409,33363,10534,1612,4149,1099,3050,22016,12991,13258,9086,0,0,10534,6031,15750,5236,3346
08/04/2019,5025,9511,3409,33363,10534,1912,4149,1099,3050,22016,12991,13258,9086,0,0,10534,6031,15750,5236,3346
09/04/2019,5025,9511,3409,33363,10534,1912,4149,1099,3050,22016,12991,13258,9086,0,0,10534,6031,15750,5236,3346
10/04/2019,5025,9511,3409,33363,10534,1912,4149,1099,3050,22016,12991,13258,9086,0,0,10534,6031,15750,5236,3346
11/04/2019,5025,9511,3409,33363,10534,1912,4149,1099,3050,22016,12991,13258,9086,0,0,10534,6031,15750,5236,3346
12/04/2019,5025,9511,3409,33363,10534,1912,4149,1099,3050,22016,12991,13258,9086,0,0,10534,6031,15750,5236,3346
13/04/2019,5025,9511,3409,33363,10534,1912,4149,1099,3050,22016,12991,13258,9086,0,0,10534,6031,15750,5236,3346
14/04/2019,5025,9511,3409,33363,10534,1912,4149,1099,3050,22016,12991,13258,9086,0,0,10534,6031,15750,5236,3346
15/04/2019,5025,9511,3409,33363,10534,1912,4149,1099,3050,22016,12991,13258,9086,0,0,10534,6031,15750,5236,3346
16/04/2019,5025,9511,3409,33363,10534,1912,4149,1099,3050,22016,12991,13258,9086,0,0,10534,6031,15750,5236,3346
17/04/2019,5025,9511,3409,33363,10534,1912,4149,1099,3050,22016,12991,13258,9086,0,0,10534,6031,15750,5236,3346
18/04/2019,5025,9511,3409,33363,10534,1912,4149,1099,3050,22016,12991,13258,9086,0,0,10534,6031,15750,5236,3346
19/04/2019,5025,9511,3409,33363,10534,1912,4149,1099,3050,22016,12991,13258,9086,0,0,10534,6031,15750,5236,3346
20/04/2019,5025,9511,3409,33363,10534,1912,4149,1099,3050,22016,12991,13258,9086,0,0,10534,6031,15750,5236,3346
21/04/2019,5025,9511,3409,33363,10534,1912,4149,1099,3050,22016,12991,13258,9086,0,0,10534,6031,15750,5236,3346
22/04/2019,5025,9511,3409,33363,10534,1912,4149,1099,3050,22016,12991,13258,9086,0,0,10534,6031,15750,5236,3346
23/04/2019,5025,9511,3409,33363,10534,1912,4149,1099,3050,22016,12991,13258,9086,0,0,10534,6031,15750,5236,3346
24/04/2019,5025,9511,3409,33363,10534,1912,4149,1099,3050,22016,12991,13258,9086,0,0,10534,6031,15750,5236,3346
25/04/2019,5025,9511,3409,33363,10534,1912,4149,1099,3050,22016,12991,13258,9086,0,0,10534,6031,15750,5236,3346
26/04/2019,5025,9511,3409,33123,10534,1912,4149,1099,3050,22016,12991,13258,9086,0,0,10534,6031,15510,5236,3346
27/04/2019,5025,9511,3409,33123,10534,1912,4149,1099,3050,22016,12991,13258,9086,0,0,10534,6031,15510,5236,3346
28/04/2019,5025,9511,3409,33123,10534,1912,4149,1099,3050,22016,12991,13258,9086,0,0,10534,6031,15510,5236,3346
29/04/2019,5025,9511,3409,33123,10534,1912,4149,1099,3050,22016,12991,13258,9086,0,0,10534,6031,15510,5236,3346
30/04/2019,5025,9511,3409,33123,10534,1912,4149,1099,3050,22016,12991,13258,9086,0,0,10534,6031,15510,5236,3346
01/05/2019,5025,9511,3409,33123,10534,2004,4149,1099,3050,22218,12997,13292,9086,0,0,10534,6031,15510,5236,3346
02/05/2019,5025,9511,3409,33123,10534,2004,4149,1099,3050,22218,12997,13292,9086,0,0,10534,6031,15510,5236,3346
03/05/2019,5025,9511,3409,33123,10534,2004,4149,1099,3050,22218,12997,13292,9086,0,0,10534,6031,15510,5236,3346
04/05/2019,5025,9511,3409,33123,10534,2004,4149,1099,3050,22218,12997,13292,9086,0,0,10534,6031,15510,5236,3346
05/05/2019,5025,9511,3409,33123,10534,2004,4149,1099,3050,22218,12997,13292,9086,0,0,10534,6031,15510,5236,3346
06/05/2019,5025,9511,3409,33123,10534,2004,4149,1099,3050,22218,12997,13292,9086,0,0,10534,6031,15510,5236,3346
07/05/2019,5025,9511,3409,33123,10534,2004,4149,1099,3050,22218,12997,13292,9086,0,0,10534,6031,15510,5236,3346
08/05/2019,5025,9523,3409,33123,10534,2004,4149,1099,3050,22218,12997,13292,9086,0,0,10534,6031,15510,5236,3346
09/05/2019,5025,9523,3409,33123,10534,2004,4149,1099,3050,22218,12997,13292,9086,0,0,10534,6031,15510,5236,3346
10/05/2019,5025,9523,3409,33123,10534,2004,4149,1099,3050,22218,12997,13292,9086,0,0,10534,6031,15510,5236,3346
11/05/2019,5025,9523,3409,33123,10534,2004,4149,1099,3050,22218,12997,13292,9086,0,0,10534,6031,15510,5236,3346
12/05/2019,5025,9523,3409,33123,10534,2004,4149,1099,3050,22218,12997,13292,9086,0,0,10534,6031,15510,5236,3346
13/05/2019,5025,9523,3409,33123,10534,2004,4149,1099,3050,22218,12997,13292,9086,0,0,10534,6031,15510,5236,3346
14/05/2019,5025,9523,3694,33123,10534,2004,4149,1099,3050,22218,12997,13292,9086,0,0,10534,6031,15510,5236,3346
15/05/2019,5025,9523,3694,33123,10534,2004,4149,1099,3050,22218,12997,13292,9086,0,0,10534,6031,15510,5236,3346
16/05/2019,5025,9523,3694,33123,10534,2004,4149,1099,3050,22218,12997,13292,9086,0,0,10534,6031,15510,5236,3346
17/05/2019,5025,9523,3694,33123,10534,2004,4149,1099,3050,22218,12997,13292,9086,0,0,10534,6031,15510,5236,3346
18/05/2019,5025,9523,3694,33123,10534,2004,4149,1099,3050,22218,12997,13292,9086,0,0,10534,6031,15510,5236,3346
19/05/2019,5025,9523,3694,33123,10534,2004,4149,1099,3050,22218,12997,13292,9086,0,0,10534,6031,15510,5236,3346
20/05/2019,5025,9523,3694,33123,10534,2004,4149,1099,3050,22218,12997,13292,9086,0,0,10534,6031,15510,5236,3346
21/05/2019,5025,9523,3694,33123,10534,2004,4149,1099,3050,22218,12997,13292,9086,0,0,10534,6031,15510,5236,3346
22/05/2019,5025,9523,3694,33123,10534,2004,4149,1099,3050,22218,12997,13292,9086,0,0,10534,6031,15510,5236,3346
23/05/2019,5025,9523,3694,33123,10534,2004,4149,1099,3050,22218,12997,13292,9086,0,0,10534,6031,15510,5236,3346
24/05/2019,5025,9523,3694,33123,10534,2004,4149,1099,3050,22218,12997,13292,9086,0,0,10534,6031,15510,5236,3346
25/05/2019,5025,9523,3694,33123,10534,2004,4149,1099,3050,22218,12997,13292,9086,0,0,10534,6031,15510,5236,3346
26/05/2019,5025,9523,3694,33123,10534,2004,4149,1099,3050,22218,12997,13292,9086,0,0,10534,6031,15510,5236,3346
27/05/2019,5025,9523,3694,33123,10534,2004,4149,1099,3050,22218,12997,13292,9086,0,0,10534,6031,15510,5236,3346
28/05/2019,5025,9523,3694,33123,10534,2004,4149,1099,3050,22218,12997,13292,9086,0,0,10534,6031,15510,5236,3346
29/05/2019,5025,9523,3694,33123,10534,2004,4149,1099,3050,22218,12997,13292,9086,0,0,10534,6031,15510,5236,3346
30/05/2019,5025,9523,3694,33123,10534,2004,4149,1099,3050,22218,12997,13292,9086,0,0,10534,6031,15510,5236,3346
31/05/2019,5025,9523,3694,33123,10534,2004,4149,1099,3050,22218,12997,13292,9086,0,0,10534,6031,15510,5236,3346
01/06/2019,5025,9523,3694,33123,10534,2004,4150,1100,3050,22440,13004,13335,9086,0,0,10534,6031,15510,5236,3346
02/06/2019,5025,9523,3694,33123,10534,2004,4150,1100,3050,22440,13004,13335,9086,0,0,10534,6031,15510,5236,3346
03/06/2019,5025,9523,3694,33123,10534,2004,4150,1100,3050,22440,13004,13335,9086,0,0,10534,6031,15510,5236,3346
04/06/2019,5025,9523,3694,33123,10534,2004,4150,1100,3050,22440,13004,13335,9086,0,0,10534,6031,15510,5236,3346
05/06/2019,5025,9523,3694,33123,10534,2004,4150,1100,3050,22440,13004,13335,9086,0,0,10534,6031,15510,5236,3346
06/06/2019,5025,9523,3694,33123,10534,2004,4150,1100,3050,22440,13004,13335,9086,0,0,10534,6031,15510,5236,3346
07/06/2019,5025,9523,3694,33123,10534,2004,4150,1100,3050,22440,13004,13335,9086,0,0,10534,6031,15510,5236,3346
08/06/2019,5025,9523,3694,33123,10534,2004,4150,1100,3050,22440,13004,13335,9086,0,0,10534,6031,15510,5236,3346
09/06/2019,5025,9523,3694,33123,10534,2004,4150,1100,3050,22440,13004,13335,9086,0,0,10534,6031,15510,5236,3346
10/06/2019,5025,9523,3694,33123,10534,2004,4150,1100,3050,22440,13004,13335,9086,0,0,10534,6031,15510,5236,3346
11/06/2019,5025,9523,3694,33123,10534,2004,4150,1100,3050,22440,13004,13335,9086,0,0,10534,6031,15510,5236,3346
12/06/2019,5025,9523,3694,33123,10534,2004,4150,1100,3050,22440,13004,13335,9086,0,0,10534,6031,15510,5236,3346
13/06/2019,5025,9523,3694,33123,10534,2004,4150,1100,3050,22440,13004,13335,9086,0,0,10534,6031,15510,5236,3346
14/06/2019,5025,9523,3694,33123,10534,2004,4150,1100,3050,22440,13004,13335,9086,0,0,10534,6031,15510,5236,3346
15/06/2019,5025,9523,3694,33123,10534,2004,4150,1100,3050,22440,13004,13335,9086,0,0,10534,6031,15510,5236,3346
16/06/2019,5025,9523,3694,33123,10534,2004,4150,1100,3050,22440,13004,13335,9086,0,0,10534,6031,15510,5236,3346
17/06/2019,5025,9523,3694,33123,10534,2004,4150,1100,3050,22440,13004,13335,9086,0,0,10534,6031,15510,5236,3346
18/06/2019,5025,9523,3694,33123,10534,2004,4150,1100,3050,22440,13004,13335,9086,0,0,10534,6031,15510,5236,3346
19/06/2019,5025,9523,3694,33123,10534,2004,4150,1100,3050,22440,13004,13335,9086,0,0,10534,6031,15510,5236,3346
20/06/2019,5025,9523,3694,33123,10534,2004,4150,1100,3050,22440,13004,13335,9086,0,0,10534,6031,15510,5236,3346
21/06/2019,5025,9523,3694,33123,10534,2004,4150,1100,3050,22440,13004,13335,9086,0,0,10534,6031,15510,5236,3346
22/06/2019,5025,9523,3694,33123,10534,2004,4150,1100,3050,22440,13004,13335,9086,0,0,10534,6031,15510,5236,3346
23/06/2019,5025,9523,3694,33123,10534,2004,4150,1100,3050,22440,13004,13335,9086,0,0,10534,6031,15510,5236,3346
24/06/2019,5025,9523,3694,33123,10534,2004,4150,1100,3050,22440,13004,13335,9086,0,0,10534,6031,15510,5236,3346
25/06/2019,5025,9523,3694,33123,10534,2004,4150,1100,3050,22440,13004,13335,9086,0,0,10534,6031,15510,5236,3346
26/06/2019,5025,9523,3694,33123,10534,2004,4150,1100,3050,22440,13004,13335,9086,0,0,10534,6031,15510,5236,3346
27/06/2019,5025,9523,3694,33123,10534,2024,4150,1100,3050,22440,13004,13335,9086,0,0,10534,6031,15510,5236,3346
28/06/2019,5025,9523,3694,33123,10534,2024,4150,1100,3050,22440,13004,13335,9086,0,0,10534,6031,15510,5236,3346
29/06/2019,5025,9523,3694,33123,10534,2024,4150,1100,3050,22440,13004,13335,9086,0,0,10534,6031,15510,5236,3346
30/06/2019,5025,9523,3694,33123,10534,2024,4150,1100,3050,22440,13004,13335,9086,0,0,10534,6031,15510,5236,3346
01/07/2019,5025,9523,3694,33123,10534,2024,4150,1100,3050,22555,13014,13349,9086,0,0,10534,6031,15510,5236,3346
02/07/2019,5025,9523,3694,33123,10534,2024,4150,1100,3050,22555,13014,13349,9086,0,0,10534,6031,15510,5236,3346
03/07/2019,5025,9523,3694,33123,10534,2024,4150,1100,3050,22555,13014,13349,9086,0,0,10534,6031,15510,5236,3346
04/07/2019,5025,9523,3694,33123,10534,2024,4150,1100,3050,22555,13014,13349,9086,0,0,10534,6031,15510,5236,3346
05/07/2019,5025,9523,3694,33123,10534,2024,4150,1100,3050,22555,13014,13349,9086,0,0,10534,6031,15510,5236,3346
06/07/2019,5025,9523,3694,33123,10534,2024,4150,1100,3050,22555,13014,13349,9086,0,0,10534,6031,15510,5236,3346
07/07/2019,5025,9523,3694,33123,10534,2024,4150,1100,3050,22555,13014,13349,9086,0,0,10534,6031,15510,5236,3346
08/07/2019,5025,9523,3694,33123,10534,2024,4150,1100,3050,22555,13014,13349,9811,0,0,10534,6031,15510,5236,3346
09/07/2019,5025,9523,3694,33123,10534,2024,4150,1100,3050,22555,13014,13349,9811,0,0,10534,6031,15510,5236,3346
10/07/2019,5025,9523,3694,33123,10534,2024,4150,1100,3050,22555,13014,13349,9811,0,0,10534,6031,15510,5236,3346
11/07/2019,5025,9523,3694,33123,10534,2024,4150,1100,3050,22555,13014,13349,9811,0,0,10534,6031,15510,5236,3346
12/07/2019,5025,9523,3694,33123,10534,2024,4150,1100,3050,22555,13014,13349,9811,0,0,10534,6031,15510,5236,3346
13/07/2019,5025,9523,3694,33123,10534,2024,4150,1100,3050,22555,13014,13349,9811,0,0,10534,6031,15510,5236,3346
14/07/2019,5025,9523,3694,33123,10534,2024,4150,1100,3050,22555,13014,13349,9811,0,0,10534,6031,15510,5236,3346
15/07/2019,5025,9523,3694,33123,10534,2024,4150,1100,3050,22555,13014,13349,9811,0,0,10534,6031,15510,5236,3346
16/07/2019,5025,9523,3694,33123,10534,2024,4150,1100,3050,22555,13014,13349,9811,0,0,10534,6031,15510,5236,3346
17/07/2019,5025,9523,3694,33123,10534,2024,4199,1149,3050,22555,13014,13349,9811,0,0,10534,6031,15510,5236,3346
18/07/2019,5025,9523,3694,33123,10534,2024,4199,1149,3050,22555,13014,13349,9811,0,0,10534,6031,15510,5236,3346
19/07/2019,5025,9523,3694,33123,10534,2024,4199,1149,3050,22555,13014,13349,9811,0,0,10534,6031,15510,5236,3346
20/07/2019,5025,9523,3694,33123,10534,2024,4199,1149,3050,22555,13014,13349,9811,0,0,10534,6031,15510,5236,3346
21/07/2019,5025,9523,3694,33123,10534,2024,4199,1149,3050,22555,13014,13349,9811,0,0,10534,6031,15510,5236,3346
22/07/2019,5025,9523,3694,33123,10534,2024,4199,1149,3050,22555,13014,13349,9811,0,0,10534,6031,15510,5236,3346
23/07/2019,5025,9523,3694,33123,10534,2024,4199,1149,3050,22555,13014,13349,9811,0,0,10534,6031,15510,5236,3346
24/07/2019,5025,9523,3694,33123,10534,2024,4199,1149,3050,22555,13014,13349,9811,0,0,10534,6031,15510,5236,3346
25/07/2019,5025,9523,3694,33123,10534,2024,4199,1149,3050,22555,13014,13349,9811,0,0,10534,6031,15510,5236,3346
26/07/2019,5025,9523,3694,33123,10534,2024,4199,1149,3050,22555,13014,13349,9811,0,0,10534,6031,15510,5236,3346
27/07/2019,5025,9523,3694,33123,10534,2024,4199,1149,3050,22555,13014,13349,9811,0,0,10534,6031,15510,5236,3346
28/07/2019,5025,9523,3694,33123,10534,2024,4199,1149,3050,22555,13014,13349,9811,0,0,10534,6031,15510,5236,3346
29/07/2019,5025,9523,3694,33123,10534,2024,4199,1149,3050,22555,13014,13349,9811,0,0,10534,6031,15510,5236,3346
30/07/2019,5025,9523,3694,33123,10534,2024,4199,1149,3050,22555,13014,13349,9811,0,0,10534,6031,15510,5236,3346
31/07/2019,5025,9523,3694,33123,10534,2024,4199,1149,3050,22555,13014,13349,9811,0,0,10534,6031,15510,5236,3346
01/08/2019,5025,9523,3694,33123,10534,2024,4199,1149,3050,22848,13026,13476,9811,0,0,10534,6031,15510,5236,3346
02/08/2019,5025,9523,3694,33123,10534,2024,4199,1149,3050,22848,13026,13476,9811,0,0,10534,6031,15510,5236,3346
03/08/2019,5025,9523,3694,33123,10534,2024,4199,1149,3050,22848,13026,13476,9811,0,0,10534,6031,15510,5236,3346
04/08/2019,5025,9523,3694,33123,10534,2024,4199,1149,3050,22848,13026,13476,9811,0,0,10534,6031,15510,5236,3346
05/08/2019,5025,9523,3694,33123,10534,2024,4199,1149,3050,22848,13026,13476,9811,0,0,10534,6031,15510,5236,3346
06/08/2019,5025,9523,3694,33123,10534,2024,4199,1149,3050,22848,13026,13476,9811,0,0,10534,6031,15510,5236,3346
07/08/2019,5025,9523,3694,33123,10534,2024,4199,1149,3050,22848,13026,13476,9811,0,0,10534,6031,15510,5236,3346
08/08/2019,5025,9523,3694,33123,10534,2024,4199,1149,3050,22848,13026,13476,9811,0,0,10534,6031,15510,5236,3346
09/08/2019,5025,9523,3694,33123,10534,2024,4199,1149,3050,22848,13026,13476,9811,0,0,10534,6031,15510,5236,3346
10/08/2019,5025,9523,3694,33123,10534,2024,4199,1149,3050,22848,13026,13476,9811,0,0,10534,6031,15510,5236,3346
11/08/2019,5025,9523,3694,33123,10534,2024,4199,1149,3050,22848,13026,13476,9811,0,0,10534,6031,15510,5236,3346
12/08/2019,5025,9523,3694,33123,10534,2024,4199,1149,3050,22848,13026,13476,9811,0,0,10534,6031,15510,5236,3346
13/08/2019,5025,9523,3694,33123,10534,2024,4199,1149,3050,22848,13026,13476,9811,0,0,10534,6031,15510,5236,3346
14/08/2019,5025,9523,3694,33123,10534,2024,4199,1149,3050,22848,13026,13476,9811,0,0,10534,6031,15510,5236,3346
15/08/2019,5025,9523,3694,33123,10534,2024,4199,1149,3050,22848,13026,13476,9811,0,0,10534,6031,15510,5236,3346
16/08/2019,5025,9523,3694,33123,10534,2024,4199,1149,3050,22848,13026,13476,9811,0,0,10534,6031,15510,5236,3346
17/08/2019,5025,9523,3694,33123,10534,2024,4199,1149,3050,22848,13026,13476,9811,0,0,10534,6031,15510,5236,3346
18/08/2019,5025,9523,3694,33123,10534,2024,4199,1149,3050,22848,13026,13476,9811,0,0,10534,6031,15510,5236,3346
19/08/2019,5025,9523,3694,33123,10534,2024,4199,1149,3050,22848,13026,13476,9811,0,0,10534,6031,15510,5236,3346
20/08/2019,5025,9523,3694,33123,10534,2024,4199,1149,3050,22848,13026,13476,9811,0,0,10534,6031,15510,5236,3346
21/08/2019,5025,9523,3694,33123,10534,2024,4199,1149,3050,22848,13026,13476,9811,0,0,10534,6031,15510,5236,3346
22/08/2019,5025,9523,3694,33123,10534,2024,4199,1149,3050,22848,13026,13476,9811,0,0,10534,6031,15510,5236,3346
23/08/2019,5025,9523,3694,33123,10534,2024,4199,1149,3050,22848,13026,13476,9811,0,0,10534,6031,15510,5236,3346
24/08/2019,5025,9523,3694,33123,10534,2024,4199,1149,3050,22848,13026,13476,9811,0,0,10534,6031,15510,5236,3346
25/08/2019,5025,9523,3694,33123,10534,2024,4199,1149,3050,22848,13026,13476,9811,0,0,10534,6031,15510,5236,3346
26/08/2019,5025,9523,3694,33123,10534,2024,4199,1149,3050,22848,13026,13476,9811,0,0,10534,6031,15510,5236,3346
27/08/2019,5025,9523,3694,33123,10534,2024,4199,1149,3050,22848,13026,13476,9811,0,0,10534,6031,15510,5236,3346
28/08/2019,5025,9523,3694,33123,10534,2024,4199,1149,3050,22848,13026,13476,9811,0,0,10534,6031,15510,5236,3346
29/08/2019,5025,9523,3694,33123,10534,2024,4199,1149,3050,22848,13026,13476,9811,0,0,10534,6031,15510,5236,3346
30/08/2019,5025,9523,3694,33123,10534,2024,4199,1149,3050,22848,13026,13476,9811,0,0,10534,6031,15510,5236,3346
31/08/2019,5025,9523,3694,33123,10534,2024,4199,1149,3050,22848,13026,13476,9811,0,0,10534,6031,15510,5236,3346
01/09/2019,5025,9523,3694,33123,10459,2024,4198,1148,3050,22884,13045,13450,9811,0,0,10459,6031,15510,5236,3346
02/09/2019,5025,9523,3694,33123,10459,2024,4198,1148,3050,22884,13045,13450,9811,0,0,10459,6031,15510,5236,3346
03/09/2019,5025,9523,3694,33123,10459,2024,4198,1148,3050,22884,13045,13450,9811,0,0,10459,6031,15510,5236,3346
04/09/2019,5025,9523,3694,33123,10459,2024,4198,1148,3050,22884,13045,13450,9811,0,0,10459,6031,15510,5236,3346
05/09/2019,5025,9523,3694,33123,10459,2024,4198,1148,3050,22884,13045,13450,9811,0,0,10459,6031,15510,5236,3346
06/09/2019,5025,9523,3694,33123,10459,2024,4198,1148,3050,22884,13045,13450,9811,0,0,10459,6031,15510,5236,3346
07/09/2019,5025,9523,3694,33123,10459,2024,4198,1148,3050,22884,13045,13450,9811,0,0,10459,6031,15510,5236,3346
08/09/2019,5025,9523,3694,33123,10459,2024,4198,1148,3050,22884,13045,13450,9811,0,0,10459,6031,15510,5236,3346
09/09/2019,5025,9523,3694,33123,10459,2024,4198,1148,3050,22884,13045,13450,9811,0,0,10459,6031,15510,5236,3346
10/09/2019,5025,9523,3694,33123,10459,2024,4198,1148,3050,22884,13045,13450,9811,0,0,10459,6031,15510,5236,3346
11/09/2019,5025,9523,3694,33123,10459,2024,4198,1148,3050,22884,13045,13450,9811,0,0,10459,6031,15510,5236,3346
12/09/2019,5025,9523,3694,33123,10459,2024,4198,1148,3050,22884,13045,13450,9811,0,0,10459,6031,15510,5236,3346
13/09/2019,5025,9523,3694,33123,10459,2024,4198,1148,3050,22884,13045,13450,9811,0,0,10459,6031,15510,5236,3346
14/09/2019,5025,9523,3694,33123,10459,2024,4198,1148,3050,22884,13045,13450,9811,0,0,10459,6031,15510,5236,3346
15/09/2019,5025,9523,3694,33123,10459,2024,4198,1148,3050,22884,13045,13450,9811,0,0,10459,6031,15510,5236,3346
16/09/2019,5025,9523,3694,33123,10459,2024,4198,1148,3050,22884,13045,13450,9811,0,0,10459,6031,15510,5236,3346
17/09/2019,5025,9523,3694,33123,10459,2024,4198,1148,3050,22884,13045,13450,9811,0,0,10459,6031,15510,5236,3346
18/09/2019,5025,9523,3694,33123,10459,2024,4198,1148,3050,22884,13045,13450,9811,0,0,10459,6031,15510,5236,3346
19/09/2019,5025,9523,3694,33123,10459,2024,4198,1148,3050,22884,13045,13450,9811,0,0,10459,6031,15510,5236,3346
20/09/2019,5025,9523,3694,33123,10459,2024,4198,1148,3050,22884,13045,13450,9811,0,0,10459,6031,15510,5236,3346
21/09/2019,5025,9523,3694,33123,10459,2024,4198,1148,3050,22884,13045,13450,9811,0,0,10459,6031,15510,5236,3346
22/09/2019,5025,9523,3694,33123,10459,2024,4198,1148,3050,22884,13045,13450,9811,0,0,10459,6031,15510,5236,3346
23/09/2019,5025,9523,3694,33123,10459,2024,4198,1148,3050,22884,13045,13450,9811,0,0,10459,6031,15510,5236,3346
24/09/2019,5025,9523,3694,33123,10459,2024,4198,1148,3050,22884,13045,13450,9811,0,0,10459,6031,15510,5236,3346
25/09/2019,5025,9523,3694,33123,10459,2120,4198,1148,3050,22884,13045,13450,9811,0,0,10459,6031,15510,5236,3346
26/09/2019,5025,9523,3694,33123,10459,2120,4198,1148,3050,22884,13045,13450,9811,0,0,10459,6031,15510,5236,3346
27/09/2019,5025,9523,3694,33123,10459,2120,4198,1148,3050,22884,13045,13450,9811,0,0,10459,6031,15510,5236,3346
28/09/2019,5025,9523,3694,33123,10459,2120,4198,1148,3050,22884,13045,13450,9811,0,0,10459,6031,15510,5236,3346
29/09/2019,5025,9523,3694,33123,10459,2120,4198,1148,3050,22884,13045,13450,9811,0,0,10459,6031,15510,5236,3346
30/09/2019,5025,9523,3694,33123,8459,2120,4198,1148,3050,22884,13045,13450,9811,0,0,8459,6031,15510,5236,3346
01/10/2019,5025,9523,3694,33123,8459,2120,4198,1148,3050,22995,13056,13465,9811,0,0,8459,6031,15510,5236,3346
02/10/2019,5025,9523,3694,33123,8459,2120,4198,1148,3050,22995,13056,13465,9811,0,0,8459,6031,15510,5236,3346
03/10/2019,5025,9523,3694,33123,8459,2120,4198,1148,3050,22995,13056,13465,9811,0,0,8459,6031,15510,5236,3346
04/10/2019,5025,9523,3694,33123,8459,2120,4198,1148,3050,22995,13056,13465,9811,0,0,8459,6031,15510,5236,3346
05/10/2019,5025,9523,3694,33123,8459,2120,4198,1148,3050,22995,13056,13465,9811,0,0,8459,6031,15510,5236,3346
06/10/2019,5025,9523,3694,33123,8459,2120,4198,1148,3050,22995,13056,13465,9811,0,0,8459,6031,15510,5236,3346
07/10/2019,5025,9523,3694,33123,8459,2120,4198,1148,3050,22995,13056,13465,9811,0,0,8459,6031,15510,5236,3346
08/10/2019,5025,9523,3694,33123,8459,2120,4198,1148,3050,22995,13056,13465,9811,0,0,8459,6031,15510,5236,3346
09/10/2019,5025,9523,3694,33123,8459,2120,4198,1148,3050,22995,13056,13465,9811,0,0,8459,6031,15510,5236,3346
10/10/2019,5025,9523,3694,33123,8459,2120,4198,1148,3050,22995,13056,13465,9811,0,0,8459,6031,15510,5236,3346
11/10/2019,5025,9523,3694,33123,8459,2120,4198,1148,3050,22995,13056,13465,9811,0,0,8459,6031,15510,5236,3346
12/10/2019,5025,9523,3690,33123,8459,2120,4198,1148,3050,22995,13056,13465,9811,0,0,8459,6031,15510,5236,3346
13/10/2019,5025,9523,3690,33123,8459,2120,4198,1148,3050,22995,13056,13465,9811,0,0,8459,6031,15510,5236,3346
14/10/2019,5025,9523,3690,33123,8459,2120,4198,1148,3050,22995,13056,13465,9811,0,0,8459,6031,15510,5236,3346
15/10/2019,5025,9523,3690,33123,8459,2120,4198,1148,3050,22995,13056,13465,9811,0,0,8459,6031,15510,5236,3346
16/10/2019,5025,9523,3690,33123,8459,2120,4198,1148,3050,22995,13056,13465,9811,0,0,8459,6031,15510,5236,3346
17/10/2019,5025,9523,3690,33123,8459,2120,4198,1148,3050,22995,13056,13465,9811,0,0,8459,6031,15510,5236,3346
18/10/2019,5025,9523,3690,33123,8459,2120,4198,1148,3050,22995,13056,13465,9811,0,0,8459,6031,15510,5236,3346
19/10/2019,5025,9523,3690,33123,8459,2120,4198,1148,3050,22995,13056,13465,9811,0,0,8459,6031,15510,5236,3346
20/10/2019,5025,9523,3690,33123,8459,2120,4198,1148,3050,22995,13056,13465,9811,0,0,8459,6031,15510,5236,3346
21/10/2019,5025,9523,3690,33123,8459,2120,4198,1148,3050,22995,13056,13465,9811,0,0,8459,6031,15510,5236,3346
22/10/2019,5025,9523,3690,33123,8459,2120,4198,1148,3050,22995,13056,13465,9811,0,0,8459,6031,15510,5236,3346
23/10/2019,5025,9523,3690,33123,8459,2120,4198,1148,3050,22995,13056,13465,9811,0,0,8459,6031,15510,5236,3346
24/10/2019,5025,9523,3690,33123,8459,2120,4198,1148,3050,22995,13056,13465,9811,0,0,8459,6031,15510,5236,3346
25/10/2019,5025,9523,3690,33123,8459,2120,4198,1148,3050,22995,13056,13465,9811,0,0,8459,6031,15510,5236,3346
26/10/2019,5025,9523,3690,33123,8459,2120,4198,1148,3050,22995,13056,13465,9811,0,0,8459,6031,15510,5236,3346
27/10/2019,5025,9523,3690,33123,8459,2120,4198,1148,3050,22995,13056,13465,9811,0,0,8459,6031,15510,5236,3346
28/10/2019,5025,9523,3690,33123,8459,2120,4198,1148,3050,22995,13056,13465,9811,0,0,8459,6031,15510,5236,3346
29/10/2019,5025,9523,3690,33123,8459,2120,4198,1148,3050,22995,13056,13465,9811,0,0,8459,6031,15510,5236,3346
30/10/2019,5025,9523,3690,33123,8459,2120,4198,1148,3050,22995,13056,13465,9811,0,0,8459,6031,15510,5236,3346
31/10/2019,5025,9523,3690,33123,8459,2120,4198,1148,3050,22995,13056,13465,9811,0,0,8459,6031,15510,5236,3346
01/11/2019,5025,9523,3690,33123,8459,2120,4198,1148,3050,23060,13067,13513,9811,0,0,8459,6031,15510,5236,3346
02/11/2019,5025,9523,3690,33123,8459,2120,4198,1148,3050,23060,13067,13513,9811,0,0,8459,6031,15510,5236,3346
03/11/2019,5025,9523,3690,33123,8459,2120,4198,1148,3050,23060,13067,13513,9811,0,0,8459,6031,15510,5236,3346
04/11/2019,5025,9523,3690,33123,8459,2120,4198,1148,3050,23060,13067,13513,9811,0,0,8459,6031,15510,5236,3346
05/11/2019,5025,9523,3690,33123,8459,2120,4198,1148,3050,23060,13067,13513,9811,0,0,8459,6031,15510,5236,3346
06/11/2019,5025,9523,3690,33123,8459,2120,4198,1148,3050,23060,13067,13513,9811,0,0,8459,6031,15510,5236,3346
07/11/2019,5025,9523,3690,33123,8459,2120,4198,1148,3050,23060,13067,13513,9811,0,0,8459,6031,15510,5236,3346
08/11/2019,5025,9523,3690,33123,8459,2120,4198,1148,3050,23060,13067,13513,9811,0,0,8459,6031,15510,5236,3346
09/11/2019,5025,9523,3690,33123,8459,2120,4198,1148,3050,23060,13067,13513,9811,0,0,8459,6031,15510,5236,3346
10/11/2019,5025,9523,3690,33123,8459,2120,4198,1148,3050,23060,13067,13513,9811,0,0,8459,6031,15510,5236,3346
11/11/2019,5025,9523,3690,33123,8459,2120,4198,1148,3050,23060,13067,13513,9811,0,0,8459,6031,15510,5236,3346
12/11/2019,5025,9523,3690,33123,8459,2120,4198,1148,3050,23060,13067,13513,9811,0,0,8459,6031,15510,5236,3346
13/11/2019,5025,9523,3690,33123,8459,2120,4198,1148,3050,23060,13067,13513,9811,0,0,8459,6031,15510,5236,3346
14/11/2019,5025,9523,3690,33123,8459,2120,4198,1148,3050,23060,13067,13513,9811,0,0,8459,6031,15510,5236,3346
15/11/2019,5025,9523,3690,33123,8459,2120,4198,1148,3050,23060,13067,13513,9811,0,0,8459,6031,15510,5236,3346
16/11/2019,5025,9523,3690,33123,8459,2120,4198,1148,3050,23060,13067,13513,9811,0,0,8459,6031,15510,5236,3346
17/11/2019,5025,9523,3690,33123,8459,2120,4198,1148,3050,23060,13067,13513,9811,0,0,8459,6031,15510,5236,3346
18/11/2019,5025,9523,3690,33123,8459,2120,4198,1148,3050,23060,13067,13513,9811,0,0,8459,6031,15510,5236,3346
19/11/2019,5025,9523,3690,33123,8459,2120,4198,1148,3050,23060,13067,13513,9811,0,0,8459,6031,15510,5236,3346
20/11/2019,5025,9523,3690,33123,8459,2120,4198,1148,3050,23060,13067,13513,9811,0,0,8459,6031,15510,5236,3346
21/11/2019,5025,9523,3690,33123,8459,2120,4198,1148,3050,23060,13067,13513,9811,0,0,8459,6031,15510,5236,3346
22/11/2019,5025,9523,3690,33123,8459,2120,4198,1148,3050,23060,13067,13513,9811,0,0,8459,6031,15510,5236,3346
23/11/2019,5025,9523,3690,33123,8459,2120,4198,1148,3050,23060,13067,13513,9811,0,0,8459,6031,15510,5236,3346
24/11/2019,5025,9523,3690,33123,8459,2120,4198,1148,3050,23060,13067,13513,9811,0,0,8459,6031,15510,5236,3346
25/11/2019,5025,9523,3690,33123,8459,2120,4198,1148,3050,23060,13067,13513,9811,0,0,8459,6031,15510,5236,3346
26/11/2019,5025,9523,3690,33123,8459,2120,4198,1148,3050,23060,13067,13513,9811,0,0,8459,6031,15510,5236,3346
27/11/2019,5025,9523,3690,33123,8459,2120,4198,1148,3050,23060,13067,13513,9811,0,0,8459,6031,15510,5236,3346
28/11/2019,5025,9523,3690,33123,8459,2120,4198,1148,3050,23060,13067,13513,9811,0,0,8459,6031,15510,5236,3346
29/11/2019,5025,9523,3690,33123,8459,2120,4198,1148,3050,23060,13067,13513,9811,0,0,8459,6031,15510,5236,3346
30/11/2019,5025,9523,3690,33123,8459,2120,4198,1148,3050,23060,13067,13513,9811,0,0,8459,6031,15510,5236,3346
01/12/2019,5025,9523,3690,33123,8459,2120,4198,1148,3050,23225,13089,13620,9811,0,0,8459,6031,15510,5236,3346
02/12/2019,5025,9523,3690,33123,8459,2120,4198,1148,3050,23225,13089,13620,9811,0,0,8459,6031,15510,5236,3346
03/12/2019,5025,9523,3690,33123,8459,2120,4198,1148,3050,23225,13089,13620,9811,0,0,8459,6031,15510,5236,3346
04/12/2019,5025,9523,3690,33123,8459,2120,4198,1148,3050,23225,13089,13620,9811,0,0,8459,6031,15510,5236,3346
05/12/2019,5025,9523,3690,33123,8459,2120,4198,1148,3050,23225,13089,13620,9811,0,0,8459,6031,15510,5236,3346
06/12/2019,5025,9523,3690,33123,8459,2120,4198,1148,3050,23225,13089,13620,9811,0,0,8459,6031,15510,5236,3346
07/12/2019,5025,9523,3690,33123,8459,2120,4198,1148,3050,23225,13089,13620,9811,0,0,8459,6031,15510,5236,3346
08/12/2019,5025,9523,3690,33123,8459,2120,4198,1148,3050,23225,13089,13620,9811,0,0,8459,6031,15510,5236,3346
09/12/2019,5025,9523,3690,33123,8459,2120,4198,1148,3050,23225,13089,13620,9811,0,0,8459,6031,15510,5236,3346
10/12/2019,5025,9523,3690,33123,8459,2120,4200,1150,3050,23225,13089,13620,9811,0,0,8459,6031,15510,5236,3346
11/12/2019,5025,9523,3690,33123,8459,2120,4200,1150,3050,23225,13089,13620,9811,0,0,8459,6031,15510,5236,3346
12/12/2019,5025,9523,3690,33123,8459,2120,4200,1150,3050,23225,13089,13620,9811,0,0,8459,6031,15510,5236,3346
13/12/2019,5025,9523,3690,33123,8459,2120,4200,1150,3050,23225,13089,13620,9811,0,0,8459,6031,15510,5236,3346
14/12/2019,5025,9523,3690,33123,8459,2120,4200,1150,3050,23225,13089,13620,9811,0,0,8459,6031,15510,5236,3346
15/12/2019,5025,9523,3690,33123,8459,2120,4200,1150,3050,23225,13089,13620,9811,0,0,8459,6031,15510,5236,3346
16/12/2019,5025,9523,3690,33123,8459,2120,4200,1150,3050,23225,13089,13620,9811,0,0,8459,6031,15510,5236,3346
17/12/2019,5025,9523,3690,33123,8459,2120,4200,1150,3050,23225,13089,13620,9811,0,0,8459,6031,15510,5236,3346
18/12/2019,5025,9523,3690,33123,8459,2120,4201,1151,3050,23225,13089,13620,9811,0,0,8459,6031,15510,5236,3346
19/12/2019,5025,9523,3690,33123,8459,2120,4201,1151,3050,23225,13089,13620,9811,0,0,8459,6031,15510,5236,3346
20/12/2019,5025,9523,3690,33123,8459,2120,4201,1151,3050,23225,13089,13620,9811,0,0,8459,6031,15510,5236,3346
21/12/2019,5025,9523,3690,33123,8459,2120,4201,1151,3050,23225,13089,13620,9811,0,0,8459,6031,15510,5236,3346
22/12/2019,5025,9523,3690,33123,8459,2120,4201,1151,3050,23225,13089,13620,9811,0,0,8459,6031,15510,5236,3346
23/12/2019,5025,9523,3690,33123,8459,2120,4201,1151,3050,23225,13089,13620,9811,0,0,8459,6031,15510,5236,3346
24/12/2019,5025,9523,3690,33123,8459,2120,4201,1151,3050,23225,13089,13620,9811,0,0,8459,6031,15510,5236,3346
25/12/2019,5025,9523,3690,33123,8459,2120,4201,1151,3050,23225,13089,13620,9811,0,0,8459,6031,15510,5236,3346
26/12/2019,5025,9523,3690,33123,8459,2120,4201,1151,3050,23225,13089,13620,9811,0,0,8459,6031,15510,5236,3346
27/12/2019,5025,9523,3690,33123,8459,2120,4201,1151,3050,23225,13089,13620,9811,0,0,8459,6031,15510,5236,3346
28/12/2019,5025,9523,3690,33123,8459,2120,4201,1151,3050,23225,13089,13620,9811,0,0,8459,6031,15510,5236,3346
29/12/2019,5025,9523,3690,33123,8459,2120,4201,1151,3050,23225,13089,13620,9811,0,0,8459,6031,15510,5236,3346
30/12/2019,5025,9523,3690,33123,8459,2120,4201,1151,3050,23225,13089,13620,9811,0,0,8459,6031,15510,5236,3346
31/12/2019,5025,9523,3690,33123,8459,2120,4201,1151,3050,23225,13089,13620,9811,0,0,8459,6031,15510,5236,3346
01/01/2020,5025,9523,3690,33123,8459,2120,4201,1151,3050,23324,13109,13688,9811,0,0,8459,6031,15510,5236,3346
02/01/2020,5025,9523,3690,33123,8459,2120,4201,1151,3050,23324,13109,13688,9811,0,0,8459,6031,15510,5236,3346
03/01/2020,5025,9523,3690,33123,8459,2120,4201,1151,3050,23324,13109,13688,9811,0,0,8459,6031,15510,5236,3346
04/01/2020,5025,9523,3690,33123,8459,2120,4201,1151,3050,23324,13109,13688,9811,0,0,8459,6031,15510,5236,3346
05/01/2020,5025,9523,3690,33123,8459,2120,4201,1151,3050,23324,13109,13688,9811,0,0,8459,6031,15510,5236,3346
06/01/2020,5025,9523,3690,33123,8459,2120,4201,1151,3050,23324,13109,13688,9811,0,0,8459,6031,15510,5236,3346
07/01/2020,5025,9523,3690,33123,8459,2120,4201,1151,3050,23324,13109,13688,9811,0,0,8459,6031,15510,5236,3346
08/01/2020,5025,9523,3690,33123,8459,2120,4201,1151,3050,23324,13109,13688,9811,0,0,8459,6031,15510,5236,3346
09/01/2020,5025,9523,3690,33123,8459,2120,4201,1151,3050,23324,13109,13688,9811,0,0,8459,6031,15510,5236,3346
10/01/2020,5025,9523,3690,33123,8459,2120,4201,1151,3050,23324,13109,13688,9811,0,0,8459,6031,15510,5236,3346
11/01/2020,5025,9523,3690,33123,8459,2120,4201,1151,3050,23324,13109,13688,9811,0,0,8459,6031,15510,5236,3346
12/01/2020,5025,9523,3690,33123,8459,2120,4201,1151,3050,23324,13109,13688,9811,0,0,8459,6031,15510,5236,3346
13/01/2020,5025,9523,3690,33123,8459,2120,4201,1151,3050,23324,13109,13688,9811,0,0,8459,6031,15510,5236,3346
14/01/2020,5025,9523,3690,33123,8459,2120,4201,1151,3050,23324,13109,13688,9811,0,0,8459,6031,15510,5236,3346
15/01/2020,5025,9523,3690,33123,8459,2120,4201,1151,3050,23324,13109,13688,9811,0,0,8459,6031,15510,5236,3346
16/01/2020,5025,9523,3690,33123,8459,2120,4201,1151,3050,23324,13109,13688,9811,0,0,8459,6031,15510,5236,3346
17/01/2020,5025,9523,3690,33123,8459,2120,4201,1151,3050,23324,13109,13688,9811,0,0,8459,6031,15510,5236,3346
18/01/2020,5025,9523,3690,33123,8459,2120,4201,1151,3050,23324,13109,13688,9811,0,0,8459,6031,15510,5236,3346
19/01/2020,5025,9523,3690,33123,8459,2120,4201,1151,3050,23324,13109,13688,9811,0,0,8459,6031,15510,5236,3346
20/01/2020,5025,9523,3690,33123,8459,2120,4201,1151,3050,23324,13109,13688,9811,0,0,8459,6031,15510,5236,3346
21/01/2020,5025,9523,3690,33123,8459,2120,4201,1151,3050,23324,13109,13688,9811,0,0,8459,6031,15510,5236,3346
22/01/2020,5025,9523,3690,33123,8459,2120,4201,1151,3050,23324,13109,13688,9811,0,0,8459,6031,15510,5236,3346
23/01/2020,5025,9523,3690,33123,8459,2120,4201,1151,3050,23324,13109,13688,9811,0,0,8459,6031,15510,5236,3346
24/01/2020,5025,9523,3690,33123,8459,2120,4201,1151,3050,23324,13109,13688,9811,0,0,8459,6031,15510,5236,3346
25/01/2020,5025,9523,3690,33123,8459,2120,4201,1151,3050,23324,13109,13688,9811,0,0,8459,6031,15510,5236,3346
26/01/2020,5025,9523,3690,33123,8459,2120,4201,1151,3050,23324,13109,13688,9811,0,0,8459,6031,15510,5236,3346
27/01/2020,5025,9523,3690,33123,8459,2120,4201,1151,3050,23324,13109,13688,9811,0,0,8459,6031,15510,5236,3346
28/01/2020,5025,9523,3690,33123,8459,2120,4201,1151,3050,23324,13109,13688,9811,0,0,8459,6031,15510,5236,3346
29/01/2020,5025,9523,3690,33123,8459,2120,4201,1151,3050,23324,13109,13688,9811,0,0,8459,6031,15510,5236,3346
30/01/2020,5025,9523,3690,33123,8459,2120,4201,1151,3050,23324,13109,13688,9811,0,0,8459,6031,15510,5236,3346
31/01/2020,5025,9523,3690,33123,8459,2096,4201,1151,3050,23324,13109,13688,9811,0,0,8459,6031,15510,5236,3346
01/02/2020,5025,9523,3690,33123,8459,2096,4201,1151,3050,23420,13134,13719,9811,0,0,8459,6031,15510,5236,3346
02/02/2020,5025,9523,3690,33123,8459,2096,4201,1151,3050,23420,13134,13719,9811,0,0,8459,6031,15510,5236,3346
03/02/2020,5025,9523,3690,33123,8459,2096,4201,1151,3050,23420,13134,13719,9811,0,0,8459,6031,15510,5236,3346
04/02/2020,5025,9523,3690,33123,8459,2096,4201,1151,3050,23420,13134,13719,9811,0,0,8459,6031,15510,5236,3346
05/02/2020,5025,9523,3690,33123,8459,2096,4201,1151,3050,23420,13134,13719,9811,0,0,8459,6031,15510,5236,3346
06/02/2020,5025,9523,3690,33123,8459,2096,4201,1151,3050,23420,13134,13719,9811,0,0,8459,6031,15510,5236,3346
07/02/2020,5025,9523,3690,33123,8459,2096,4201,1151,3050,23420,13134,13719,9811,0,0,8459,6031,15510,5236,3346
08/02/2020,5025,9523,3690,33123,8459,2096,4201,1151,3050,23420,13134,13719,9811,0,0,8459,6031,15510,5236,3346
09/02/2020,5025,9523,3690,33123,8459,2096,4201,1151,3050,23420,13134,13719,9811,0,0,8459,6031,15510,5236,3346
10/02/2020,5025,9523,3690,33123,8459,2096,4201,1151,3050,23420,13134,13719,9811,0,0,8459,6031,15510,5236,3346
11/02/2020,5025,9523,3690,33123,8459,2096,4201,1151,3050,23420,13134,13719,9811,0,0,8459,6031,15510,5236,3346
12/02/2020,5025,9523,3690,33123,8459,2096,4201,1151,3050,23420,13134,13719,9811,0,0,8459,6031,15510,5236,3346
13/02/2020,5025,9523,3690,33123,8459,2096,4201,1151,3050,23420,13134,13719,9811,0,0,8459,6031,15510,5236,3346
14/02/2020,5025,9523,3690,33123,8459,2096,4201,1151,3050,23420,13134,13719,9811,0,0,8459,6031,15510,5236,3346
15/02/2020,5025,9523,3690,33123,8459,2096,4201,1151,3050,23420,13134,13719,9811,0,0,8459,6031,15510,5236,3346
16/02/2020,5025,9523,3690,33123,8459,2096,4201,1151,3050,23420,13134,13719,9811,0,0,8459,6031,15510,5236,3346
17/02/2020,5025,9523,3690,33123,8459,2096,4201,1151,3050,23420,13134,13719,9811,0,0,8459,6031,15510,5236,3346
18/02/2020,5025,9523,3690,33123,8459,2096,4201,1151,3050,23420,13134,13719,9811,0,0,8459,6031,15510,5236,3346
19/02/2020,5025,9523,3690,33123,8459,2096,4201,1151,3050,23420,13134,13719,9811,0,0,8459,6031,15510,5236,3346
20/02/2020,5025,9523,3690,33123,8459,2096,4201,1151,3050,23420,13134,13719,9811,0,0,8459,6031,15510,5236,3346
21/02/2020,5025,9523,3690,33123,8459,2096,4201,1151,3050,23420,13134,13719,9811,0,0,8459,6031,15510,5236,3346
22/02/2020,5025,9523,3690,33123,8459,2096,4201,1151,3050,23420,13134,13719,9811,0,0,8459,6031,15510,5236,3346
23/02/2020,5025,9523,3690,33123,8459,2096,4201,1151,3050,23420,13134,13719,9811,0,0,8459,6031,15510,5236,3346
24/02/2020,5025,9523,3690,33123,8459,2096,4201,1151,3050,23420,13134,13719,9811,0,0,8459,6031,15510,5236,3346
25/02/2020,5025,9523,3690,33123,8459,2039,4201,1151,3050,23420,13134,13719,9811,0,0,8459,6031,15510,5236,3346
26/02/2020,5025,9523,3690,33123,8459,2039,4201,1151,3050,23420,13134,13719,9811,0,0,8459,6031,15510,5236,3346
27/02/2020,5025,9523,3690,33123,8459,2039,4201,1151,3050,23420,13134,13719,9811,0,0,8459,6031,15510,5236,3346
28/02/2020,5025,9523,3690,33123,8459,2039,4201,1151,3050,23420,13134,13719,9811,0,0,8459,6031,15510,5236,3346
29/02/2020,5025,9523,3690,33123,8459,2039,4201,1151,3050,23420,13134,13719,9811,0,0,8459,6031,15510,5236,3346
01/03/2020,5025,9523,3690,33123,8459,2039,4198,1148,3050,23615,13158,13666,9811,0,0,8459,6031,15510,5236,3346
02/03/2020,5025,9523,3690,33123,8459,2039,4198,1148,3050,23615,13158,13666,9811,0,0,8459,6031,15510,5236,3346
03/03/2020,5025,9523,3690,33123,8459,2039,4198,1148,3050,23615,13158,13666,9811,0,0,8459,6031,15510,5236,3346
04/03/2020,5025,9523,3690,33123,8459,2039,4198,1148,3050,23615,13158,13666,9811,0,0,8459,6031,15510,5236,3346
05/03/2020,5025,9523,3690,33123,8459,2039,4198,1148,3050,23615,13158,13666,9811,0,0,8459,6031,15510,5236,3346
06/03/2020,5025,9523,3690,33123,8459,2039,4198,1148,3050,23615,13158,13666,9811,0,0,8459,6031,15510,5236,3346
07/03/2020,5025,9523,3690,33123,8459,2039,4198,1148,3050,23615,13158,13666,9811,0,0,8459,6031,15510,5236,3346
08/03/2020,5025,9523,3690,33123,8459,2039,4198,1148,3050,23615,13158,13666,9811,0,0,8459,6031,15510,5236,3346
09/03/2020,5025,9523,3690,33123,8459,2039,4198,1148,3050,23615,13158,13666,9811,0,0,8459,6031,15510,5236,3346
10/03/2020,5025,9523,3690,33123,8459,2039,4198,1148,3050,23615,13158,13666,9811,0,0,8459,6031,15510,5236,3346
11/03/2020,5025,9523,3690,33123,8459,2039,4198,1148,3050,23615,13158,13666,9811,0,0,8459,6031,15510,5236,3346
12/03/2020,5025,9523,3690,33123,8459,2039,4198,1148,3050,23615,13158,13666,9811,0,0,8459,6031,15510,5236,3346
13/03/2020,5025,9523,3690,33123,8459,2039,4198,1148,3050,23615,13158,13666,9811,0,0,8459,6031,15510,5236,3346
14/03/2020,5025,9523,3690,33123,8459,2039,4198,1148,3050,23615,13158,13666,9811,0,0,8459,6031,15510,5236,3346
15/03/2020,5025,9523,3690,33123,8459,2039,4198,1148,3050,23615,13158,13666,9811,0,0,8459,6031,15510,5236,3346
16/03/2020,5025,9523,3690,33123,8459,2039,4198,1148,3050,23615,13158,13666,9811,0,0,8459,6031,15510,5236,3346
17/03/2020,5025,9523,3690,33123,8459,2039,4198,1148,3050,23615,13158,13666,9811,0,0,8459,6031,15510,5236,3346
18/03/2020,5025,9523,3690,33123,8459,2039,4200,1150,3050,23615,13158,13666,9811,0,0,8459,6031,15510,5236,3346
19/03/2020,5025,9523,3690,33123,8459,2039,4200,1150,3050,23615,13158,13666,9811,0,0,8459,6031,15510,5236,3346
20/03/2020,5025,9523,3690,33123,8459,2039,4200,1150,3050,23615,13158,13666,9811,0,0,8459,6031,15510,5236,3346
21/03/2020,5025,9523,3690,33123,8459,2039,4200,1150,3050,23615,13158,13666,9811,0,0,8459,6031,15510,5236,3346
22/03/2020,5025,9523,3690,33123,8459,2039,4200,1150,3050,23615,13158,13666,9811,0,0,8459,6031,15510,5236,3346
23/03/2020,5025,9523,3690,33123,8459,2039,4200,1150,3050,23615,13158,13666,9811,0,0,8459,6031,15510,5236,3346
24/03/2020,5025,9523,3690,33123,8459,2059,4200,1150,3050,23615,13158,13666,9811,0,0,8459,6031,15510,5236,3346
25/03/2020,5025,9523,3690,33123,8459,2059,4200,1150,3050,23615,13158,13666,9811,0,0,8459,6031,15510,5236,3346
26/03/2020,5025,9523,3690,33123,8459,2059,4200,1150,3050,23615,13158,13666,9811,0,0,8459,6031,15510,5236,3346
27/03/2020,5025,9523,3690,33123,8459,2059,4200,1150,3050,23615,13158,13666,9811,0,0,8459,6031,15510,5236,3346
28/03/2020,5025,9523,3690,33123,8459,2059,4200,1150,3050,23615,13158,13666,9811,0,0,8459,6031,15510,5236,3346
29/03/2020,5025,9523,3690,33123,8459,2059,4200,1150,3050,23615,13158,13666,9811,0,0,8459,6031,15510,5236,3346
30/03/2020,5025,9523,3690,33123,8459,2059,4200,1150,3050,23615,13158,13666,9811,0,0,8459,6031,15510,5236,3346
31/03/2020,5025,9523,3690,33123,5229,2041,4200,1150,3050,23615,13158,13666,9811,0,0,5229,6031,15510,5236,3346
01/04/2020,5025,9523,3690,33123,5229,2041,4200,1150,3050,23898,13180,13658,9811,0,0,5229,6031,15510,5236,3346
02/04/2020,5025,9523,3690,33123,5229,2041,4200,1150,3050,23898,13180,13658,9811,0,0,5229,6031,15510,5236,3346
03/04/2020,5025,9523,3690,33123,5229,2041,4200,1150,3050,23898,13180,13658,9811,0,0,5229,6031,15510,5236,3346
04/04/2020,5025,9523,3690,33123,5229,2041,4200,1150,3050,23898,13180,13658,9811,0,0,5229,6031,15510,5236,3346
05/04/2020,5025,9523,3690,33123,5229,2041,4200,1150,3050,23898,13180,13658,9811,0,0,5229,6031,15510,5236,3346
06/04/2020,5025,9523,3690,33123,5229,2041,4200,1150,3050,23898,13180,13658,9811,0,0,5229,6031,15510,5236,3346
07/04/2020,5025,9523,3690,33123,5229,2041,4200,1150,3050,23898,13180,13658,9811,0,0,5229,6031,15510,5236,3346
08/04/2020,5025,9523,3690,33123,5229,2041,4200,1150,3050,23898,13180,13658,9811,0,0,5229,6031,15510,5236,3346
09/04/2020,5025,9523,3690,33123,5229,2041,4200,1150,3050,23898,13180,13658,9811,0,0,5229,6031,15510,5236,3346
10/04/2020,5025,9523,3690,33123,5229,2041,4200,1150,3050,23898,13180,13658,9811,0,0,5229,6031,15510,5236,3346
11/04/2020,5025,9523,3690,33123,5229,2041,4200,1150,3050,23898,13180,13658,9811,0,0,5229,6031,15510,5236,3346
12/04/2020,5025,9523,3690,33123,5229,2041,4200,1150,3050,23898,13180,13658,9811,0,0,5229,6031,15510,5236,3346
13/04/2020,5025,9523,3690,33123,5229,2041,4200,1150,3050,23898,13180,13658,9811,0,0,5229,6031,15510,5236,3346
14/04/2020,5025,9523,3690,33123,5229,2041,4200,1150,3050,23898,13180,13658,9811,0,0,5229,6031,15510,5236,3346
15/04/2020,5025,9523,3690,33123,5229,2041,4200,1150,3050,23898,13180,13658,9811,0,0,5229,6031,15510,5236,3346
16/04/2020,5025,9523,3690,33123,5229,2041,4200,1150,3050,23898,13180,13658,9811,0,0,5229,6031,15510,5236,3346
17/04/2020,5025,9523,3690,33123,5229,2041,4200,1150,3050,23898,13180,13658,9811,0,0,5229,6031,15510,5236,3346
18/04/2020,5025,9523,3690,33123,5229,2041,4200,1150,3050,23898,13180,13658,9811,0,0,5229,6031,15510,5236,3346
19/04/2020,5025,9523,3690,33123,5229,2041,4200,1150,3050,23898,13180,13658,9811,0,0,5229,6031,15510,5236,3346
20/04/2020,5025,9523,3690,33123,5229,2041,4200,1150,3050,23898,13180,13658,9811,0,0,5229,6031,15510,5236,3346
21/04/2020,5025,9523,3690,33123,5229,2041,4200,1150,3050,23898,13180,13658,9811,0,0,5229,6031,15510,5236,3346
22/04/2020,5025,9523,3690,33123,5229,2041,4200,1150,3050,23898,13180,13658,9811,0,0,5229,6031,15510,5236,3346
23/04/2020,5025,9523,3690,33123,5229,2041,4200,1150,3050,23898,13180,13658,9811,0,0,5229,6031,15510,5236,3346
24/04/2020,5025,9523,3690,33123,5229,2041,4200,1150,3050,23898,13180,13658,9811,0,0,5229,6031,15510,5236,3346
25/04/2020,5025,9523,3690,33123,5229,2041,4200,1150,3050,23898,13180,13658,9811,0,0,5229,6031,15510,5236,3346
26/04/2020,5025,9523,3690,33123,5229,2041,4200,1150,3050,23898,13180,13658,9811,0,0,5229,6031,15510,5236,3346
27/04/2020,5025,9523,3690,33123,5229,2041,4200,1150,3050,23898,13180,13658,9811,0,0,5229,6031,15510,5236,3346
28/04/2020,5025,9523,3690,33123,5229,2041,4200,1150,3050,23898,13180,13658,9811,0,0,5229,6031,15510,5236,3346
29/04/2020,5025,9523,3690,33123,5229,2041,4200,1150,3050,23898,13180,13658,9811,0,0,5229,6031,15510,5236,3346
30/04/2020,5025,9523,3690,33123,5229,2041,4200,1150,3050,23898,13180,13658,9811,0,0,5229,6031,15510,5236,3346
01/05/2020,5025,9523,3690,33123,5229,2041,4200,1150,3050,24037,13187,13617,9811,0,0,5229,6031,15510,5236,3346
02/05/2020,5025,9523,3690,33123,5229,2041,4200,1150,3050,24037,13187,13617,9811,0,0,5229,6031,15510,5236,3346
03/05/2020,5025,9523,3690,33123,5229,2041,4200,1150,3050,24037,13187,13617,9811,0,0,5229,6031,15510,5236,3346
04/05/2020,5025,9523,3690,33123,5229,2041,4200,1150,3050,24037,13187,13617,9811,0,0,5229,6031,15510,5236,3346
05/05/2020,5025,9523,3690,33123,5229,2041,4200,1150,3050,24037,13187,13617,9811,0,0,5229,6031,15510,5236,3346
06/05/2020,5025,9523,3690,33123,5229,2041,4200,1150,3050,24037,13187,13617,9811,0,0,5229,6031,15510,5236,3346
07/05/2020,5025,9523,3690,33123,5229,2041,4200,1150,3050,24037,13187,13617,9811,0,0,5229,6031,15510,5236,3346
08/05/2020,5025,9523,3690,33123,5229,2041,4200,1150,3050,24037,13187,13617,9811,0,0,5229,6031,15510,5236,3346
09/05/2020,5025,9523,3690,33123,5229,2041,4200,1150,3050,24037,13187,13617,9811,0,0,5229,6031,15510,5236,3346
10/05/2020,5025,9523,3690,33123,5229,2041,4200,1150,3050,24037,13187,13617,9811,0,0,5229,6031,15510,5236,3346
11/05/2020,5025,9523,3690,33123,5229,2061,4200,1150,3050,24037,13187,13617,9811,0,0,5229,6031,15510,5236,3346
12/05/2020,5025,9523,3690,33123,5229,2061,4200,1150,3050,24037,13187,13617,9811,0,0,5229,6031,15510,5236,3346
13/05/2020,5025,9523,3690,33123,5229,2061,4200,1150,3050,24037,13187,13617,9811,0,0,5229,6031,15510,5236,3346
14/05/2020,5025,9523,3690,33123,5229,2061,4200,1150,3050,24037,13187,13617,9811,0,0,5229,6031,15510,5236,3346
15/05/2020,5025,9523,3690,33123,5229,2061,4200,1150,3050,24037,13187,13617,9811,0,0,5229,6031,15510,5236,3346
16/05/2020,5025,9523,3690,33123,5229,2061,4200,1150,3050,24037,13187,13617,9811,0,0,5229,6031,15510,5236,3346
17/05/2020,5025,9523,3690,33123,5229,2061,4200,1150,3050,24037,13187,13617,9811,0,0,5229,6031,15510,5236,3346
18/05/2020,5025,9523,3690,33123,5229,2061,4200,1150,3050,24037,13187,13617,9811,0,0,5229,6031,15510,5236,3346
19/05/2020,5025,9523,3690,33123,5229,2061,4200,1150,3050,24037,13187,13617,9811,0,0,5229,6031,15510,5236,3346
20/05/2020,5025,9523,3690,33123,5229,2061,4200,1150,3050,24037,13187,13617,9811,0,0,5229,6031,15510,5236,3346
21/05/2020,5025,9523,3690,33123,5229,2061,4200,1150,3050,24037,13187,13617,9811,0,0,5229,6031,15510,5236,3346
22/05/2020,5025,9523,3690,33123,5229,2061,4200,1150,3050,24037,13187,13617,9811,0,0,5229,6031,15510,5236,3346
23/05/2020,5025,9523,3690,33123,5229,2061,4200,1150,3050,24037,13187,13617,9811,0,0,5229,6031,15510,5236,3346
24/05/2020,5025,9523,3690,33123,5229,2061,4200,1150,3050,24037,13187,13617,9811,0,0,5229,6031,15510,5236,3346
25/05/2020,5025,9523,3690,33123,5229,2061,4200,1150,3050,24037,13187,13617,9811,0,0,5229,6031,15510,5236,3346
26/05/2020,5025,9523,3690,33123,5229,2061,4200,1150,3050,24037,13187,13617,9811,0,0,5229,6031,15510,5236,3346
27/05/2020,5025,9523,3690,33123,5229,2061,4200,1150,3050,24037,13187,13617,9811,0,0,5229,6031,15510,5236,3346
28/05/2020,5025,9523,3690,33123,5229,2061,4200,1150,3050,24037,13187,13617,9811,0,0,5229,6031,15510,5236,3346
29/05/2020,5025,9523,3690,33123,5229,2061,4200,1150,3050,24037,13187,13617,9811,0,0,5229,6031,15510,5236,3346
30/05/2020,5025,9523,3690,33123,5229,2061,4200,1150,3050,24037,13187,13617,9811,0,0,5229,6031,15510,5236,3346
31/05/2020,5025,9523,3690,33123,5229,2061,4200,1150,3050,24037,13187,13617,9811,0,0,5229,6031,15510,5236,3346
01/06/2020,5025,9523,3690,33123,5229,2061,4198,1148,3050,24083,13194,13577,9811,0,0,5229,6031,15510,5236,3346
02/06/2020,5025,9523,3690,33123,5229,2061,4198,1148,3050,24083,13194,13577,9811,0,0,5229,6031,15510,5236,3346
03/06/2020,5025,9523,3690,33123,5229,2061,4198,1148,3050,24083,13194,13577,9811,0,0,5229,6031,15510,5236,3346
04/06/2020,5025,9523,3690,33123,5229,2061,4198,1148,3050,24083,13194,13577,9811,0,0,5229,6031,15510,5236,3346
05/06/2020,5025,9523,3690,33123,5229,2061,4198,1148,3050,24083,13194,13577,9811,0,0,5229,6031,15510,5236,3346
06/06/2020,5025,9523,3690,33123,5229,2061,4198,1148,3050,24083,13194,13577,9811,0,0,5229,6031,15510,5236,3346
07/06/2020,5025,9523,3690,33123,5229,2061,4198,1148,3050,24083,13194,13577,9811,0,0,5229,6031,15510,5236,3346
08/06/2020,5025,9523,3690,33123,5229,2061,4198,1148,3050,24083,13194,13577,9811,0,0,5229,6031,15510,5236,3346
09/06/2020,5025,9523,3690,33123,5229,2061,4198,1148,3050,24083,13194,13577,9811,0,0,5229,6031,15510,5236,3346
10/06/2020,5025,9523,3690,33123,5229,2061,4198,1148,3050,24083,13194,13577,9811,0,0,5229,6031,15510,5236,3346
11/06/2020,5025,9523,3690,33123,5229,2061,4198,1148,3050,24083,13194,13577,9811,0,0,5229,6031,15510,5236,3346
12/06/2020,5025,9523,3690,33123,5229,2061,4198,1148,3050,24083,13194,13577,9811,0,0,5229,6031,15510,5236,3346
13/06/2020,5025,9523,3690,33123,5229,2061,4198,1148,3050,24083,13194,13577,9811,0,0,5229,6031,15510,5236,3346
14/06/2020,5025,9523,3690,33123,5229,2061,4198,1148,3050,24083,13194,13577,9811,0,0,5229,6031,15510,5236,3346
15/06/2020,5025,9523,3690,33123,5229,2061,4198,1148,3050,24083,13194,13577,9811,0,0,5229,6031,15510,5236,3346
16/06/2020,5025,9523,3690,33123,5229,2061,4198,1148,3050,24083,13194,13577,9811,0,0,5229,6031,15510,5236,3346
17/06/2020,5025,9523,3690,33123,5229,2061,4198,1148,3050,24083,13194,13577,9811,0,0,5229,6031,15510,5236,3346
18/06/2020,5025,9523,3690,33123,5229,2061,4198,1148,3050,24083,13194,13577,9811,0,0,5229,6031,15510,5236,3346
19/06/2020,5025,9523,3690,33123,5229,2061,4198,1148,3050,24083,13194,13577,9811,0,0,5229,6031,15510,5236,3346
20/06/2020,5025,9523,3690,33123,5229,2061,4198,1148,3050,24083,13194,13577,9811,0,0,5229,6031,15510,5236,3346
21/06/2020,5025,9523,3690,33123,5229,2061,4198,1148,3050,24083,13194,13577,9811,0,0,5229,6031,15510,5236,3346
22/06/2020,5025,9523,3690,33123,5229,2061,4198,1148,3050,24083,13194,13577,9811,0,0,5229,6031,15510,5236,3346
23/06/2020,5025,9523,3690,33123,5229,2061,4198,1148,3050,24083,13194,13577,9811,0,0,5229,6031,15510,5236,3346
24/06/2020,5025,9523,3690,33123,5229,2061,4201,1151,3050,24083,13194,13577,9811,0,0,5229,6031,15510,5236,3346
25/06/2020,5025,9523,3690,33123,5229,2061,4201,1151,3050,24083,13194,13577,9811,0,0,5229,6031,15510,5236,3346
26/06/2020,5025,9523,3690,33123,5229,2061,4201,1151,3050,24083,13194,13577,9811,0,0,5229,6031,15510,5236,3346
27/06/2020,5025,9523,3690,33123,5229,2061,4201,1151,3050,24083,13194,13577,9811,0,0,5229,6031,15510,5236,3346
28/06/2020,5025,9523,3690,33123,5229,2061,4201,1151,3050,24083,13194,13577,9811,0,0,5229,6031,15510,5236,3346
29/06/2020,5025,9523,3690,33123,5229,2061,4201,1151,3050,24083,13194,13577,9811,0,0,5229,6031,15510,5236,3346
30/06/2020,5025,9523,3690,33123,5229,2061,4201,1151,3050,24083,13194,13577,9811,0,0,5229,6031,15510,5236,3346
01/07/2020,5025,9523,3690,33123,5229,2061,4201,1151,3050,24217,13203,13585,9811,0,0,5229,6031,15510,5236,3346
02/07/2020,5025,9523,3690,33123,5229,2061,4201,1151,3050,24217,13203,13585,9811,0,0,5229,6031,15510,5236,3346
03/07/2020,5025,9523,3690,33123,5229,2061,4201,1151,3050,24217,13203,13585,9811,0,0,5229,6031,15510,5236,3346
04/07/2020,5025,9523,3690,33123,5229,2061,4201,1151,3050,24217,13203,13585,9811,0,0,5229,6031,15510,5236,3346
05/07/2020,5025,9523,3690,33123,5229,2061,4201,1151,3050,24217,13203,13585,9811,0,0,5229,6031,15510,5236,3346
06/07/2020,5025,9523,3690,33123,5229,2061,4201,1151,3050,24217,13203,13585,9811,0,0,5229,6031,15510,5236,3346
07/07/2020,5025,9523,3690,33123,5229,2061,4201,1151,3050,24217,13203,13585,9811,0,0,5229,6031,15510,5236,3346
08/07/2020,5025,9523,3690,33123,5229,2061,4201,1151,3050,24217,13203,13585,9811,0,0,5229,6031,15510,5236,3346
09/07/2020,5025,9523,3690,33123,5229,2061,4201,1151,3050,24217,13203,13585,9811,0,0,5229,6031,15510,5236,3346
10/07/2020,5025,9523,3690,33123,5229,2061,4201,1151,3050,24217,13203,13585,9811,0,0,5229,6031,15510,5236,3346
11/07/2020,5025,9523,3690,33123,5229,2061,4201,1151,3050,24217,13203,13585,9811,0,0,5229,6031,15510,5236,3346
12/07/2020,5025,9523,3690,33123,5229,2061,4201,1151,3050,24217,13203,13585,9811,0,0,5229,6031,15510,5236,3346
13/07/2020,5025,9523,3690,33123,5229,2061,4201,1151,3050,24217,13203,13585,9811,0,0,5229,6031,15510,5236,3346
14/07/2020,5025,9523,3690,33123,5229,2061,4201,1151,3050,24217,13203,13585,9811,0,0,5229,6031,15510,5236,3346
15/07/2020,5025,9523,3690,33123,5229,2061,4201,1151,3050,24217,13203,13585,9811,0,0,5229,6031,15510,5236,3346
16/07/2020,5025,9523,3690,33123,5229,2061,4201,1151,3050,24217,13203,13585,9811,0,0,5229,6031,15510,5236,3346
17/07/2020,5025,9523,3690,33123,5229,2061,4201,1151,3050,24217,13203,13585,9811,0,0,5229,6031,15510,5236,3346
18/07/2020,5025,9523,3690,33123,5229,2061,4201,1151,3050,24217,13203,13585,9811,0,0,5229,6031,15510,5236,3346
19/07/2020,5025,9523,3690,33123,5229,2061,4201,1151,3050,24217,13203,13585,9811,0,0,5229,6031,15510,5236,3346
20/07/2020,5025,9523,3690,33123,5229,2061,4201,1151,3050,24217,13203,13585,9811,0,0,5229,6031,15510,5236,3346
21/07/2020,5025,9523,3690,33123,5229,2061,4201,1151,3050,24217,13203,13585,9811,0,0,5229,6031,15510,5236,3346
22/07/2020,5025,9523,3690,33123,5229,2061,4201,1151,3050,24217,13203,13585,9811,0,0,5229,6031,15510,5236,3346
23/07/2020,5025,9523,3690,33123,5229,2061,4201,1151,3050,24217,13203,13585,9811,0,0,5229,6031,15510,5236,3346
24/07/2020,5025,9523,3690,33123,5229,2061,4201,1151,3050,24217,13203,13585,9811,0,0,5229,6031,15510,5236,3346
25/07/2020,5025,9523,3690,33123,5229,2061,4201,1151,3050,24217,13203,13585,9811,0,0,5229,6031,15510,5236,3346
26/07/2020,5025,9523,3690,33123,5229,2061,4201,1151,3050,24217,13203,13585,9811,0,0,5229,6031,15510,5236,3346
27/07/2020,5025,9523,3690,33123,5229,2061,4201,1151,3050,24217,13203,13585,9811,0,0,5229,6031,15510,5236,3346
28/07/2020,5025,9523,3690,33123,5229,2061,4201,1151,3050,24217,13203,13585,9811,0,0,5229,6031,15510,5236,3346
29/07/2020,5025,9523,3690,33123,5229,2061,4201,1151,3050,24217,13203,13585,9811,0,0,5229,6031,15510,5236,3346
30/07/2020,5025,9523,3690,33123,5229,2061,4201,1151,3050,24217,13203,13585,9811,0,0,5229,6031,15510,5236,3346
31/07/2020,5025,9523,3690,33123,5229,2061,4201,1151,3050,24217,13203,13585,9811,0,0,5229,6031,15510,5236,3346
01/08/2020,5025,9523,3690,33123,5229,2061,4201,1151,3050,24300,13242,13563,9811,0,0,5229,6031,15510,5236,3346
02/08/2020,5025,9523,3690,33123,5229,2061,4201,1151,3050,24300,13242,13563,9811,0,0,5229,6031,15510,5236,3346
03/08/2020,5025,9523,3690,33123,5229,2061,4201,1151,3050,24300,13242,13563,9811,0,0,5229,6031,15510,5236,3346
04/08/2020,5025,9523,3690,33123,5229,2061,4201,1151,3050,24300,13242,13563,9811,0,0,5229,6031,15510,5236,3346
05/08/2020,5025,9523,3690,33123,5229,2061,4201,1151,3050,24300,13242,13563,9811,0,0,5229,6031,15510,5236,3346
06/08/2020,5025,9523,3690,33123,5229,2061,4201,1151,3050,24300,13242,13563,9811,0,0,5229,6031,15510,5236,3346
07/08/2020,5025,9523,3690,33123,5229,2061,4201,1151,3050,24300,13242,13563,9811,0,0,5229,6031,15510,5236,3346
08/08/2020,5025,9523,3690,33123,5229,2061,4201,1151,3050,24300,13242,13563,9811,0,0,5229,6031,15510,5236,3346
09/08/2020,5025,9523,3690,33123,5229,2061,4201,1151,3050,24300,13242,13563,9811,0,0,5229,6031,15510,5236,3346
10/08/2020,5025,9523,3690,33123,5229,2061,4201,1151,3050,24300,13242,13563,9811,0,0,5229,6031,15510,5236,3346
11/08/2020,5025,9523,3690,33123,5229,2061,4201,1151,3050,24300,13242,13563,9811,0,0,5229,6031,15510,5236,3346
12/08/2020,5025,9523,3690,33123,5229,2061,4201,1151,3050,24300,13242,13563,9811,0,0,5229,6031,15510,5236,3346
13/08/2020,5025,9523,3690,33123,5229,2061,4201,1151,3050,24300,13242,13563,9811,0,0,5229,6031,15510,5236,3346
14/08/2020,5025,9523,3690,33123,5229,2061,4201,1151,3050,24300,13242,13563,9811,0,0,5229,6031,15510,5236,3346
15/08/2020,5025,9523,3690,33123,5229,2061,4201,1151,3050,24300,13242,13563,9811,0,0,5229,6031,15510,5236,3346
16/08/2020,5025,9523,3690,33123,5229,2061,4201,1151,3050,24300,13242,13563,9811,0,0,5229,6031,15510,5236,3346
17/08/2020,5025,9523,3690,33123,5229,2061,4201,1151,3050,24300,13242,13563,9811,0,0,5229,6031,15510,5236,3346
18/08/2020,5025,9523,3690,33123,5229,2061,4201,1151,3050,24300,13242,13563,9811,0,0,5229,6031,15510,5236,3346
19/08/2020,5025,9523,3690,33123,5229,2061,4201,1151,3050,24300,13242,13563,9811,0,0,5229,6031,15510,5236,3346
20/08/2020,5025,9523,3690,33123,5229,2061,4201,1151,3050,24300,13242,13563,9811,0,0,5229,6031,15510,5236,3346
21/08/2020,5025,9523,3690,33123,5229,2061,4201,1151,3050,24300,13242,13563,9811,0,0,5229,6031,15510,5236,3346
22/08/2020,5025,9523,3690,33123,5229,2061,4201,1151,3050,24300,13242,13563,9811,0,0,5229,6031,15510,5236,3346
23/08/2020,5025,9523,3690,33123,5229,2061,4201,1151,3050,24300,13242,13563,9811,0,0,5229,6031,15510,5236,3346
24/08/2020,5025,9523,3690,33123,5229,2061,4201,1151,3050,24300,13242,13563,9811,0,0,5229,6031,15510,5236,3346
25/08/2020,5025,9523,3690,33123,5229,2061,4201,1151,3050,24300,13242,13563,9811,0,0,5229,6031,15510,5236,3346
26/08/2020,5025,9523,3690,33123,5229,2061,4201,1151,3050,24300,13242,13563,9811,0,0,5229,6031,15510,5236,3346
27/08/2020,5025,9523,3690,33123,5229,2061,4201,1151,3050,24300,13242,13563,9811,0,0,5229,6031,15510,5236,3346
28/08/2020,5025,9523,3690,33123,5229,2061,4201,1151,3050,24300,13242,13563,9811,0,0,5229,6031,15510,5236,3346
29/08/2020,5025,9523,3690,33123,5229,2061,4201,1151,3050,24300,13242,13563,9811,0,0,5229,6031,15510,5236,3346
30/08/2020,5025,9523,3690,33123,5229,2061,4201,1151,3050,24300,13242,13563,9811,0,0,5229,6031,15510,5236,3346
31/08/2020,5025,9523,3690,33123,5229,2061,4201,1151,3050,24300,13242,13563,9811,0,0,5229,6031,15510,5236,3346
01/09/2020,5025,9523,3690,33123,5229,2061,5179,2129,3050,24295,13274,13560,9811,0,0,5229,6031,15510,5236,3346
02/09/2020,5025,9523,3690,33123,5229,2061,5179,2129,3050,24295,13274,13560,9811,0,0,5229,6031,15510,5236,3346
03/09/2020,5025,9523,3690,33123,5229,2061,5179,2129,3050,24295,13274,13560,9811,0,0,5229,6031,15510,5236,3346
04/09/2020,5025,9523,3690,33123,5229,2061,5179,2129,3050,24295,13274,13560,9811,0,0,5229,6031,15510,5236,3346
05/09/2020,5025,9523,3690,33123,5229,2061,5179,2129,3050,24295,13274,13560,9811,0,0,5229,6031,15510,5236,3346
06/09/2020,5025,9523,3690,33123,5229,2061,5179,2129,3050,24295,13274,13560,9811,0,0,5229,6031,15510,5236,3346
07/09/2020,5025,9523,3690,33123,5229,2061,5179,2129,3050,24295,13274,13560,9811,0,0,5229,6031,15510,5236,3346
08/09/2020,5025,9523,3690,33123,5229,2061,5179,2129,3050,24295,13274,13560,9811,0,0,5229,6031,15510,5236,3346
09/09/2020,5025,9523,3690,33123,5229,2061,5179,2129,3050,24295,13274,13560,9811,0,0,5229,6031,15510,5236,3346
10/09/2020,5025,9523,3690,33123,5229,2061,5179,2129,3050,24295,13274,13560,9811,0,0,5229,6031,15510,5236,3346
11/09/2020,5025,9523,3690,33123,5229,2061,5179,2129,3050,24295,13274,13560,9811,0,0,5229,6031,15510,5236,3346
12/09/2020,5025,9523,3690,33123,5229,2061,5179,2129,3050,24295,13274,13560,9811,0,0,5229,6031,15510,5236,3346
13/09/2020,5025,9523,3690,33123,5229,2061,5179,2129,3050,24295,13274,13560,9811,0,0,5229,6031,15510,5236,3346
14/09/2020,5025,9523,3690,33123,5229,2061,5179,2129,3050,24295,13274,13560,9811,0,0,5229,6031,15510,5236,3346
15/09/2020,5025,9523,3690,33123,5229,2061,5179,2129,3050,24295,13274,13560,9811,0,0,5229,6031,15510,5236,3346
16/09/2020,5025,9523,3690,33123,5229,2061,5179,2129,3050,24295,13274,13560,9811,0,0,5229,6031,15510,5236,3346
17/09/2020,5025,9523,3690,33123,5229,2061,5179,2129,3050,24295,13274,13560,9811,0,0,5229,6031,15510,5236,3346
18/09/2020,5025,9523,3690,33123,5229,2061,5179,2129,3050,24295,13274,13560,9811,0,0,5229,6031,15510,5236,3346
19/09/2020,5025,9523,3690,33123,5229,2061,5179,2129,3050,24295,13274,13560,9811,0,0,5229,6031,15510,5236,3346
20/09/2020,5025,9523,3690,33123,5229,2061,5179,2129,3050,24295,13274,13560,9811,0,0,5229,6031,15510,5236,3346
21/09/2020,5025,9523,3690,33123,5229,2061,5179,2129,3050,24295,13274,13560,9811,0,0,5229,6031,15510,5236,3346
22/09/2020,5025,9523,3690,33123,5229,2061,5179,2129,3050,24295,13274,13560,9811,0,0,5229,6031,15510,5236,3346
23/09/2020,5025,9523,3690,33123,5229,2061,5179,2129,3050,24295,13274,13560,9811,0,0,5229,6031,15510,5236,3346
24/09/2020,5025,9523,3690,33123,5229,2061,5179,2129,3050,24295,13274,13560,9811,0,0,5229,6031,15510,5236,3346
25/09/2020,5025,9523,3690,33123,5229,2061,5179,2129,3050,24295,13274,13560,9811,0,0,5229,6031,15510,5236,3346
26/09/2020,5025,9523,3690,33123,5229,2061,5179,2129,3050,24295,13274,13560,9811,0,0,5229,6031,15510,5236,3346
27/09/2020,5025,9523,3690,33123,5229,2061,5179,2129,3050,24295,13274,13560,9811,0,0,5229,6031,15510,5236,3346
28/09/2020,5025,9523,3690,33123,5229,2061,5179,2129,3050,24295,13274,13560,9811,0,0,5229,6031,15510,5236,3346
29/09/2020,5025,9523,3690,32871,5229,2061,5179,2129,3050,24295,13274,13560,9811,0,0,5229,6031,15258,5236,3346
30/09/2020,5025,9523,3690,32871,5229,2061,5181,2131,3050,24295,13274,13560,9811,0,0,5229,6031,15258,5236,3346
01/10/2020,5025,9523,3690,32871,5229,2061,5181,2131,3050,24297,13299,13562,9811,0,0,5229,6031,15258,5236,3346
02/10/2020,5025,9523,3690,32871,5229,2061,5181,2131,3050,24297,13299,13562,9811,0,0,5229,6031,15258,5236,3346
03/10/2020,5025,9523,3690,32871,5229,2061,5181,2131,3050,24297,13299,13562,9811,0,0,5229,6031,15258,5236,3346
04/10/2020,5025,9523,3690,32871,5229,2061,5181,2131,3050,24297,13299,13562,9811,0,0,5229,6031,15258,5236,3346
05/10/2020,5025,9523,3690,32871,5229,2061,5181,2131,3050,24297,13299,13562,9811,0,0,5229,6031,15258,5236,3346
06/10/2020,5025,9523,3690,32871,5229,2061,5181,2131,3050,24297,13299,13562,10223,0,0,5229,6031,15258,5236,3346
07/10/2020,5025,9523,3690,32871,5229,2061,5181,2131,3050,24297,13299,13562,10223,0,0,5229,6031,15258,5236,3346
08/10/2020,5025,9523,3690,32871,5229,2061,5181,2131,3050,24297,13299,13562,10223,0,0,5229,6031,15258,5236,3346
09/10/2020,5025,9523,3690,32871,5229,2101,5181,2131,3050,24297,13299,13562,10223,0,0,5229,6031,15258,5236,3346
10/10/2020,5025,9523,3690,32871,5229,2101,5181,2131,3050,24297,13299,13562,10223,0,0,5229,6031,15258,5236,3346
11/10/2020,5025,9523,3690,32871,5229,2101,5181,2131,3050,24297,13299,13562,10223,0,0,5229,6031,15258,5236,3346
12/10/2020,5025,9523,3690,32871,5229,2101,5181,2131,3050,24297,13299,13562,10223,0,0,5229,6031,15258,5236,3346
13/10/2020,5025,9523,3690,32871,5229,2101,5181,2131,3050,24297,13299,13562,10223,0,0,5229,6031,15258,5236,3346
14/10/2020,5025,9523,3690,32871,5229,2101,5181,2131,3050,24297,13299,13562,10223,0,0,5229,6031,15258,5236,3346
15/10/2020,5025,9523,3690,32871,5229,2101,5181,2131,3050,24297,13299,13562,10223,0,0,5229,6031,15258,5236,3346
16/10/2020,5025,9523,3690,32871,5229,2101,5181,2131,3050,24297,13299,13562,10223,0,0,5229,6031,15258,5236,3346
17/10/2020,5025,9523,3690,32871,5229,2101,5181,2131,3050,24297,13299,13562,10223,0,0,5229,6031,15258,5236,3346
18/10/2020,5025,9523,3690,32871,5229,2101,5181,2131,3050,24297,13299,13562,10223,0,0,5229,6031,15258,5236,3346
19/10/2020,5025,9523,3690,32871,5229,2101,5181,2131,3050,24297,13299,13562,10223,0,0,5229,6031,15258,5236,3346
20/10/2020,5025,9523,3690,32871,5229,2101,5181,2131,3050,24297,13299,13562,10223,0,0,5229,6031,15258,5236,3346
21/10/2020,5025,9523,3690,32871,5229,2101,5181,2131,3050,24297,13299,13562,10223,0,0,5229,6031,15258,5236,3346
22/10/2020,5025,9523,3690,32871,5229,2101,5181,2131,3050,24297,13299,13562,10223,0,0,5229,6031,15258,5236,3346
23/10/2020,5025,9523,3690,32871,5229,2101,5181,2131,3050,24297,13299,13562,10223,0,0,5229,6031,15258,5236,3346
24/10/2020,5025,9523,3690,32871,5229,2101,5181,2131,3050,24297,13299,13562,10223,0,0,5229,6031,15258,5236,3346
25/10/2020,5025,9523,3690,32871,5229,2101,5181,2131,3050,24297,13299,13562,10223,0,0,5229,6031,15258,5236,3346
26/10/2020,5025,9523,3690,32871,5229,2101,5181,2131,3050,24297,13299,13562,10223,0,0,5229,6031,15258,5236,3346
27/10/2020,5025,9523,3690,32871,5229,2101,5181,2131,3050,24297,13299,13562,10223,0,0,5229,6031,15258,5236,3346
28/10/2020,5025,9523,3690,32871,5229,2101,5181,2131,3050,24297,13299,13562,10223,0,0,5229,6031,15258,5236,3346
29/10/2020,5025,9523,3690,32871,5229,2101,5181,2131,3050,24297,13299,13562,10223,0,0,5229,6031,15258,5236,3346
30/10/2020,5025,9523,3690,32871,5229,2101,5181,2131,3050,24297,13299,13562,10223,0,0,5229,6031,15258,5236,3346
31/10/2020,5025,9523,3690,32871,5229,2101,5181,2131,3050,24297,13299,13562,10223,0,0,5229,6031,15258,5236,3346
01/11/2020,5025,9523,3690,32871,5229,2101,5181,2131,3050,24441,13325,13650,10223,0,0,5229,6031,15258,5236,3346
02/11/2020,5025,9523,3690,32871,5229,2101,5181,2131,3050,24441,13325,13650,10223,0,0,5229,6031,15258,5236,3346
03/11/2020,5025,9523,3690,32871,5229,2101,5181,2131,3050,24441,13325,13650,10223,0,0,5229,6031,15258,5236,3346
04/11/2020,5025,9523,3690,32871,5229,2101,5181,2131,3050,24441,13325,13650,10223,0,0,5229,6031,15258,5236,3346
05/11/2020,5025,9523,3690,32871,5229,2101,5181,2131,3050,24441,13325,13650,10223,0,0,5229,6031,15258,5236,3346
06/11/2020,5025,9523,3690,32871,5229,2101,5181,2131,3050,24441,13325,13650,10223,0,0,5229,6031,15258,5236,3346
07/11/2020,5025,9523,3690,32871,5229,2101,5181,2131,3050,24441,13325,13650,10223,0,0,5229,6031,15258,5236,3346
08/11/2020,5025,9523,3690,32871,5229,2101,5181,2131,3050,24441,13325,13650,10223,0,0,5229,6031,15258,5236,3346
09/11/2020,5025,9523,3690,32871,5229,2101,5181,2131,3050,24441,13325,13650,10223,0,0,5229,6031,15258,5236,3346
10/11/2020,5025,9523,3690,32871,5229,2101,5181,2131,3050,24441,13325,13650,10223,0,0,5229,6031,15258,5236,3346
11/11/2020,5025,9523,3690,32871,5229,2101,5181,2131,3050,24441,13325,13650,10223,0,0,5229,6031,15258,5236,3346
12/11/2020,5025,9523,3690,32871,5229,2101,5181,2131,3050,24441,13325,13650,10223,0,0,5229,6031,15258,5236,3346
13/11/2020,5025,9523,3690,32871,5229,2101,5181,2131,3050,24441,13325,13650,10223,0,0,5229,6031,15258,5236,3346
14/11/2020,5025,9523,3690,32871,5229,2101,5181,2131,3050,24441,13325,13650,10223,0,0,5229,6031,15258,5236,3346
15/11/2020,5025,9523,3690,32871,5229,2101,5181,2131,3050,24441,13325,13650,10223,0,0,5229,6031,15258,5236,3346
16/11/2020,5025,9523,3690,32871,5229,2101,5181,2131,3050,24441,13325,13650,10223,0,0,5229,6031,15258,5236,3346
17/11/2020,5025,9523,3690,32871,5229,2101,5181,2131,3050,24441,13325,13650,10223,0,0,5229,6031,15258,5236,3346
18/11/2020,5025,9523,3690,32871,5229,2101,5181,2131,3050,24441,13325,13650,10223,0,0,5229,6031,15258,5236,3346
19/11/2020,5025,9523,3690,32871,5229,2101,5181,2131,3050,24441,13325,13650,10223,0,0,5229,6031,15258,5236,3346
20/11/2020,5025,9523,3690,32871,5229,2101,5181,2131,3050,24441,13325,13650,10223,0,0,5229,6031,15258,5236,3346
21/11/2020,5025,9523,3690,32871,5229,2101,5181,2131,3050,24441,13325,13650,10223,0,0,5229,6031,15258,5236,3346
22/11/2020,5025,9523,3690,32871,5229,2101,5181,2131,3050,24441,13325,13650,10223,0,0,5229,6031,15258,5236,3346
23/11/2020,5025,9523,3690,32871,5229,2101,5181,2131,3050,24441,13325,13650,10223,0,0,5229,6031,15258,5236,3346
24/11/2020,5025,9523,3690,33761,5229,2101,5181,2131,3050,24441,13325,13650,10223,0,0,5229,6031,15258,5236,4236
25/11/2020,5025,9523,3690,33761,5229,2101,5181,2131,3050,24441,13325,13650,10223,0,0,5229,6031,15258,5236,4236
26/11/2020,5025,9523,3690,33761,5229,2101,5181,2131,3050,24441,13325,13650,10223,0,0,5229,6031,15258,5236,4236
27/11/2020,5025,9523,3690,33761,5229,2101,5181,2131,3050,24441,13325,13650,10223,0,0,5229,6031,15258,5236,4236
28/11/2020,5025,9523,3690,33761,5229,2101,5181,2131,3050,24441,13325,13650,10223,0,0,5229,6031,15258,5236,4236
29/11/2020,5025,9523,3690,33761,5229,2101,5181,2131,3050,24441,13325,13650,10223,0,0,5229,6031,15258,5236,4236
30/11/2020,5025,9523,3690,33761,5229,2101,5181,2131,3050,24441,13325,13650,10223,0,0,5229,6031,15258,5236,4236
01/12/2020,5025,9543,3690,33761,5095,2101,4201,1151,3050,24394,13353,13634,10223,0,0,5095,6031,15258,5236,4236
02/12/2020,5025,9543,3690,33761,5095,2101,4201,1151,3050,24394,13353,13634,10223,0,0,5095,6031,15258,5236,4236
03/12/2020,5025,9543,3690,33761,5095,2101,4201,1151,3050,24394,13353,13634,10223,0,0,5095,6031,15258,5236,4236
04/12/2020,5025,9543,3690,33761,5095,2101,4201,1151,3050,24394,13353,13634,10223,0,0,5095,6031,15258,5236,4236
05/12/2020,5025,9543,3690,33761,5095,2101,4201,1151,3050,24394,13353,13634,10223,0,0,5095,6031,15258,5236,4236
06/12/2020,5025,9543,3690,33761,5095,2101,4201,1151,3050,24394,13353,13634,10223,0,0,5095,6031,15258,5236,4236
07/12/2020,5025,9543,3690,33761,5095,2101,4201,1151,3050,24394,13353,13634,10223,0,0,5095,6031,15258,5236,4236
08/12/2020,5025,9543,3690,33761,5095,2101,4201,1151,3050,24394,13353,13634,10223,0,0,5095,6031,15258,5236,4236
09/12/2020,5025,9543,3690,33761,5095,2121,4201,1151,3050,24394,13353,13634,10635,0,0,5095,6031,15258,5236,4236
10/12/2020,5025,9543,3690,33761,5095,2121,4201,1151,3050,24394,13353,13634,10635,0,0,5095,6031,15258,5236,4236
11/12/2020,5025,9543,3690,33761,5095,2121,4201,1151,3050,24394,13353,13634,10635,0,0,5095,6031,15258,5236,4236
12/12/2020,5025,9543,3690,33761,5095,2121,4201,1151,3050,24394,13353,13634,10635,0,0,5095,6031,15258,5236,4236
13/12/2020,5025,9543,3690,33761,5095,2121,4201,1151,3050,24394,13353,13634,10635,0,0,5095,6031,15258,5236,4236
14/12/2020,5025,9543,3690,33761,5095,2121,4201,1151,3050,24394,13353,13634,10635,0,0,5095,6031,15258,5236,4236
15/12/2020,5025,9543,3690,33761,5095,2121,4201,1151,3050,24394,13353,13634,10635,0,0,5095,6031,15258,5236,4236
16/12/2020,5025,9543,3690,33761,5095,2121,4201,1151,3050,24394,13353,13634,10635,0,0,5095,6031,15258,5236,4236
17/12/2020,5025,9543,3690,33761,5095,2121,4201,1151,3050,24394,13353,13634,10635,0,0,5095,6031,15258,5236,4236
18/12/2020,5025,9543,3690,33761,5095,2121,4201,1151,3050,24394,13353,13634,10635,0,0,5095,6031,15258,5236,4236
19/12/2020,5025,9543,3690,33761,5095,2121,4201,1151,3050,24394,13353,13634,10635,0,0,5095,6031,15258,5236,4236
20/12/2020,5025,9543,3690,33761,5095,2121,4201,1151,3050,24394,13353,13634,10635,0,0,5095,6031,15258,5236,4236
21/12/2020,5025,9543,3690,33761,5095,2121,4201,1151,3050,24394,13353,13634,10635,0,0,5095,6031,15258,5236,4236
22/12/2020,5025,9543,3690,33761,5095,2121,4201,1151,3050,24394,13353,13634,10635,0,0,5095,6031,15258,5236,4236
23/12/2020,5025,9543,3690,33761,5095,2121,4201,1151,3050,24394,13353,13634,10635,0,0,5095,6031,15258,5236,4236
24/12/2020,5025,9543,3690,33761,5095,2121,4201,1151,3050,24394,13353,13634,10635,0,0,5095,6031,15258,5236,4236
25/12/2020,5025,9543,3690,33761,5095,2121,4201,1151,3050,24394,13353,13634,10635,0,0,5095,6031,15258,5236,4236
26/12/2020,5025,9543,3690,33761,5095,2121,4201,1151,3050,24394,13353,13634,10635,0,0,5095,6031,15258,5236,4236
27/12/2020,5025,9543,3690,33761,5095,2121,4201,1151,3050,24394,13353,13634,10635,0,0,5095,6031,15258,5236,4236
28/12/2020,5025,9543,3690,33761,5095,2121,4201,1151,3050,24394,13353,13634,10635,0,0,5095,6031,15258,5236,4236
29/12/2020,5025,9543,3690,33761,5095,2121,4201,1151,3050,24394,13353,13634,10635,0,0,5095,6031,15258,5236,4236
30/12/2020,5025,9543,3690,33761,5095,2121,4201,1151,3050,24394,13353,13634,10635,0,0,5095,6031,15258,5236,4236
31/12/2020,5025,9543,3690,33761,5095,2121,4201,1151,3050,24394,13353,13634,10635,0,0,5095,6031,15258,5236,4236
01/01/2021,5025,9543,3690,33761,5095,2121,4201,1151,3050,24555,13404,13743,10635,0,0,5095,6031,15258,5236,4236
02/01/2021,5025,9543,3690,33761,5095,2121,4201,1151,3050,24555,13404,13743,10635,0,0,5095,6031,15258,5236,4236
03/01/2021,5025,9543,3690,33761,5095,2121,4201,1151,3050,24555,13404,13743,10635,0,0,5095,6031,15258,5236,4236
04/01/2021,5025,9543,3690,33761,5095,2121,4201,1151,3050,24555,13404,13743,10635,0,0,5095,6031,15258,5236,4236
05/01/2021,5025,9543,3690,33761,5095,2121,4201,1151,3050,24555,13404,13743,10635,0,0,5095,6031,15258,5236,4236
06/01/2021,5025,9564,3690,33761,5095,2121,4201,1151,3050,24555,13404,13743,10635,0,0,5095,6031,15258,5236,4236
07/01/2021,5025,9564,3690,33761,5095,2121,4201,1151,3050,24555,13404,13743,10635,0,0,5095,6031,15258,5236,4236
08/01/2021,5025,9564,3690,33761,5095,2121,4201,1151,3050,24555,13404,13743,10635,0,0,5095,6031,15258,5236,4236
09/01/2021,5025,9564,3690,33761,5095,2121,4201,1151,3050,24555,13404,13743,10635,0,0,5095,6031,15258,5236,4236
10/01/2021,5025,9564,3690,33761,5095,2121,4201,1151,3050,24555,13404,13743,10635,0,0,5095,6031,15258,5236,4236
11/01/2021,5025,9564,3690,33761,5095,2121,4201,1151,3050,24555,13404,13743,10635,0,0,5095,6031,15258,5236,4236
12/01/2021,5025,9564,3690,33761,5095,2121,4201,1151,3050,24555,13404,13743,10635,0,0,5095,6031,15258,5236,4236
13/01/2021,5025,9564,3690,33761,5095,2121,4201,1151,3050,24555,13404,13743,10635,0,0,5095,6031,15258,5236,4236
14/01/2021,5025,9564,3690,33761,5095,2121,4201,1151,3050,24555,13404,13743,10635,0,0,5095,6031,15258,5236,4236
15/01/2021,5025,9564,3690,33761,5095,2121,4201,1151,3050,24555,13404,13743,10635,0,0,5095,6031,15258,5236,4236
16/01/2021,5025,9564,3690,33761,5095,2121,4201,1151,3050,24555,13404,13743,10635,0,0,5095,6031,15258,5236,4236
17/01/2021,5025,9564,3690,33761,5095,2121,4201,1151,3050,24555,13404,13743,10635,0,0,5095,6031,15258,5236,4236
18/01/2021,5025,9564,3690,33761,5095,2121,4201,1151,3050,24555,13404,13743,10635,0,0,5095,6031,15258,5236,4236
19/01/2021,5025,9564,3690,33761,5095,2121,4201,1151,3050,24555,13404,13743,10635,0,0,5095,6031,15258,5236,4236
20/01/2021,5025,9564,3690,33761,5095,2121,4201,1151,3050,24555,13404,13743,10635,0,0,5095,6031,15258,5236,4236
21/01/2021,5025,9564,3690,33761,5095,2121,4201,1151,3050,24555,13404,13743,10635,0,0,5095,6031,15258,5236,4236
22/01/2021,6025,9564,3690,33761,5095,2121,4201,1151,3050,24555,13404,13743,10635,0,0,5095,6031,15258,5236,4236
23/01/2021,6025,9564,3690,33761,5095,2121,4201,1151,3050,24555,13404,13743,10635,0,0,5095,6031,15258,5236,4236
24/01/2021,6025,9564,3690,33761,5095,2121,4201,1151,3050,24555,13404,13743,10635,0,0,5095,6031,15258,5236,4236
25/01/2021,6025,9564,3690,33761,5095,2121,4201,1151,3050,24555,13404,13743,10635,0,0,5095,6031,15258,5236,4236
26/01/2021,6025,9564,3690,33761,5095,2121,4201,1151,3050,24555,13404,13743,10635,0,0,5095,6031,15258,5236,4236
27/01/2021,6025,9564,3690,33761,5095,2121,4201,1151,3050,24555,13404,13743,10635,0,0,5095,6031,15258,5236,4236
28/01/2021,6025,9564,3690,33761,5095,2121,4201,1151,3050,24555,13404,13743,10635,0,0,5095,6031,15258,5236,4236
29/01/2021,6025,9564,3690,33761,5095,2121,4201,1151,3050,24555,13404,13743,10635,0,0,5095,6031,15258,5236,4236
30/01/2021,6025,9564,3690,33761,5095,2121,4201,1151,3050,24555,13404,13743,10635,0,0,5095,6031,15258,5236,4236
31/01/2021,6025,9564,3690,33761,5095,2121,4201,1151,3050,24555,13404,13743,10635,0,0,5095,6031,15258,5236,4236
01/02/2021,6025,9564,3690,33761,5095,2121,4201,1151,3050,24620,13445,13787,10635,0,0,5095,6031,15258,5236,4236
02/02/2021,6025,9564,3690,33761,5095,2121,4201,1151,3050,24620,13445,13787,10635,0,0,5095,6031,15258,5236,4236
03/02/2021,6025,9564,3690,33761,5095,2121,4201,1151,3050,24620,13445,13787,10635,0,0,5095,6031,15258,5236,4236
04/02/2021,6025,9564,3690,33761,5095,2121,4201,1151,3050,24620,13445,13787,10635,0,0,5095,6031,15258,5236,4236
05/02/2021,6025,9564,3690,33761,5095,2121,4201,1151,3050,24620,13445,13787,10635,0,0,5095,6031,15258,5236,4236
06/02/2021,6025,9564,3690,33761,5095,2121,4201,1151,3050,24620,13445,13787,10635,0,0,5095,6031,15258,5236,4236
07/02/2021,6025,9564,3690,33761,5095,2121,4201,1151,3050,24620,13445,13787,10635,0,0,5095,6031,15258,5236,4236
08/02/2021,6025,9564,3690,33761,5095,2121,4201,1151,3050,24620,13445,13787,10635,0,0,5095,6031,15258,5236,4236
09/02/2021,6025,9564,3690,33761,5095,2121,4201,1151,3050,24620,13445,13787,10635,0,0,5095,6031,15258,5236,4236
10/02/2021,6025,9564,3690,33761,5095,2121,4201,1151,3050,24620,13445,13787,10635,0,0,5095,6031,15258,5236,4236
11/02/2021,6025,9564,3690,33761,5095,2121,4201,1151,3050,24620,13445,13787,10635,0,0,5095,6031,15258,5236,4236
12/02/2021,6025,9564,3690,33761,5095,2121,4201,1151,3050,24620,13445,13787,10635,0,0,5095,6031,15258,5236,4236
13/02/2021,6025,9564,3690,33761,5095,2121,4201,1151,3050,24620,13445,13787,10635,0,0,5095,6031,15258,5236,4236
14/02/2021,6025,9564,3690,33761,5095,2121,4201,1151,3050,24620,13445,13787,10635,0,0,5095,6031,15258,5236,4236
15/02/2021,6025,9564,3690,33761,5095,2121,4201,1151,3050,24620,13445,13787,10635,0,0,5095,6031,15258,5236,4236
16/02/2021,6025,9564,3690,33761,5095,2121,4201,1151,3050,24620,13445,13787,10635,0,0,5095,6031,15258,5236,4236
17/02/2021,6025,9564,3690,33761,5095,2121,4201,1151,3050,24620,13445,13787,10635,0,0,5095,6031,15258,5236,4236
18/02/2021,6025,9564,3690,33761,5095,2121,4201,1151,3050,24620,13445,13787,10635,0,0,5095,6031,15258,5236,4236
19/02/2021,6025,9564,3690,33761,5095,2121,4201,1151,3050,24620,13445,13787,10635,0,0,5095,6031,15258,5236,4236
20/02/2021,6025,9564,3690,33761,5095,2121,4201,1151,3050,24620,13445,13787,10635,0,0,5095,6031,15258,5236,4236
21/02/2021,6025,9564,3690,33761,5095,2121,4201,1151,3050,24620,13445,13787,10635,0,0,5095,6031,15258,5236,4236
22/02/2021,6025,9564,3690,33761,5095,2121,4201,1151,3050,24620,13445,13787,10635,0,0,5095,6031,15258,5236,4236
23/02/2021,6025,9564,3690,33761,5095,2121,4201,1151,3050,24620,13445,13787,10635,0,0,5095,6031,15258,5236,4236
24/02/2021,6025,9564,3690,33761,5095,2121,4201,1151,3050,24620,13445,13787,10635,0,0,5095,6031,15258,5236,4236
25/02/2021,6025,9564,3690,33761,5095,2121,4201,1151,3050,24620,13445,13787,10635,0,0,5095,6031,15258,5236,4236
26/02/2021,6025,9564,3690,33761,5095,2121,4201,1151,3050,24620,13445,13787,10635,0,0,5095,6031,15258,5236,4236
27/02/2021,6025,9564,3690,33761,5095,2121,4201,1151,3050,24620,13445,13787,10635,0,0,5095,6031,15258,5236,4236
28/02/2021,6025,9564,3690,33761,5095,2121,4201,1151,3050,24620,13445,13787,10635,0,0,5095,6031,15258,5236,4236
01/03/2021,6025,9527,3690,33761,5095,2121,4199,1149,3050,24594,13531,13779,10635,0,0,5095,6031,15258,5236,4236
02/03/2021,6025,9527,3690,33761,5095,2121,4199,1149,3050,24594,13531,13779,10635,0,0,5095,6031,15258,5236,4236
03/03/2021,6025,9527,3690,33761,5095,2121,4199,1149,3050,24594,13531,13779,10635,0,0,5095,6031,15258,5236,4236
04/03/2021,6025,9527,3690,33761,5095,2121,4199,1149,3050,24594,13531,13779,10635,0,0,5095,6031,15258,5236,4236
05/03/2021,6025,9527,3690,33761,3805,2121,4199,1149,3050,24594,13531,13779,10635,0,0,3805,6031,15258,5236,4236
06/03/2021,6025,9527,3690,33761,3805,2121,4199,1149,3050,24594,13531,13779,10635,0,0,3805,6031,15258,5236,4236
07/03/2021,6025,9527,3690,33761,3805,2121,4199,1149,3050,24594,13531,13779,10635,0,0,3805,6031,15258,5236,4236
08/03/2021,6025,9527,3690,33761,3805,2121,4199,1149,3050,24594,13531,13779,10635,0,0,3805,6031,15258,5236,4236
09/03/2021,6025,9527,3690,33761,3805,2121,4199,1149,3050,24594,13531,13779,10635,0,0,3805,6031,15258,5236,4236
10/03/2021,6025,9527,3690,33761,3805,2121,4199,1149,3050,24594,13531,13779,10635,0,0,3805,6031,15258,5236,4236
11/03/2021,6025,9527,3690,33761,3805,2121,4199,1149,3050,24594,13531,13779,10635,0,0,3805,6031,15258,5236,4236
12/03/2021,6025,9527,3690,33761,3805,2121,4199,1149,3050,24594,13531,13779,10635,0,0,3805,6031,15258,5236,4236
13/03/2021,6025,9527,3690,33761,3805,2121,4199,1149,3050,24594,13531,13779,10635,0,0,3805,6031,15258,5236,4236
14/03/2021,6025,9527,3690,33761,3805,2121,4199,1149,3050,24594,13531,13779,10635,0,0,3805,6031,15258,5236,4236
15/03/2021,6025,9527,3690,33761,3805,2121,4199,1149,3050,24594,13531,13779,10635,0,0,3805,6031,15258,5236,4236
16/03/2021,6025,9527,3690,33761,3805,2121,4199,1149,3050,24594,13531,13779,10635,0,0,3805,6031,15258,5236,4236
17/03/2021,6025,9527,3690,33761,3805,2121,4199,1149,3050,24594,13531,13779,10635,0,0,3805,6031,15258,5236,4236
18/03/2021,6025,9527,3690,33761,3805,2121,4199,1149,3050,24594,13531,13779,10635,0,0,3805,6031,15258,5236,4236
19/03/2021,6025,9527,3690,33761,3805,2121,4199,1149,3050,24594,13531,13779,10635,0,0,3805,6031,15258,5236,4236
20/03/2021,6025,9527,3690,33761,3805,2121,4199,1149,3050,24594,13531,13779,10635,0,0,3805,6031,15258,5236,4236
21/03/2021,6025,9527,3690,33761,3805,2121,4199,1149,3050,24594,13531,13779,10635,0,0,3805,6031,15258,5236,4236
22/03/2021,6025,9527,3690,33761,3805,2121,4199,1149,3050,24594,13531,13779,10635,0,0,3805,6031,15258,5236,4236
23/03/2021,6025,9527,3690,33761,3805,2121,4199,1149,3050,24594,13531,13779,10635,0,0,3805,6031,15258,5236,4236
24/03/2021,6025,9527,3690,33761,3805,2121,4201,1151,3050,24594,13531,13779,10635,0,0,3805,6031,15258,5236,4236
25/03/2021,6025,9527,3690,33761,3805,2121,4201,1151,3050,24594,13531,13779,10635,0,0,3805,6031,15258,5236,4236
26/03/2021,6025,9527,3690,33761,3805,2121,4201,1151,3050,24594,13531,13779,10635,0,0,3805,6031,15258,5236,4236
27/03/2021,6025,9527,3690,33761,3805,2121,4201,1151,3050,24594,13531,13779,10635,0,0,3805,6031,15258,5236,4236
28/03/2021,6025,9527,3690,33761,3805,2121,4201,1151,3050,24594,13531,13779,10635,0,0,3805,6031,15258,5236,4236
29/03/2021,6025,9527,3690,33761,3805,2121,4201,1151,3050,24594,13531,13779,10635,0,0,3805,6031,15258,5236,4236
30/03/2021,6025,9527,3690,33761,3805,2121,4201,1151,3050,24594,13531,13779,10635,0,0,3805,6031,15258,5236,4236
31/03/2021,6025,9527,3690,33761,3805,2121,4201,1151,3050,24594,13531,13779,10635,0,0,3805,6031,15258,5236,4236
01/04/2021,6025,9527,3690,33761,3805,2121,4201,1151,3050,24630,13590,13808,10635,0,0,3805,6031,15258,5236,4236
02/04/2021,6025,9527,3690,33761,3805,2121,4201,1151,3050,24630,13590,13808,10635,0,0,3805,6031,15258,5236,4236
03/04/2021,6025,9527,3690,33761,3805,2121,4201,1151,3050,24630,13590,13808,10635,0,0,3805,6031,15258,5236,4236
04/04/2021,6025,9527,3690,33761,3805,2121,4201,1151,3050,24630,13590,13808,10635,0,0,3805,6031,15258,5236,4236
05/04/2021,6025,9527,3690,33761,3805,2121,4201,1151,3050,24630,13590,13808,10635,0,0,3805,6031,15258,5236,4236
06/04/2021,6025,9527,3690,33761,3805,2121,4201,1151,3050,24630,13590,13808,10635,0,0,3805,6031,15258,5236,4236
07/04/2021,6025,9527,3690,33761,3805,2121,4201,1151,3050,24630,13590,13808,11075,0,0,3805,6031,15258,5236,4236
08/04/2021,6025,9527,3690,33761,3805,2121,4201,1151,3050,24630,13590,13808,11075,0,0,3805,6031,15258,5236,4236
09/04/2021,6025,9527,3690,33761,3805,2121,4201,1151,3050,24630,13590,13808,11075,0,0,3805,6031,15258,5236,4236
10/04/2021,6025,9527,3690,33761,3805,2121,4201,1151,3050,24630,13590,13808,11075,0,0,3805,6031,15258,5236,4236
11/04/2021,6025,9527,3690,33761,3805,2121,4201,1151,3050,24630,13590,13808,11075,0,0,3805,6031,15258,5236,4236
12/04/2021,6025,9527,3690,33761,3805,2121,4201,1151,3050,24630,13590,13808,11075,0,0,3805,6031,15258,5236,4236
13/04/2021,6025,9527,3690,33761,3805,2121,4201,1151,3050,24630,13590,13808,11075,0,0,3805,6031,15258,5236,4236
14/04/2021,6025,9527,3690,33761,3805,2121,4201,1151,3050,24630,13590,13808,11075,0,0,3805,6031,15258,5236,4236
15/04/2021,6025,9527,3690,33761,3805,2121,4201,1151,3050,24630,13590,13808,11075,0,0,3805,6031,15258,5236,4236
16/04/2021,6025,9527,3690,33761,3805,2121,4201,1151,3050,24630,13590,13808,11075,0,0,3805,6031,15258,5236,4236
17/04/2021,6025,9527,3690,33761,3805,2121,4201,1151,3050,24630,13590,13808,11075,0,0,3805,6031,15258,5236,4236
18/04/2021,6025,9527,3690,33761,3805,2121,4201,1151,3050,24630,13590,13808,11075,0,0,3805,6031,15258,5236,4236
19/04/2021,6025,9527,3690,33761,3805,2121,4201,1151,3050,24630,13590,13808,11075,0,0,3805,6031,15258,5236,4236
20/04/2021,6025,9527,3690,33761,3805,2121,4201,1151,3050,24630,13590,13808,11075,0,0,3805,6031,15258,5236,4236
21/04/2021,6025,9527,3690,33761,3805,2121,4201,1151,3050,24630,13590,13808,11075,0,0,3805,6031,15258,5236,4236
22/04/2021,6025,9527,3690,33761,3805,2121,4201,1151,3050,24630,13590,13808,11075,0,0,3805,6031,15258,5236,4236
23/04/2021,6025,9527,3690,33761,3805,2121,4201,1151,3050,24630,13590,13808,11075,0,0,3805,6031,15258,5236,4236
24/04/2021,6025,9527,3690,33761,3805,2121,4201,1151,3050,24630,13590,13808,11075,0,0,3805,6031,15258,5236,4236
25/04/2021,6025,9527,3690,33761,3805,2121,4201,1151,3050,24630,13590,13808,11075,0,0,3805,6031,15258,5236,4236
26/04/2021,6025,9527,3690,33761,3805,2121,4201,1151,3050,24630,13590,13808,11075,0,0,3805,6031,15258,5236,4236
27/04/2021,6025,9527,3690,33761,3805,2121,4201,1151,3050,24630,13590,13808,11075,0,0,3805,6031,15258,5236,4236
28/04/2021,6025,9527,3690,33761,3805,2121,4201,1151,3050,24630,13590,13808,11075,0,0,3805,6031,15258,5236,4236
29/04/2021,6025,9527,3690,33761,3805,2121,4201,1151,3050,24630,13590,13808,11075,0,0,3805,6031,15258,5236,4236
30/04/2021,6025,9527,3690,33761,3805,2121,4201,1151,3050,24630,13590,13808,11075,0,0,3805,6031,15258,5236,4236
01/05/2021,6025,9527,3690,33761,3805,2121,4201,1151,3050,24670,13619,13812,11075,0,0,3805,6031,15258,5236,4236
02/05/2021,6025,9527,3690,33761,3805,2121,4201,1151,3050,24670,13619,13812,11075,0,0,3805,6031,15258,5236,4236
03/05/2021,6025,9527,3690,33761,3805,2121,4201,1151,3050,24670,13619,13812,11075,0,0,3805,6031,15258,5236,4236
04/05/2021,6025,9527,3690,33761,3805,2121,4201,1151,3050,24670,13619,13812,11075,0,0,3805,6031,15258,5236,4236
05/05/2021,6025,9527,3690,33761,3805,2121,4201,1151,3050,24670,13619,13812,11075,0,0,3805,6031,15258,5236,4236
06/05/2021,6025,9527,3690,33761,3805,2121,4201,1151,3050,24670,13619,13812,11075,0,0,3805,6031,15258,5236,4236
07/05/2021,6025,9527,3690,33761,3805,2121,4201,1151,3050,24670,13619,13812,11075,0,0,3805,6031,15258,5236,4236
08/05/2021,6025,9527,3690,33761,3805,2121,4201,1151,3050,24670,13619,13812,11075,0,0,3805,6031,15258,5236,4236
09/05/2021,6025,9527,3690,33761,3805,2121,4201,1151,3050,24670,13619,13812,11075,0,0,3805,6031,15258,5236,4236
10/05/2021,6025,9527,3690,33761,3805,2121,4201,1151,3050,24670,13619,13812,11075,0,0,3805,6031,15258,5236,4236
11/05/2021,6025,9527,3690,33761,3805,2121,4201,1151,3050,24670,13619,13812,11075,0,0,3805,6031,15258,5236,4236
12/05/2021,6025,9527,3690,33761,3805,2121,4201,1151,3050,24670,13619,13812,11075,0,0,3805,6031,15258,5236,4236
13/05/2021,6025,9527,3690,33761,3805,2121,4201,1151,3050,24670,13619,13812,11375,0,0,3805,6031,15258,5236,4236
14/05/2021,6025,9527,3690,33761,3805,2121,4201,1151,3050,24670,13619,13812,11375,0,0,3805,6031,15258,5236,4236
15/05/2021,6025,9527,3690,33761,3805,2121,4201,1151,3050,24670,13619,13812,11375,0,0,3805,6031,15258,5236,4236
16/05/2021,6025,9527,3690,33761,3805,2121,4201,1151,3050,24670,13619,13812,11375,0,0,3805,6031,15258,5236,4236
17/05/2021,6025,9527,3690,33761,3805,2121,4201,1151,3050,24670,13619,13812,11375,0,0,3805,6031,15258,5236,4236
18/05/2021,6025,9527,3690,33761,3805,2121,4201,1151,3050,24670,13619,13812,11375,0,0,3805,6031,15258,5236,4236
19/05/2021,6025,9527,3690,33761,3805,2121,4201,1151,3050,24670,13619,13812,11375,0,0,3805,6031,15258,5236,4236
20/05/2021,6025,9527,3690,33761,3805,2121,4201,1151,3050,24670,13619,13812,11375,0,0,3805,6031,15258,5236,4236
21/05/2021,6025,9527,3690,33761,3805,2121,4201,1151,3050,24670,13619,13812,11375,0,0,3805,6031,15258,5236,4236
22/05/2021,6025,9527,3690,33761,3805,2121,4201,1151,3050,24670,13619,13812,11375,0,0,3805,6031,15258,5236,4236
23/05/2021,6025,9527,3690,33761,3805,2121,4201,1151,3050,24670,13619,13812,11375,0,0,3805,6031,15258,5236,4236
24/05/2021,6025,9527,3690,33761,3805,2121,4201,1151,3050,24670,13619,13812,11375,0,0,3805,6031,15258,5236,4236
25/05/2021,6025,9527,3690,33761,3805,2121,4201,1151,3050,24670,13619,13812,11375,0,0,3805,6031,15258,5236,4236
26/05/2021,6025,9527,3690,33761,3805,2121,4201,1151,3050,24670,13619,13812,11375,0,0,3805,6031,15258,5236,4236
27/05/2021,6025,9527,3690,33761,3805,2121,4201,1151,3050,24670,13619,13812,11375,0,0,3805,6031,15258,5236,4236
28/05/2021,6025,9527,3690,33761,3805,2121,4201,1151,3050,24670,13619,13812,11375,0,0,3805,6031,15258,5236,4236
29/05/2021,6025,9527,3690,33761,3805,2121,4201,1151,3050,24670,13619,13812,11375,0,0,3805,6031,15258,5236,4236
30/05/2021,6025,9527,3690,33761,3805,2121,4201,1151,3050,24670,13619,13812,11375,0,0,3805,6031,15258,5236,4236
31/05/2021,6025,9527,3690,33761,3805,2121,4201,1151,3050,24670,13619,13812,11375,0,0,3805,6031,15258,5236,4236
01/06/2021,6025,9527,3690,33761,3805,2121,4201,1151,3050,24589,13650,13748,11375,0,0,3805,6031,15258,5236,4236
02/06/2021,6025,9527,3690,33761,3805,2121,4201,1151,3050,24589,13650,13748,11375,0,0,3805,6031,15258,5236,4236
03/06/2021,6025,9527,3690,33761,3805,2121,4201,1151,3050,24589,13650,13748,11375,0,0,3805,6031,15258,5236,4236
04/06/2021,6025,9527,3690,33761,3805,2121,4201,1151,3050,24589,13650,13748,11375,0,0,3805,6031,15258,5236,4236
05/06/2021,6025,9527,3690,33761,3805,2121,4201,1151,3050,24589,13650,13748,11375,0,0,3805,6031,15258,5236,4236
06/06/2021,6025,9527,3690,33761,3805,2121,4201,1151,3050,24589,13650,13748,11375,0,0,3805,6031,15258,5236,4236
07/06/2021,6025,8421,3690,33761,3805,2121,4201,1151,3050,24589,13650,13748,11375,0,0,3805,6031,15258,5236,4236
08/06/2021,6025,8421,3690,33761,3805,2121,4201,1151,3050,24589,13650,13748,11375,0,0,3805,6031,15258,5236,4236
09/06/2021,6025,8421,3690,33761,3805,2121,4201,1151,3050,24589,13650,13748,11375,0,0,3805,6031,15258,5236,4236
10/06/2021,6025,8421,3690,33761,3805,2121,4201,1151,3050,24589,13650,13748,11375,0,0,3805,6031,15258,5236,4236
11/06/2021,6025,8421,3690,33761,3805,2121,4201,1151,3050,24589,13650,13748,11375,0,0,3805,6031,15258,5236,4236
12/06/2021,6025,8421,3690,33761,3805,2121,4201,1151,3050,24589,13650,13748,11375,0,0,3805,6031,15258,5236,4236
13/06/2021,6025,8421,3690,33761,3805,2121,4201,1151,3050,24589,13650,13748,11375,0,0,3805,6031,15258,5236,4236
14/06/2021,6025,8421,3690,33761,3805,2121,4201,1151,3050,24589,13650,13748,11375,0,0,3805,6031,15258,5236,4236
15/06/2021,6025,8421,3690,33761,3805,2121,4201,1151,3050,24589,13650,13748,11675,0,0,3805,6031,15258,5236,4236
16/06/2021,6025,8421,3690,33761,3805,2121,4201,1151,3050,24589,13650,13748,11675,0,0,3805,6031,15258,5236,4236
17/06/2021,6025,8421,3690,33761,3805,2121,4201,1151,3050,24589,13650,13748,11675,0,0,3805,6031,15258,5236,4236
18/06/2021,6025,8421,3690,33761,3805,2121,4201,1151,3050,24589,13650,13748,11675,0,0,3805,6031,15258,5236,4236
19/06/2021,6025,8421,3690,33761,3805,2121,4201,1151,3050,24589,13650,13748,11675,0,0,3805,6031,15258,5236,4236
20/06/2021,6025,8421,3690,33761,3805,2121,4201,1151,3050,24589,13650,13748,11675,0,0,3805,6031,15258,5236,4236
21/06/2021,6025,8421,3690,33761,3805,2121,4201,1151,3050,24589,13650,13748,11675,0,0,3805,6031,15258,5236,4236
22/06/2021,6025,8421,3690,33761,3805,2121,4201,1151,3050,24589,13650,13748,11675,0,0,3805,6031,15258,5236,4236
23/06/2021,6025,8421,3690,33761,3805,2121,4201,1151,3050,24589,13650,13748,11675,0,0,3805,6031,15258,5236,4236
24/06/2021,6025,8421,3690,33761,3805,2121,4201,1151,3050,24589,13650,13748,11675,0,0,3805,6031,15258,5236,4236
25/06/2021,6025,8421,3690,33761,3805,2121,4201,1151,3050,24589,13650,13748,11675,0,0,3805,6031,15258,5236,4236
26/06/2021,6025,8421,3690,33761,3805,2121,4201,1151,3050,24589,13650,13748,11675,0,0,3805,6031,15258,5236,4236
27/06/2021,6025,8421,3690,33761,3805,2121,4201,1151,3050,24589,13650,13748,11675,0,0,3805,6031,15258,5236,4236
28/06/2021,6025,8421,3690,33761,3805,2121,4201,1151,3050,24589,13650,13748,11975,0,0,3805,6031,15258,5236,4236
29/06/2021,6025,8421,3690,33761,3805,2121,4201,1151,3050,24589,13650,13748,11975,0,0,3805,6031,15258,5236,4236
30/06/2021,6025,8421,3690,33761,3805,2121,4207,1156,3051,24589,13650,13748,11975,0,0,3805,6031,15258,5236,4236
01/07/2021,6025,8421,3690,33761,3805,2121,4207,1156,3051,24630,13679,13752,11975,0,0,3805,6031,15258,5236,4236
02/07/2021,6025,8421,3690,33761,3805,2121,4207,1156,3051,24630,13679,13752,11975,0,0,3805,6031,15258,5236,4236
03/07/2021,6025,8421,3690,33761,3805,2121,4207,1156,3051,24630,13679,13752,11975,0,0,3805,6031,15258,5236,4236
04/07/2021,6025,8421,3690,33761,3805,2121,4207,1156,3051,24630,13679,13752,11975,0,0,3805,6031,15258,5236,4236
05/07/2021,6025,8421,3690,33761,3805,2121,4207,1156,3051,24630,13679,13752,11975,0,0,3805,6031,15258,5236,4236
06/07/2021,6025,8421,3690,33761,3805,2121,4207,1156,3051,24630,13679,13752,11975,0,0,3805,6031,15258,5236,4236
07/07/2021,6025,8421,3690,33761,3805,2121,4207,1156,3051,24630,13679,13752,11975,0,0,3805,6031,15258,5236,4236
08/07/2021,6025,8421,3690,33761,3805,2121,4207,1156,3051,24630,13679,13752,11975,0,0,3805,6031,15258,5236,4236
09/07/2021,6025,8421,3690,33761,3805,2121,4207,1156,3051,24630,13679,13752,11975,0,0,3805,6031,15258,5236,4236
10/07/2021,6025,8421,3690,33761,3805,2121,4207,1156,3051,24630,13679,13752,11975,0,0,3805,6031,15258,5236,4236
11/07/2021,6025,8421,3690,33761,3805,2121,4207,1156,3051,24630,13679,13752,11975,0,0,3805,6031,15258,5236,4236
12/07/2021,6025,8421,3690,33761,3805,2121,4207,1156,3051,24630,13679,13752,11975,0,0,3805,6031,15258,5236,4236
13/07/2021,6025,8421,3690,33761,3805,2121,4207,1156,3051,24630,13679,13752,11975,0,0,3805,6031,15258,5236,4236
14/07/2021,6025,8421,3690,33761,3805,2121,4207,1156,3051,24630,13679,13752,11975,0,0,3805,6031,15258,5236,4236
15/07/2021,6025,8421,3690,33761,3805,2121,4207,1156,3051,24630,13679,13752,11975,0,0,3805,6031,15258,5236,4236
16/07/2021,6025,8421,3690,33761,3805,2121,4207,1156,3051,24630,13679,13752,11975,0,0,3805,6031,15258,5236,4236
17/07/2021,6025,8421,3690,33761,3805,2121,4207,1156,3051,24630,13679,13752,11975,0,0,3805,6031,15258,5236,4236
18/07/2021,6025,8421,3690,33761,3805,2121,4207,1156,3051,24630,13679,13752,11975,0,0,3805,6031,15258,5236,4236
19/07/2021,6025,8421,3690,33761,3805,2121,4207,1156,3051,24630,13679,13752,11975,0,0,3805,6031,15258,5236,4236
20/07/2021,6025,8421,3690,33761,3805,2121,4207,1156,3051,24630,13679,13752,11975,0,0,3805,6031,15258,5236,4236
21/07/2021,6025,8421,3690,33761,3805,2121,4207,1156,3051,24630,13679,13752,11975,0,0,3805,6031,15258,5236,4236
22/07/2021,6025,8421,3690,33761,3805,2121,4207,1156,3051,24630,13679,13752,11975,0,0,3805,6031,15258,5236,4236
23/07/2021,6025,8421,3690,33761,3805,2121,4207,1156,3051,24630,13679,13752,11975,0,0,3805,6031,15258,5236,4236
24/07/2021,6025,8421,3690,33761,3805,2121,4207,1156,3051,24630,13679,13752,11975,0,0,3805,6031,15258,5236,4236
25/07/2021,6025,8421,3690,33761,3805,2121,4207,1156,3051,24630,13679,13752,11975,0,0,3805,6031,15258,5236,4236
26/07/2021,6025,8421,3690,33761,3805,2121,4207,1156,3051,24630,13679,13752,11975,0,0,3805,6031,15258,5236,4236
27/07/2021,6025,8421,3690,33761,3805,2121,4207,1156,3051,24630,13679,13752,11975,0,0,3805,6031,15258,5236,4236
28/07/2021,6025,8421,3690,33761,3805,2121,4207,1156,3051,24630,13679,13752,11975,0,0,3805,6031,15258,5236,4236
29/07/2021,6025,8421,3690,33761,3805,2121,4207,1156,3051,24630,13679,13752,11975,0,0,3805,6031,15258,5236,4236
30/07/2021,6025,8421,3690,33761,3805,2121,4207,1156,3051,24630,13679,13752,11975,0,0,3805,6031,15258,5236,4236
31/07/2021,6025,8421,3690,33761,3805,2121,4207,1156,3051,24630,13679,13752,11975,0,0,3805,6031,15258,5236,4236
01/08/2021,6025,8421,3690,33761,3805,2121,4207,1156,3051,24726,13709,13791,11975,0,0,3805,6031,15258,5236,4236
02/08/2021,6025,8421,3690,33761,3805,2121,4207,1156,3051,24726,13709,13791,11975,0,0,3805,6031,15258,5236,4236
03/08/2021,6025,8421,3690,33761,3805,2121,4207,1156,3051,24726,13709,13791,11975,0,0,3805,6031,15258,5236,4236
04/08/2021,6025,8421,3690,33761,3805,2121,4207,1156,3051,24726,13709,13791,11975,0,0,3805,6031,15258,5236,4236
05/08/2021,6025,8421,3690,33761,3805,2121,4207,1156,3051,24726,13709,13791,11975,0,0,3805,6031,15258,5236,4236
06/08/2021,6025,8421,3690,33761,3805,2121,4207,1156,3051,24726,13709,13791,11975,0,0,3805,6031,15258,5236,4236
07/08/2021,6025,8421,3690,33761,3805,2121,4207,1156,3051,24726,13709,13791,11975,0,0,3805,6031,15258,5236,4236
08/08/2021,6025,8421,3690,33761,3805,2121,4207,1156,3051,24726,13709,13791,11975,0,0,3805,6031,15258,5236,4236
09/08/2021,6025,8421,3690,33761,3805,2121,4207,1156,3051,24726,13709,13791,11975,0,0,3805,6031,15258,5236,4236
10/08/2021,6025,8421,3690,33761,3805,2121,4207,1156,3051,24726,13709,13791,11975,0,0,3805,6031,15258,5236,4236
11/08/2021,6025,8421,3690,33761,3805,2121,4207,1156,3051,24726,13709,13791,11975,0,0,3805,6031,15258,5236,4236
12/08/2021,6025,8421,3690,33761,3805,2121,4207,1156,3051,24726,13709,13791,11975,0,0,3805,6031,15258,5236,4236
13/08/2021,6025,8421,3690,33761,3805,2121,4207,1156,3051,24726,13709,13791,11975,0,0,3805,6031,15258,5236,4236
14/08/2021,6025,8421,3690,33761,3805,2121,4207,1156,3051,24726,13709,13791,11975,0,0,3805,6031,15258,5236,4236
15/08/2021,6025,8421,3690,33761,3805,2121,4207,1156,3051,24726,13709,13791,11975,0,0,3805,6031,15258,5236,4236
16/08/2021,6025,8421,3690,33761,3805,2121,4207,1156,3051,24726,13709,13791,11975,0,0,3805,6031,15258,5236,4236
17/08/2021,6025,8421,3690,33761,3805,2121,4207,1156,3051,24726,13709,13791,11975,0,0,3805,6031,15258,5236,4236
18/08/2021,6025,8421,3690,33761,3805,2121,4207,1156,3051,24726,13709,13791,11975,0,0,3805,6031,15258,5236,4236
19/08/2021,6025,8421,3690,33761,3805,2121,4207,1156,3051,24726,13709,13791,11975,0,0,3805,6031,15258,5236,4236
20/08/2021,6025,8421,3690,33761,3805,2121,4207,1156,3051,24726,13709,13791,11975,0,0,3805,6031,15258,5236,4236
21/08/2021,6025,8421,3690,33761,3805,2121,4207,1156,3051,24726,13709,13791,11975,0,0,3805,6031,15258,5236,4236
22/08/2021,6025,8421,3690,33761,3805,2121,4207,1156,3051,24726,13709,13791,11975,0,0,3805,6031,15258,5236,4236
23/08/2021,6025,8421,3690,33761,3805,2121,4207,1156,3051,24726,13709,13791,11975,0,0,3805,6031,15258,5236,4236
24/08/2021,6025,8421,3690,33761,3805,2121,4207,1156,3051,24726,13709,13791,11975,0,0,3805,6031,15258,5236,4236
25/08/2021,6025,8421,3690,33761,3805,2121,4207,1156,3051,24726,13709,13791,11975,0,0,3805,6031,15258,5236,4236
26/08/2021,6025,8421,3690,33761,3805,2121,4207,1156,3051,24726,13709,13791,11975,0,0,3805,6031,15258,5236,4236
27/08/2021,6025,8421,3690,33761,3805,2121,4207,1156,3051,24726,13709,13791,11975,0,0,3805,6031,15258,5236,4236
28/08/2021,6025,8421,3690,33761,3805,2121,4207,1156,3051,24726,13709,13791,11975,0,0,3805,6031,15258,5236,4236
29/08/2021,6025,8421,3690,33761,3805,2121,4207,1156,3051,24726,13709,13791,11975,0,0,3805,6031,15258,5236,4236
30/08/2021,6025,8421,3690,33761,3805,2121,4207,1156,3051,24726,13709,13791,11975,0,0,3805,6031,15258,5236,4236
31/08/2021,6025,8421,3690,33761,3805,2121,4207,1156,3051,24726,13709,13791,11975,0,0,3805,6031,15258,5236,4236
01/09/2021,6025,8421,3690,33761,3805,2121,4202,1151,3051,24759,13742,13794,11975,0,0,3805,6031,15258,5236,4236
02/09/2021,6025,8421,3690,33761,3805,2121,4202,1151,3051,24759,13742,13794,11975,0,0,3805,6031,15258,5236,4236
03/09/2021,6025,8421,3690,33761,3805,2121,4202,1151,3051,24759,13742,13794,11975,0,0,3805,6031,15258,5236,4236
04/09/2021,6025,8421,3690,33761,3805,2121,4202,1151,3051,24759,13742,13794,11975,0,0,3805,6031,15258,5236,4236
05/09/2021,6025,8421,3690,33761,3805,2121,4202,1151,3051,24759,13742,13794,11975,0,0,3805,6031,15258,5236,4236
06/09/2021,6025,8421,3690,33761,3805,2121,4202,1151,3051,24759,13742,13794,11975,0,0,3805,6031,15258,5236,4236
07/09/2021,6025,8421,3690,33761,3805,2121,4202,1151,3051,24759,13742,13794,11975,0,0,3805,6031,15258,5236,4236
08/09/2021,6025,8421,3690,33761,3805,2121,4202,1151,3051,24759,13742,13794,11975,0,0,3805,6031,15258,5236,4236
09/09/2021,6025,8421,3690,33761,3805,2121,4202,1151,3051,24759,13742,13794,11975,0,0,3805,6031,15258,5236,4236
10/09/2021,6025,8421,3690,33761,3805,2121,4202,1151,3051,24759,13742,13794,11975,0,0,3805,6031,15258,5236,4236
11/09/2021,6025,8421,3690,33761,3805,2121,4202,1151,3051,24759,13742,13794,11975,0,0,3805,6031,15258,5236,4236
12/09/2021,6025,8421,3690,33761,3805,2121,4202,1151,3051,24759,13742,13794,11975,0,0,3805,6031,15258,5236,4236
13/09/2021,6025,8421,3690,33761,3805,2121,4202,1151,3051,24759,13742,13794,11975,0,0,3805,6031,15258,5236,4236
14/09/2021,6025,8421,3690,33761,3805,2121,4202,1151,3051,24759,13742,13794,11975,0,0,3805,6031,15258,5236,4236
15/09/2021,6025,8421,3690,33761,3805,2121,4202,1151,3051,24759,13742,13794,11975,0,0,3805,6031,15258,5236,4236
16/09/2021,6025,8421,3690,33761,3805,2121,4202,1151,3051,24759,13742,13794,11975,0,0,3805,6031,15258,5236,4236
17/09/2021,6025,8421,3690,33761,3805,2121,4202,1151,3051,24759,13742,13794,11975,0,0,3805,6031,15258,5236,4236
18/09/2021,6025,8421,3690,33761,3805,2121,4202,1151,3051,24759,13742,13794,11975,0,0,3805,6031,15258,5236,4236
19/09/2021,6025,8421,3690,33761,3805,2121,4202,1151,3051,24759,13742,13794,11975,0,0,3805,6031,15258,5236,4236
20/09/2021,6025,8421,3690,33761,3805,2121,4202,1151,3051,24759,13742,13794,11975,0,0,3805,6031,15258,5236,4236
21/09/2021,6025,8421,3690,33761,3805,2121,4202,1151,3051,24759,13742,13794,11975,0,0,3805,6031,15258,5236,4236
22/09/2021,6025,8421,3690,33761,3805,2121,4202,1151,3051,24759,13742,13794,11975,0,0,3805,6031,15258,5236,4236
23/09/2021,6025,8421,3690,33761,3805,2121,4202,1151,3051,24759,13742,13794,11975,0,0,3805,6031,15258,5236,4236
24/09/2021,6025,8421,3690,33761,3805,2121,4202,1151,3051,24759,13742,13794,11975,0,0,3805,6031,15258,5236,4236
25/09/2021,6025,8421,3690,33761,3805,2121,4202,1151,3051,24759,13742,13794,11975,0,0,3805,6031,15258,5236,4236
26/09/2021,6025,8421,3690,33761,3805,2121,4202,1151,3051,24759,13742,13794,11975,0,0,3805,6031,15258,5236,4236
27/09/2021,6025,8421,3690,33761,3805,2121,4202,1151,3051,24759,13742,13794,11975,0,0,3805,6031,15258,5236,4236
28/09/2021,6025,8421,3690,33761,3805,2121,4202,1151,3051,24759,13742,13794,11975,0,0,3805,6031,15258,5236,4236
29/09/2021,6025,8421,3690,33761,3805,2121,4202,1151,3051,24759,13742,13794,11975,0,0,3805,6031,15258,5236,4236
30/09/2021,6025,8421,3690,33761,3805,2121,4202,1151,3051,24759,13742,13794,11975,0,0,3805,6031,15258,5236,4236
01/10/2021,6725,8421,3690,33761,3805,2121,4202,1151,3051,24819,13782,13799,11975,0,0,3805,6031,15258,5236,4236
02/10/2021,6725,8421,3690,33761,3805,2121,4202,1151,3051,24819,13782,13799,11975,0,0,3805,6031,15258,5236,4236
03/10/2021,6725,8421,3690,33761,3805,2121,4202,1151,3051,24819,13782,13799,11975,0,0,3805,6031,15258,5236,4236
04/10/2021,6725,8421,3690,33761,3805,2121,4202,1151,3051,24819,13782,13799,11975,0,0,3805,6031,15258,5236,4236
05/10/2021,6725,8421,3690,33761,3805,2121,4205,1153,3052,24819,13782,13799,11975,0,0,3805,6031,15258,5236,4236
06/10/2021,6725,8421,3690,33761,3805,2121,4205,1153,3052,24819,13782,13799,11975,0,0,3805,6031,15258,5236,4236
07/10/2021,6725,8421,3690,33261,3805,2121,4205,1153,3052,24819,13782,13799,11975,0,0,3805,6031,14758,5236,4236
08/10/2021,6725,8421,3690,33261,3805,2121,4205,1153,3052,24819,13782,13799,11975,0,0,3805,6031,14758,5236,4236
09/10/2021,6725,8421,3690,33261,3805,2121,4205,1153,3052,24819,13782,13799,11975,0,0,3805,6031,14758,5236,4236
10/10/2021,6725,8421,3690,33261,3805,2121,4205,1153,3052,24819,13782,13799,11975,0,0,3805,6031,14758,5236,4236
11/10/2021,6725,8421,3690,33261,3805,2121,4205,1153,3052,24819,13782,13799,11975,0,0,3805,6031,14758,5236,4236
12/10/2021,6725,8421,3690,33261,3805,2121,4205,1153,3052,24819,13782,13799,11975,0,0,3805,6031,14758,5236,4236
13/10/2021,6725,8421,3690,33261,3805,2121,4206,1154,3052,24819,13782,13799,11975,0,0,3805,6031,14758,5236,4236
14/10/2021,6725,8421,3690,33261,3805,2121,4206,1154,3052,24819,13782,13799,11975,0,0,3805,6031,14758,5236,4236
15/10/2021,6725,8421,3690,33261,3805,2121,4206,1154,3052,24819,13782,13799,11975,0,0,3805,6031,14758,5236,4236
16/10/2021,6725,8421,3690,33261,3805,2121,4206,1154,3052,24819,13782,13799,11975,0,0,3805,6031,14758,5236,4236
17/10/2021,6725,8421,3690,33261,3805,2121,4206,1154,3052,24819,13782,13799,11975,0,0,3805,6031,14758,5236,4236
18/10/2021,6725,8421,3690,33261,3805,2121,4206,1154,3052,24819,13782,13799,11975,0,0,3805,6031,14758,5236,4236
19/10/2021,6725,8421,3690,33261,3805,2121,4206,1154,3052,24819,13782,13799,11975,0,0,3805,6031,14758,5236,4236
20/10/2021,6725,8421,3690,33261,3805,2121,4206,1154,3052,24819,13782,13799,11975,0,0,3805,6031,14758,5236,4236
21/10/2021,6725,8421,3690,33261,3805,2121,4206,1154,3052,24819,13782,13799,11975,0,0,3805,6031,14758,5236,4236
22/10/2021,6725,8421,3690,33261,3805,2121,4206,1154,3052,24819,13782,13799,11975,0,0,3805,6031,14758,5236,4236
23/10/2021,6725,8421,3690,33261,3805,2121,4206,1154,3052,24819,13782,13799,11975,0,0,3805,6031,14758,5236,4236
24/10/2021,6725,8421,3690,33261,3805,2121,4206,1154,3052,24819,13782,13799,11975,0,0,3805,6031,14758,5236,4236
25/10/2021,6725,8421,3690,33261,3805,2121,4206,1154,3052,24819,13782,13799,11975,0,0,3805,6031,14758,5236,4236
26/10/2021,6725,8421,3690,33261,3805,2121,4206,1154,3052,24819,13782,13799,11975,0,0,3805,6031,14758,5236,4236
27/10/2021,6725,8421,3690,33261,3805,2121,4206,1154,3052,24819,13782,13799,11975,0,0,3805,6031,14758,5236,4236
28/10/2021,6725,8421,3690,33261,3805,2121,4206,1154,3052,24819,13782,13799,11975,0,0,3805,6031,14758,5236,4236
29/10/2021,6725,8421,3690,33227,3805,2121,4206,1154,3052,24819,13782,13799,11975,0,0,3805,6031,14724,5236,4236
30/10/2021,6725,8421,3690,33227,3805,2121,4206,1154,3052,24819,13782,13799,11975,0,0,3805,6031,14724,5236,4236
31/10/2021,6725,8421,3690,33227,3805,2121,4206,1154,3052,24819,13782,13799,11975,0,0,3805,6031,14724,5236,4236
01/11/2021,6725,8421,3690,33227,3805,2121,4206,1154,3052,24845,13821,13805,11975,0,0,3805,6031,14724,5236,4236
02/11/2021,6725,8421,3690,33227,3805,2121,4206,1154,3052,24845,13821,13805,11975,0,0,3805,6031,14724,5236,4236
03/11/2021,6725,8421,3690,33227,3805,2121,4206,1154,3052,24845,13821,13805,11975,0,0,3805,6031,14724,5236,4236
04/11/2021,6725,8421,3690,33227,3805,2121,4206,1154,3052,24845,13821,13805,11975,0,0,3805,6031,14724,5236,4236
05/11/2021,6725,8421,3690,33227,3805,2121,4206,1154,3052,24845,13821,13805,11975,0,0,3805,6031,14724,5236,4236
06/11/2021,6725,8421,3690,33227,3805,2121,4206,1154,3052,24845,13821,13805,11975,0,0,3805,6031,14724,5236,4236
07/11/2021,6725,8421,3690,33227,3805,2121,4206,1154,3052,24845,13821,13805,11975,0,0,3805,6031,14724,5236,4236
08/11/2021,6725,8421,3690,33227,3805,2121,4206,1154,3052,24845,13821,13805,11975,0,0,3805,6031,14724,5236,4236
09/11/2021,6725,8421,3690,33227,3805,2121,4206,1154,3052,24845,13821,13805,11975,0,0,3805,6031,14724,5236,4236
10/11/2021,6725,8421,3690,33227,3805,2121,4206,1154,3052,24845,13821,13805,11975,0,0,3805,6031,14724,5236,4236
11/11/2021,6725,8421,3690,33227,3805,2121,4206,1154,3052,24845,13821,13805,11975,0,0,3805,6031,14724,5236,4236
12/11/2021,6725,8421,3690,33227,3805,2121,4206,1154,3052,24845,13821,13805,11975,0,0,3805,6031,14724,5236,4236
13/11/2021,6725,8421,3690,33227,3805,2121,4206,1154,3052,24845,13821,13805,11975,0,0,3805,6031,14724,5236,4236
14/11/2021,6725,8421,3690,33227,3805,2121,4206,1154,3052,24845,13821,13805,11975,0,0,3805,6031,14724,5236,4236
15/11/2021,6725,8421,3690,33227,3805,2121,4206,1154,3052,24845,13821,13805,11975,0,0,3805,6031,14724,5236,4236
16/11/2021,6725,8421,3690,33227,3805,2121,4206,1154,3052,24845,13821,13805,11975,0,0,3805,6031,14724,5236,4236
17/11/2021,6725,8421,3690,33227,3805,2121,4206,1154,3052,24845,13821,13805,11975,0,0,3805,6031,14724,5236,4236
18/11/2021,6725,8421,3690,33227,3805,2121,4206,1154,3052,24845,13821,13805,11975,0,0,3805,6031,14724,5236,4236
19/11/2021,6725,8421,3690,33227,3805,2121,4206,1154,3052,24845,13821,13805,11975,0,0,3805,6031,14724,5236,4236
20/11/2021,6725,8421,3690,33227,3805,2121,4206,1154,3052,24845,13821,13805,11975,0,0,3805,6031,14724,5236,4236
21/11/2021,6725,8421,3690,33227,3805,2121,4206,1154,3052,24845,13821,13805,11975,0,0,3805,6031,14724,5236,4236
22/11/2021,6725,8421,3690,33227,3805,2121,4206,1154,3052,24845,13821,13805,11975,0,0,3805,6031,14724,5236,4236
23/11/2021,6725,8421,3690,33227,3805,2121,4206,1154,3052,24845,13821,13805,11975,0,0,3805,6031,14724,5236,4236
24/11/2021,6725,8421,3690,33227,3805,2171,4206,1154,3052,24845,13821,13805,11975,0,0,3805,6031,14724,5236,4236
25/11/2021,6725,8421,3690,33227,3805,2171,4206,1154,3052,24845,13821,13805,11975,0,0,3805,6031,14724,5236,4236
26/11/2021,6725,8421,3690,33227,3805,2171,4206,1154,3052,24845,13821,13805,11975,0,0,3805,6031,14724,5236,4236
27/11/2021,6725,8421,3690,33227,3805,2171,4206,1154,3052,24845,13821,13805,11975,0,0,3805,6031,14724,5236,4236
28/11/2021,6725,8421,3690,33227,3805,2171,4206,1154,3052,24845,13821,13805,11975,0,0,3805,6031,14724,5236,4236
29/11/2021,6725,8421,3690,33227,3805,2171,4206,1154,3052,24845,13821,13805,11975,0,0,3805,6031,14724,5236,4236
30/11/2021,6725,8421,3690,33227,3805,2171,4206,1154,3052,24845,13821,13805,11975,0,0,3805,6031,14724,5236,4236
01/12/2021,6725,8421,3690,33227,3805,2171,4226,1174,3052,24847,13857,13798,11975,0,0,3805,6031,14724,5236,4236
02/12/2021,6725,8421,3690,33227,3805,2171,4226,1174,3052,24847,13857,13798,11975,0,0,3805,6031,14724,5236,4236
03/12/2021,6725,8421,3690,33227,3805,2171,4226,1174,3052,24847,13857,13798,11975,0,0,3805,6031,14724,5236,4236
04/12/2021,6725,8421,3690,33227,3805,2171,4226,1174,3052,24847,13857,13798,11975,0,0,3805,6031,14724,5236,4236
05/12/2021,6725,8421,3690,33227,3805,2171,4226,1174,3052,24847,13857,13798,11975,0,0,3805,6031,14724,5236,4236
06/12/2021,6725,8421,3690,33227,3805,2171,4226,1174,3052,24847,13857,13798,11975,0,0,3805,6031,14724,5236,4236
07/12/2021,6725,8421,3690,33227,3805,2276,4226,1174,3052,24847,13857,13798,11975,0,0,3805,6031,14724,5236,4236
08/12/2021,6725,8421,3690,33227,3805,2276,4226,1174,3052,24847,13857,13798,11975,0,0,3805,6031,14724,5236,4236
09/12/2021,6725,8421,3690,33227,3805,2276,4226,1174,3052,24847,13857,13798,11975,0,0,3805,6031,14724,5236,4236
10/12/2021,6725,8421,3690,33227,3805,2276,4226,1174,3052,24847,13857,13798,11975,0,0,3805,6031,14724,5236,4236
11/12/2021,6725,8421,3690,33227,3805,2276,4226,1174,3052,24847,13857,13798,11975,0,0,3805,6031,14724,5236,4236
12/12/2021,6725,8421,3690,33227,3805,2276,4226,1174,3052,24847,13857,13798,11975,0,0,3805,6031,14724,5236,4236
13/12/2021,6725,8421,3690,33227,3805,2276,4226,1174,3052,24847,13857,13798,11975,0,0,3805,6031,14724,5236,4236
14/12/2021,6725,8421,3690,33227,3805,2276,4226,1174,3052,24847,13857,13798,11975,0,0,3805,6031,14724,5236,4236
15/12/2021,6725,8421,3690,33227,3805,2276,4226,1174,3052,24847,13857,13798,11975,0,0,3805,6031,14724,5236,4236
16/12/2021,6725,8421,3690,33227,3805,2276,4226,1174,3052,24847,13857,13798,11975,0,0,3805,6031,14724,5236,4236
17/12/2021,6725,8421,3690,33227,3805,2276,4226,1174,3052,24847,13857,13798,11975,0,0,3805,6031,14724,5236,4236
18/12/2021,6725,8421,3690,33227,3805,2276,4226,1174,3052,24847,13857,13798,11975,0,0,3805,6031,14724,5236,4236
19/12/2021,6725,8421,3690,33227,3805,2276,4226,1174,3052,24847,13857,13798,11975,0,0,3805,6031,14724,5236,4236
20/12/2021,6725,8421,3690,33227,3805,2276,4226,1174,3052,24847,13857,13798,11975,0,0,3805,6031,14724,5236,4236
21/12/2021,6725,8421,3690,33227,3805,2276,4226,1174,3052,24847,13857,13798,11975,0,0,3805,6031,14724,5236,4236
22/12/2021,6725,8421,3690,33227,3805,2276,4226,1174,3052,24847,13857,13798,11975,0,0,3805,6031,14724,5236,4236
23/12/2021,6725,8421,3690,33227,3805,2276,4226,1174,3052,24847,13857,13798,11975,0,0,3805,6031,14724,5236,4236
24/12/2021,6725,8421,3690,33227,3805,2276,4226,1174,3052,24847,13857,13798,11975,0,0,3805,6031,14724,5236,4236
25/12/2021,6725,8421,3690,33227,3805,2276,4226,1174,3052,24847,13857,13798,11975,0,0,3805,6031,14724,5236,4236
26/12/2021,6725,8421,3690,33227,3805,2276,4226,1174,3052,24847,13857,13798,11975,0,0,3805,6031,14724,5236,4236
27/12/2021,6725,8421,3690,33227,3805,2276,4226,1174,3052,24847,13857,13798,11975,0,0,3805,6031,14724,5236,4236
28/12/2021,6725,8421,3690,33227,3805,2276,4226,1174,3052,24847,13857,13798,11975,0,0,3805,6031,14724,5236,4236
29/12/2021,6725,8421,3690,33227,3805,2276,4226,1174,3052,24847,13857,13798,11975,0,0,3805,6031,14724,5236,4236
30/12/2021,6725,8421,3690,33227,3805,2276,4226,1174,3052,24847,13857,13798,11975,0,0,3805,6031,14724,5236,4236
31/12/2021,6725,8421,3690,33227,3805,2276,4226,1174,3052,24847,13857,13798,11975,0,0,3805,6031,14724,5236,4236
01/01/2022,6725,8421,3690,33227,3805,2276,4226,1174,3052,24899,13914,13837,11975,0,0,3805,6031,14724,5236,4236
02/01/2022,6725,8421,3690,33227,3805,2276,4226,1174,3052,24899,13914,13837,11975,0,0,3805,6031,14724,5236,4236
03/01/2022,6725,8421,3690,33227,3805,2276,4226,1174,3052,24899,13914,13837,11975,0,0,3805,6031,14724,5236,4236
04/01/2022,6725,8421,3690,33227,3805,2276,4226,1174,3052,24899,13914,13837,11975,0,0,3805,6031,14724,5236,4236
05/01/2022,6725,8421,3690,33227,3805,2276,4226,1174,3052,24899,13914,13837,11975,0,0,3805,6031,14724,5236,4236
06/01/2022,6725,8421,3690,33227,3805,2276,4226,1174,3052,24899,13914,13837,11975,0,0,3805,6031,14724,5236,4236
07/01/2022,6725,8421,3690,33227,3805,2276,4226,1174,3052,24899,13914,13837,11975,0,0,3805,6031,14724,5236,4236
08/01/2022,6725,8421,3690,33227,3805,2276,4226,1174,3052,24899,13914,13837,11975,0,0,3805,6031,14724,5236,4236
09/01/2022,6725,8421,3690,33227,3805,2276,4226,1174,3052,24899,13914,13837,11975,0,0,3805,6031,14724,5236,4236
10/01/2022,6725,8421,3690,33227,3805,2276,4226,1174,3052,24899,13914,13837,11975,0,0,3805,6031,14724,5236,4236
11/01/2022,6725,8421,3690,33227,3805,2276,4226,1174,3052,24899,13914,13837,11975,0,0,3805,6031,14724,5236,4236
12/01/2022,6725,8421,3690,33227,3837,2276,4226,1174,3052,24899,13914,13837,11975,0,0,3837,6031,14724,5236,4236
13/01/2022,6725,8421,3690,33227,3837,2276,4226,1174,3052,24899,13914,13837,11975,0,0,3837,6031,14724,5236,4236
14/01/2022,6725,8421,3690,33227,3837,2276,4226,1174,3052,24899,13914,13837,11975,0,0,3837,6031,14724,5236,4236
15/01/2022,6725,8421,3690,33227,3837,2276,4226,1174,3052,24899,13914,13837,12415,0,0,3837,6031,14724,5236,4236
16/01/2022,6725,8421,3690,33227,3837,2276,4226,1174,3052,24899,13914,13837,12415,0,0,3837,6031,14724,5236,4236
17/01/2022,6725,8421,3690,33227,3837,2276,4226,1174,3052,24899,13914,13837,12415,0,0,3837,6031,14724,5236,4236
18/01/2022,6725,8421,3690,33227,3837,2276,4226,1174,3052,24899,13914,13837,12415,0,0,3837,6031,14724,5236,4236
19/01/2022,6725,8421,3690,33227,3837,2276,4226,1174,3052,24899,13914,13837,12855,0,0,3837,6031,14724,5236,4236
20/01/2022,6725,8421,3690,33227,3805,2276,4226,1174,3052,24899,13914,13837,12855,0,0,3805,6031,14724,5236,4236
21/01/2022,6725,8421,3690,33227,3805,2276,4226,1174,3052,24899,13914,13837,12855,0,0,3805,6031,14724,5236,4236
22/01/2022,6725,8421,3690,33227,3805,2276,4226,1174,3052,24899,13914,13837,12855,0,0,3805,6031,14724,5236,4236
23/01/2022,6725,8421,3690,33227,3805,2276,4226,1174,3052,24899,13914,13837,12855,0,0,3805,6031,14724,5236,4236
24/01/2022,6725,8421,3690,33227,3805,2276,4226,1174,3052,24899,13914,13837,12855,0,0,3805,6031,14724,5236,4236
25/01/2022,6725,8421,3690,33227,3805,2276,4226,1174,3052,24899,13914,13837,12855,0,0,3805,6031,14724,5236,4236
26/01/2022,6725,8421,3690,33227,3805,2276,4226,1174,3052,24899,13914,13837,12855,0,0,3805,6031,14724,5236,4236
27/01/2022,6725,8421,3690,33227,3805,2276,4226,1174,3052,24899,13914,13837,12855,0,0,3805,6031,14724,5236,4236
28/01/2022,6725,8421,3690,33227,3805,2276,4226,1174,3052,24899,13914,13837,12855,0,0,3805,6031,14724,5236,4236
29/01/2022,6725,8421,3690,33227,3805,2276,4226,1174,3052,24899,13914,13837,12855,0,0,3805,6031,14724,5236,4236
30/01/2022,6725,8421,3690,33227,3805,2276,4226,1174,3052,24899,13914,13837,12855,0,0,3805,6031,14724,5236,4236
31/01/2022,6725,8421,3690,33227,3805,2276,4226,1174,3052,24899,13914,13837,12855,0,0,3805,6031,14724,5236,4236
01/02/2022,6725,8421,3690,33227,3805,2276,4226,1174,3052,25115,13937,13881,12855,0,0,3805,6031,14724,5236,4236
02/02/2022,6725,8421,3690,33227,3805,2276,4226,1174,3052,25115,13937,13881,12855,0,0,3805,6031,14724,5236,4236
03/02/2022,6725,8421,3690,33227,3805,2276,4226,1174,3052,25115,13937,13881,12855,0,0,3805,6031,14724,5236,4236
04/02/2022,6725,8421,3690,33227,3805,2276,4226,1174,3052,25115,13937,13881,12855,0,0,3805,6031,14724,5236,4236
05/02/2022,6725,8421,3690,33227,3805,2276,4226,1174,3052,25115,13937,13881,12855,0,0,3805,6031,14724,5236,4236
06/02/2022,6725,8421,3690,33227,3805,2276,4226,1174,3052,25115,13937,13881,12855,0,0,3805,6031,14724,5236,4236
07/02/2022,7075,8421,3690,33227,3805,2276,4226,1174,3052,25115,13937,13881,12855,0,0,3805,6031,14724,5236,4236
08/02/2022,7075,8421,3690,33227,3805,2276,4226,1174,3052,25115,13937,13881,12855,0,0,3805,6031,14724,5236,4236
09/02/2022,7075,8421,3690,33227,3805,2276,4226,1174,3052,25115,13937,13881,12855,0,0,3805,6031,14724,5236,4236
10/02/2022,7075,8421,3690,33227,3805,2276,4226,1174,3052,25115,13937,13881,12855,0,0,3805,6031,14724,5236,4236
11/02/2022,7075,8421,3690,33227,3805,2276,4226,1174,3052,25115,13937,13881,12855,0,0,3805,6031,14724,5236,4236
12/02/2022,7075,8421,3690,33227,3805,2276,4226,1174,3052,25115,13937,13881,12855,0,0,3805,6031,14724,5236,4236
13/02/2022,7075,8421,3690,33227,3805,2276,4226,1174,3052,25115,13937,13881,12855,0,0,3805,6031,14724,5236,4236
14/02/2022,7075,8421,3690,33227,3805,2276,4226,1174,3052,25115,13937,13881,12855,0,0,3805,6031,14724,5236,4236
15/02/2022,7075,8421,3690,33227,3805,2276,4226,1174,3052,25115,13937,13881,12855,0,0,3805,6031,14724,5236,4236
16/02/2022,7075,8421,3690,33227,3805,2276,4226,1174,3052,25115,13937,13881,12855,0,0,3805,6031,14724,5236,4236
17/02/2022,7075,8421,3690,33227,3805,2276,4226,1174,3052,25115,13937,13881,12855,0,0,3805,6031,14724,5236,4236
18/02/2022,7075,8421,3690,33227,3805,2276,4226,1174,3052,25115,13937,13881,12855,0,0,3805,6031,14724,5236,4236
19/02/2022,7075,8421,3690,33227,3805,2276,4226,1174,3052,25115,13937,13881,12855,0,0,3805,6031,14724,5236,4236
20/02/2022,7075,8421,3690,33227,3805,2276,4226,1174,3052,25115,13937,13881,12855,0,0,3805,6031,14724,5236,4236
21/02/2022,7075,8421,3690,33227,3805,2276,4226,1174,3052,25115,13937,13881,12855,0,0,3805,6031,14724,5236,4236
22/02/2022,7075,8421,3690,33227,3805,2276,4226,1174,3052,25115,13937,13881,12855,0,0,3805,6031,14724,5236,4236
23/02/2022,7075,8421,3690,33227,3805,2276,4226,1174,3052,25115,13937,13881,12855,0,0,3805,6031,14724,5236,4236
24/02/2022,7075,8421,3690,33227,3805,2276,4226,1174,3052,25115,13937,13881,12855,0,0,3805,6031,14724,5236,4236
25/02/2022,7075,8421,3690,33227,3805,2276,4226,1174,3052,25115,13937,13881,12855,0,0,3805,6031,14724,5236,4236
26/02/2022,7075,8421,3690,33227,3805,2276,4226,1174,3052,25115,13937,13881,12855,0,0,3805,6031,14724,5236,4236
27/02/2022,7075,8421,3690,33227,3805,2376,4226,1174,3052,25115,13937,13881,12855,0,0,3805,6031,14724,5236,4236
28/02/2022,7075,8421,3690,33227,3805,2376,4226,1174,3052,25115,13937,13881,12855,0,0,3805,6031,14724,5236,4236
01/03/2022,7075,8421,3690,33227,3805,2376,4420,1368,3052,24927,13966,13662,12855,0,0,3805,6031,14724,5236,4236
02/03/2022,7075,8421,3690,33227,3805,2376,4420,1368,3052,24927,13966,13662,12855,0,0,3805,6031,14724,5236,4236
03/03/2022,7075,8421,3690,33227,3805,2426,4420,1368,3052,24927,13966,13662,12855,0,0,3805,6031,14724,5236,4236
04/03/2022,7075,8421,3690,33227,3805,2426,4420,1368,3052,24927,13966,13662,12855,0,0,3805,6031,14724,5236,4236
05/03/2022,7075,8421,3690,33227,3805,2426,4420,1368,3052,24927,13966,13662,12855,0,0,3805,6031,14724,5236,4236
06/03/2022,7075,8421,3690,33227,3805,2426,4420,1368,3052,24927,13966,13662,12855,0,0,3805,6031,14724,5236,4236
07/03/2022,7075,8421,3690,33227,3805,2426,4420,1368,3052,24927,13966,13662,12855,0,0,3805,6031,14724,5236,4236
08/03/2022,7075,8421,3690,33227,3805,2426,4420,1368,3052,24927,13966,13662,12855,0,0,3805,6031,14724,5236,4236
09/03/2022,7075,8421,3690,33227,3805,2426,4420,1368,3052,24927,13966,13662,12855,0,0,3805,6031,14724,5236,4236
10/03/2022,7075,8421,3690,33227,3805,2426,4420,1368,3052,24927,13966,13662,12855,0,0,3805,6031,14724,5236,4236
11/03/2022,7075,8421,3690,33227,3805,2426,4420,1368,3052,24927,13966,13662,12855,0,0,3805,6031,14724,5236,4236
12/03/2022,7075,8421,3690,33227,3805,2426,4420,1368,3052,24927,13966,13662,12855,0,0,3805,6031,14724,5236,4236
13/03/2022,7075,8421,3690,33227,3805,2426,4420,1368,3052,24927,13966,13662,12855,0,0,3805,6031,14724,5236,4236
14/03/2022,7075,8421,3690,33227,3805,2426,4420,1368,3052,24927,13966,13662,12855,0,0,3805,6031,14724,5236,4236
15/03/2022,7075,8421,3690,33227,3805,2426,4420,1368,3052,24927,13966,13662,12855,0,0,3805,6031,14724,5236,4236
16/03/2022,7425,8421,3690,33227,3805,2426,4425,1373,3052,24927,13966,13662,12855,0,0,3805,6031,14724,5236,4236
17/03/2022,7425,8421,3690,33227,3805,2426,4425,1373,3052,24927,13966,13662,12855,0,0,3805,6031,14724,5236,4236
18/03/2022,7425,8421,3690,33227,3805,2405,4425,1373,3052,24927,13966,13662,12855,0,0,3805,6031,14724,5236,4236
19/03/2022,7425,8421,3690,33227,3805,2405,4425,1373,3052,24927,13966,13662,12855,0,0,3805,6031,14724,5236,4236
20/03/2022,7425,8421,3690,33227,3805,2405,4425,1373,3052,24927,13966,13662,12855,0,0,3805,6031,14724,5236,4236
21/03/2022,7425,8421,3690,33227,3805,2405,4425,1373,3052,24927,13966,13662,12855,0,0,3805,6031,14724,5236,4236
22/03/2022,7425,8421,3690,33227,3805,2405,4425,1373,3052,24927,13966,13662,12855,0,0,3805,6031,14724,5236,4236
23/03/2022,7425,8421,3690,33227,3805,2405,4425,1373,3052,24927,13966,13662,12855,0,0,3805,6031,14724,5236,4236
24/03/2022,7425,8421,3690,33227,3805,2405,4425,1373,3052,24927,13966,13662,12855,0,0,3805,6031,14724,5236,4236
25/03/2022,7425,8421,3690,33227,3805,2405,4425,1373,3052,24927,13966,13662,12855,0,0,3805,6031,14724,5236,4236
26/03/2022,7425,8421,3690,33227,3805,2405,4425,1373,3052,24927,13966,13662,12855,0,0,3805,6031,14724,5236,4236
27/03/2022,7425,8421,3690,33227,3805,2405,4425,1373,3052,24927,13966,13662,12855,0,0,3805,6031,14724,5236,4236
28/03/2022,7425,8421,3690,33227,3805,2405,4425,1373,3052,24927,13966,13662,12855,0,0,3805,6031,14724,5236,4236
29/03/2022,7425,8421,3690,33227,3805,2405,4425,1373,3052,24927,13966,13662,12855,0,0,3805,6031,14724,5236,4236
30/03/2022,7425,8421,3690,33227,3805,2405,4425,1373,3052,24927,13966,13662,12855,0,0,3805,6031,14724,5236,4236
31/03/2022,7425,8421,3690,33227,3805,2405,4425,1373,3052,24927,13966,13662,12855,0,0,3805,6031,14724,5236,4236
01/04/2022,7425,8421,3690,33227,3805,2405,4425,1373,3052,25187,14005,13686,12855,0,0,3805,6031,14724,5236,4236
02/04/2022,7425,8421,3690,33227,3805,2405,4425,1373,3052,25187,14005,13686,12855,0,0,3805,6031,14724,5236,4236
03/04/2022,7425,8421,3690,33227,3805,2405,4425,1373,3052,25187,14005,13686,12855,0,0,3805,6031,14724,5236,4236
04/04/2022,7425,8421,3690,33227,3805,2405,4425,1373,3052,25187,14005,13686,12855,0,0,3805,6031,14724,5236,4236
05/04/2022,7425,8421,3690,33227,3805,2405,4425,1373,3052,25187,14005,13686,12855,0,0,3805,6031,14724,5236,4236
06/04/2022,7425,8421,3690,33227,3805,2405,4426,1373,3053,25187,14005,13686,12855,0,0,3805,6031,14724,5236,4236
07/04/2022,7425,8421,3690,33227,3805,2405,4426,1373,3053,25187,14005,13686,12855,0,0,3805,6031,14724,5236,4236
08/04/2022,7425,8421,3690,33227,3805,2405,4426,1373,3053,25187,14005,13686,12855,0,0,3805,6031,14724,5236,4236
09/04/2022,7425,8421,3690,33227,3805,2405,4426,1373,3053,25187,14005,13686,12855,0,0,3805,6031,14724,5236,4236
10/04/2022,7425,8421,3690,33227,3805,2405,4426,1373,3053,25187,14005,13686,12855,0,0,3805,6031,14724,5236,4236
11/04/2022,7425,8421,3690,33227,3805,2405,4426,1373,3053,25187,14005,13686,12855,0,0,3805,6031,14724,5236,4236
12/04/2022,7425,8421,3690,33227,3805,2405,4426,1373,3053,25187,14005,13686,12855,0,0,3805,6031,14724,5236,4236
13/04/2022,7425,8421,3690,33227,3805,2405,4426,1373,3053,25187,14005,13686,12855,0,0,3805,6031,14724,5236,4236
14/04/2022,7425,8421,3690,33227,3805,2405,4426,1373,3053,25187,14005,13686,12855,0,0,3805,6031,14724,5236,4236
15/04/2022,7425,8421,3690,33227,3805,2405,4426,1373,3053,25187,14005,13686,12855,0,0,3805,6031,14724,5236,4236
16/04/2022,7425,8421,3690,33227,3805,2405,4426,1373,3053,25187,14005,13686,12855,0,0,3805,6031,14724,5236,4236
17/04/2022,7425,8421,3690,33227,3805,2405,4426,1373,3053,25187,14005,13686,12855,0,0,3805,6031,14724,5236,4236
18/04/2022,7425,8421,3690,33227,3805,2405,4426,1373,3053,25187,14005,13686,12855,0,0,3805,6031,14724,5236,4236
19/04/2022,7425,8421,3690,33227,3805,2405,4426,1373,3053,25187,14005,13686,12855,0,0,3805,6031,14724,5236,4236
20/04/2022,7425,8421,3690,33227,3805,2405,4426,1373,3053,25187,14005,13686,12855,0,0,3805,6031,14724,5236,4236
21/04/2022,7425,8421,3690,33227,3805,2405,4426,1373,3053,25187,14005,13686,12855,0,0,3805,6031,14724,5236,4236
22/04/2022,7425,8421,3690,33227,3805,2405,4426,1373,3053,25187,14005,13686,12855,0,0,3805,6031,14724,5236,4236
23/04/2022,7425,8421,3690,33227,3805,2405,4426,1373,3053,25187,14005,13686,12855,0,0,3805,6031,14724,5236,4236
24/04/2022,7425,8421,3690,33227,3805,2405,4426,1373,3053,25187,14005,13686,12855,0,0,3805,6031,14724,5236,4236
25/04/2022,7425,8421,3690,33227,3805,2405,4426,1373,3053,25187,14005,13686,12855,0,0,3805,6031,14724,5236,4236
26/04/2022,7425,8421,3690,33227,3805,2405,4426,1373,3053,25187,14005,13686,12855,0,0,3805,6031,14724,5236,4236
27/04/2022,7425,8421,3690,33227,3805,2405,4426,1373,3053,25187,14005,13686,12855,0,0,3805,6031,14724,5236,4236
28/04/2022,7425,8421,3690,33227,3805,2405,4426,1373,3053,25187,14005,13686,12855,0,0,3805,6031,14724,5236,4236
29/04/2022,7425,8421,3690,33227,3805,2405,4426,1373,3053,25187,14005,13686,12855,0,0,3805,6031,14724,5236,4236
30/04/2022,7425,8421,3690,33227,3805,2405,4426,1373,3053,25187,14005,13686,12855,0,0,3805,6031,14724,5236,4236
01/05/2022,7425,8421,3690,33227,3805,2405,4426,1373,3053,25185,14065,13685,12855,0,0,3805,6031,14724,5236,4236
02/05/2022,7425,8421,3690,33227,3805,2405,4426,1373,3053,25185,14065,13685,12855,0,0,3805,6031,14724,5236,4236
03/05/2022,7425,8421,3690,33227,3805,2405,4426,1373,3053,25185,14065,13685,12855,0,0,3805,6031,14724,5236,4236
04/05/2022,7425,8421,3690,33227,3805,2405,4426,1373,3053,25185,14065,13685,12855,0,0,3805,6031,14724,5236,4236
05/05/2022,7425,8421,3690,33227,3805,2405,4426,1373,3053,25185,14065,13685,12855,0,0,3805,6031,14724,5236,4236
06/05/2022,7425,8421,3690,33227,3805,2405,4426,1373,3053,25185,14065,13685,12855,0,0,3805,6031,14724,5236,4236
07/05/2022,7425,8421,3690,33227,3805,2405,4426,1373,3053,25185,14065,13685,12855,0,0,3805,6031,14724,5236,4236
08/05/2022,7425,8421,3690,33227,3805,2405,4426,1373,3053,25185,14065,13685,12855,0,0,3805,6031,14724,5236,4236
09/05/2022,7425,8421,3690,33227,3805,2405,4426,1373,3053,25185,14065,13685,12855,0,0,3805,6031,14724,5236,4236
10/05/2022,7425,8421,3690,33227,3805,2405,4426,1373,3053,25185,14065,13685,12855,0,0,3805,6031,14724,5236,4236
11/05/2022,7425,8421,3690,33227,3805,2405,4426,1373,3053,25185,14065,13685,12855,0,0,3805,6031,14724,5236,4236
12/05/2022,7425,8421,3690,33227,3805,2405,4426,1373,3053,25185,14065,13685,12855,0,0,3805,6031,14724,5236,4236
13/05/2022,7425,8421,3690,33227,3805,2405,4426,1373,3053,25185,14065,13685,12855,0,0,3805,6031,14724,5236,4236
14/05/2022,7425,8421,3690,33227,3805,2405,4426,1373,3053,25185,14065,13685,12855,0,0,3805,6031,14724,5236,4236
15/05/2022,7425,8421,3690,33227,3805,2405,4426,1373,3053,25185,14065,13685,12855,0,0,3805,6031,14724,5236,4236
16/05/2022,7425,8421,3690,33227,3805,2405,4426,1373,3053,25185,14065,13685,12855,0,0,3805,6031,14724,5236,4236
17/05/2022,7425,8421,3690,33227,3805,2405,4426,1373,3053,25185,14065,13685,12855,0,0,3805,6031,14724,5236,4236
18/05/2022,7425,8421,3690,33227,3805,2405,4426,1373,3053,25185,14065,13685,12855,0,0,3805,6031,14724,5236,4236
19/05/2022,7425,8421,3690,33227,3805,2405,4426,1373,3053,25185,14065,13685,12855,0,0,3805,6031,14724,5236,4236
20/05/2022,7425,8421,3690,33227,3805,2405,4426,1373,3053,25185,14065,13685,12855,0,0,3805,6031,14724,5236,4236
21/05/2022,7425,8421,3690,33227,3805,2405,4426,1373,3053,25185,14065,13685,12855,0,0,3805,6031,14724,5236,4236
22/05/2022,7425,8421,3690,33227,3805,2405,4426,1373,3053,25185,14065,13685,12855,0,0,3805,6031,14724,5236,4236
23/05/2022,7425,8421,3690,33227,3805,2405,4426,1373,3053,25185,14065,13685,12855,0,0,3805,6031,14724,5236,4236
24/05/2022,7425,8421,3690,33227,3805,2405,4426,1373,3053,25185,14065,13685,12855,0,0,3805,6031,14724,5236,4236
25/05/2022,7425,8421,3690,33227,3805,2405,4426,1373,3053,25185,14065,13685,12855,0,0,3805,6031,14724,5236,4236
26/05/2022,7425,8421,3690,33227,3805,2405,4426,1373,3053,25185,14065,13685,12855,0,0,3805,6031,14724,5236,4236
27/05/2022,7425,8421,3690,33227,3805,2405,4426,1373,3053,25185,14065,13685,12855,0,0,3805,6031,14724,5236,4236
28/05/2022,7425,8421,3690,33227,3805,2405,4426,1373,3053,25185,14065,13685,12855,0,0,3805,6031,14724,5236,4236
29/05/2022,7425,8421,3690,33227,3805,2405,4426,1373,3053,25185,14065,13685,12855,0,0,3805,6031,14724,5236,4236
30/05/2022,7425,8421,3690,33227,3805,2405,4426,1373,3053,25185,14065,13685,12855,0,0,3805,6031,14724,5236,4236
31/05/2022,7425,8421,3690,33227,3805,2405,4426,1373,3053,25185,14065,13685,12855,0,0,3805,6031,14724,5236,4236
01/06/2022,7425,8427,3690,33227,3805,2405,4411,1358,3053,25183,14124,13683,12855,0,0,3805,6031,14724,5236,4236
02/06/2022,7425,8427,3690,33227,3805,2405,4411,1358,3053,25183,14124,13683,12855,0,0,3805,6031,14724,5236,4236
03/06/2022,7425,8427,3690,33227,3805,2405,4411,1358,3053,25183,14124,13683,12855,0,0,3805,6031,14724,5236,4236
04/06/2022,7425,8427,3690,33227,3805,2405,4411,1358,3053,25183,14124,13683,12855,0,0,3805,6031,14724,5236,4236
05/06/2022,7425,8427,3690,33227,3805,2405,4411,1358,3053,25183,14124,13683,12855,0,0,3805,6031,14724,5236,4236
06/06/2022,7425,8427,3690,33227,3805,2405,4411,1358,3053,25183,14124,13683,12855,0,0,3805,6031,14724,5236,4236
07/06/2022,7425,8427,3690,33227,3805,2405,4411,1358,3053,25183,14124,13683,12855,0,0,3805,6031,14724,5236,4236
08/06/2022,7425,8427,3690,33227,3805,2405,4411,1358,3053,25183,14124,13683,12855,0,0,3805,6031,14724,5236,4236
09/06/2022,7425,8427,3690,33227,3805,2405,4411,1358,3053,25183,14124,13683,12855,0,0,3805,6031,14724,5236,4236
10/06/2022,7425,8427,3690,33227,3805,2405,4411,1358,3053,25183,14124,13683,12855,0,0,3805,6031,14724,5236,4236
11/06/2022,7425,8427,3690,33227,3805,2405,4411,1358,3053,25183,14124,13683,12855,0,0,3805,6031,14724,5236,4236
12/06/2022,7425,8427,3690,33227,3805,2405,4411,1358,3053,25183,14124,13683,12855,0,0,3805,6031,14724,5236,4236
13/06/2022,7425,8427,3690,33227,3805,2405,4411,1358,3053,25183,14124,13683,12855,0,0,3805,6031,14724,5236,4236
14/06/2022,7425,8427,3690,33227,3805,2405,4411,1358,3053,25183,14124,13683,12855,0,0,3805,6031,14724,5236,4236
15/06/2022,7425,8427,3690,33227,3805,2405,4411,1358,3053,25183,14124,13683,12855,0,0,3805,6031,14724,5236,4236
16/06/2022,7425,8427,3690,33227,3805,2405,4411,1358,3053,25183,14124,13683,12855,0,0,3805,6031,14724,5236,4236
17/06/2022,7425,8427,3690,33227,3805,2405,4411,1358,3053,25183,14124,13683,12855,0,0,3805,6031,14724,5236,4236
18/06/2022,7425,8427,3690,33227,3805,2405,4411,1358,3053,25183,14124,13683,12855,0,0,3805,6031,14724,5236,4236
19/06/2022,7425,8427,3690,33227,3805,2405,4411,1358,3053,25183,14124,13683,12855,0,0,3805,6031,14724,5236,4236
20/06/2022,7425,8427,3690,33227,3805,2405,4411,1358,3053,25183,14124,13683,12855,0,0,3805,6031,14724,5236,4236
21/06/2022,7425,8427,3690,33227,3805,2405,4411,1358,3053,25183,14124,13683,12855,0,0,3805,6031,14724,5236,4236
22/06/2022,7425,8427,3690,33227,3805,2405,4411,1358,3053,25183,14124,13683,12855,0,0,3805,6031,14724,5236,4236
23/06/2022,7425,8427,3690,33227,3805,2405,4411,1358,3053,25183,14124,13683,12855,0,0,3805,6031,14724,5236,4236
24/06/2022,7425,8427,3690,33227,3805,2405,4411,1358,3053,25183,14124,13683,12855,0,0,3805,6031,14724,5236,4236
25/06/2022,7425,8427,3690,33227,3805,2405,4411,1358,3053,25183,14124,13683,12855,0,0,3805,6031,14724,5236,4236
26/06/2022,7425,8427,3690,33227,3805,2405,4411,1358,3053,25183,14124,13683,12855,0,0,3805,6031,14724,5236,4236
27/06/2022,7425,8427,3690,33227,3805,2405,4411,1358,3053,25183,14124,13683,12855,0,0,3805,6031,14724,5236,4236
28/06/2022,7425,8427,3690,33227,3805,2405,4411,1358,3053,25183,14124,13683,12855,0,0,3805,6031,14724,5236,4236
29/06/2022,7425,8427,3690,33227,3805,2405,4424,1371,3053,25183,14124,13683,12855,0,0,3805,6031,14724,5236,4236
30/06/2022,7425,8427,3690,33227,3805,2405,4424,1371,3053,25183,14124,13683,12855,0,0,3805,6031,14724,5236,4236
01/07/2022,7425,8427,3690,33227,3805,2405,4424,1371,3053,25402,14189,13692,12855,0,0,3805,6031,14724,5236,4236
02/07/2022,7425,8427,3690,33227,3805,2405,4424,1371,3053,25402,14189,13692,12855,0,0,3805,6031,14724,5236,4236
03/07/2022,7425,8427,3690,33227,3805,2405,4424,1371,3053,25402,14189,13692,12855,0,0,3805,6031,14724,5236,4236
04/07/2022,7425,8427,3690,33227,3805,2405,4424,1371,3053,25402,14189,13692,12855,0,0,3805,6031,14724,5236,4236
05/07/2022,7425,8427,3690,33227,3805,2405,4424,1371,3053,25402,14189,13692,12855,0,0,3805,6031,14724,5236,4236
06/07/2022,7425,8427,3690,33227,3805,2405,4424,1371,3053,25402,14189,13692,12855,0,0,3805,6031,14724,5236,4236
07/07/2022,7425,8427,3690,33227,3805,2405,4424,1371,3053,25402,14189,13692,12855,0,0,3805,6031,14724,5236,4236
08/07/2022,7425,8427,3690,33227,3805,2405,4424,1371,3053,25402,14189,13692,12855,0,0,3805,6031,14724,5236,4236
09/07/2022,7425,8427,3690,33227,3805,2405,4424,1371,3053,25402,14189,13692,12855,0,0,3805,6031,14724,5236,4236
10/07/2022,7425,8427,3690,33227,3805,2405,4424,1371,3053,25402,14189,13692,12855,0,0,3805,6031,14724,5236,4236
11/07/2022,7425,8427,3690,33227,3805,2405,4424,1371,3053,25402,14189,13692,12855,0,0,3805,6031,14724,5236,4236
12/07/2022,7425,8427,3690,33227,3805,2407,4424,1371,3053,25402,14189,13692,12855,0,0,3805,6031,14724,5236,4236
13/07/2022,7425,8427,3690,33227,3805,2407,4424,1371,3053,25402,14189,13692,12855,0,0,3805,6031,14724,5236,4236
14/07/2022,7425,8427,3690,33227,3805,2407,4424,1371,3053,25402,14189,13692,12855,0,0,3805,6031,14724,5236,4236
15/07/2022,7425,8427,3690,33227,3805,2407,4424,1371,3053,25402,14189,13692,12855,0,0,3805,6031,14724,5236,4236
16/07/2022,7425,8427,3690,33227,3805,2407,4424,1371,3053,25402,14189,13692,12855,0,0,3805,6031,14724,5236,4236
17/07/2022,7425,8427,3690,33227,3805,2407,4424,1371,3053,25402,14189,13692,12855,0,0,3805,6031,14724,5236,4236
18/07/2022,7425,8427,3690,33227,3805,2407,4424,1371,3053,25402,14189,13692,12855,0,0,3805,6031,14724,5236,4236
19/07/2022,7425,8427,3690,33227,3805,2407,4424,1371,3053,25402,14189,13692,12855,0,0,3805,6031,14724,5236,4236
20/07/2022,7425,8427,3690,33227,3805,2387,4426,1373,3053,25402,14189,13692,12855,0,0,3805,6031,14724,5236,4236
21/07/2022,7425,8427,3690,33227,3805,2387,4426,1373,3053,25402,14189,13692,12855,0,0,3805,6031,14724,5236,4236
22/07/2022,7425,8427,3690,33227,3805,2387,4426,1373,3053,25402,14189,13692,12855,0,0,3805,6031,14724,5236,4236
23/07/2022,7425,8427,3690,33227,3805,2387,4426,1373,3053,25402,14189,13692,12855,0,0,3805,6031,14724,5236,4236
24/07/2022,7425,8427,3690,33227,3805,2387,4426,1373,3053,25402,14189,13692,12855,0,0,3805,6031,14724,5236,4236
25/07/2022,7425,8427,3690,33227,3805,2387,4426,1373,3053,25402,14189,13692,12855,0,0,3805,6031,14724,5236,4236
26/07/2022,7425,8427,3690,33227,3805,2387,4426,1373,3053,25402,14189,13692,12855,0,0,3805,6031,14724,5236,4236
27/07/2022,7425,8427,3690,32559,3805,2387,4426,1373,3053,25402,14189,13692,12855,0,0,3805,5363,14724,5236,4236
28/07/2022,7425,8427,3690,32559,3805,2387,4426,1373,3053,25402,14189,13692,12855,0,0,3805,5363,14724,5236,4236
29/07/2022,7425,8427,3690,32559,3805,2387,4426,1373,3053,25402,14189,13692,12855,0,0,3805,5363,14724,5236,4236
30/07/2022,7425,8427,3690,32559,3805,2387,4426,1373,3053,25402,14189,13692,12855,0,0,3805,5363,14724,5236,4236
31/07/2022,7425,8427,3690,32559,3805,2387,4426,1373,3053,25402,14189,13692,12855,0,0,3805,5363,14724,5236,4236
01/08/2022,7425,8427,3690,32559,3805,2387,4426,1373,3053,25640,14254,13712,12855,0,0,3805,5363,14724,5236,4236
02/08/2022,7425,8427,3690,32559,3805,2387,4426,1373,3053,25640,14254,13712,12855,0,0,3805,5363,14724,5236,4236
03/08/2022,7425,8427,3690,32559,3812,2387,4430,1377,3053,25640,14254,13712,12855,0,0,3812,5363,14724,5236,4236
04/08/2022,7425,8427,3690,32559,3812,2387,4430,1377,3053,25640,14254,13712,12855,0,0,3812,5363,14724,5236,4236
05/08/2022,7425,8427,3690,32559,3812,2387,4430,1377,3053,25640,14254,13712,12855,0,0,3812,5363,14724,5236,4236
06/08/2022,7425,8427,3690,32559,3812,2387,4430,1377,3053,25640,14254,13712,12855,0,0,3812,5363,14724,5236,4236
07/08/2022,7425,8427,3690,32559,3812,2387,4430,1377,3053,25640,14254,13712,12855,0,0,3812,5363,14724,5236,4236
08/08/2022,7425,8427,3690,32559,3812,2387,4430,1377,3053,25640,14254,13712,12855,0,0,3812,5363,14724,5236,4236
09/08/2022,7425,8427,3690,32559,3812,2387,4430,1377,3053,25640,14254,13712,12855,0,0,3812,5363,14724,5236,4236
10/08/2022,7425,8427,3690,32559,3812,2387,4431,1378,3053,25640,14254,13712,12855,0,0,3812,5363,14724,5236,4236
11/08/2022,7425,8427,3690,32559,3812,2387,4431,1378,3053,25640,14254,13712,12855,0,0,3812,5363,14724,5236,4236
12/08/2022,7425,8427,3690,32559,3812,2387,4431,1378,3053,25640,14254,13712,12855,0,0,3812,5363,14724,5236,4236
13/08/2022,7425,8427,3690,32559,3812,2387,4431,1378,3053,25640,14254,13712,12855,0,0,3812,5363,14724,5236,4236
14/08/2022,7425,8427,3690,32559,3812,2387,4431,1378,3053,25640,14254,13712,12855,0,0,3812,5363,14724,5236,4236
15/08/2022,7425,8427,3690,32559,3812,2387,4431,1378,3053,25640,14254,13712,12855,0,0,3812,5363,14724,5236,4236
16/08/2022,7425,8427,3690,32559,3812,2387,4431,1378,3053,25640,14254,13712,12855,0,0,3812,5363,14724,5236,4236
17/08/2022,7425,8427,3690,32559,3812,2387,4431,1378,3053,25640,14254,13712,12855,0,0,3812,5363,14724,5236,4236
18/08/2022,7425,8427,3690,32559,3812,2459,4431,1378,3053,25640,14254,13712,12855,0,0,3812,5363,14724,5236,4236
19/08/2022,7425,8427,3690,32559,3812,2459,4431,1378,3053,25640,14254,13712,12855,0,0,3812,5363,14724,5236,4236
20/08/2022,7425,8427,3690,32559,3812,2459,4431,1378,3053,25640,14254,13712,13276,0,0,3812,5363,14724,5236,4236
21/08/2022,7425,8427,3690,32559,3812,2459,4431,1378,3053,25640,14254,13712,13276,0,0,3812,5363,14724,5236,4236
22/08/2022,7425,8427,3690,32559,3812,2459,4431,1378,3053,25640,14254,13712,13276,0,0,3812,5363,14724,5236,4236
23/08/2022,7425,8427,3690,32559,3812,2459,4431,1378,3053,25640,14254,13712,13276,0,0,3812,5363,14724,5236,4236
24/08/2022,7425,8427,3690,32559,3812,2459,4431,1378,3053,25640,14254,13712,13276,0,0,3812,5363,14724,5236,4236
25/08/2022,7425,8427,3690,32559,3812,2459,4431,1378,3053,25640,14254,13712,13276,0,0,3812,5363,14724,5236,4236
26/08/2022,7425,8427,3690,32559,3812,2459,4431,1378,3053,25640,14254,13712,13276,0,0,3812,5363,14724,5236,4236
27/08/2022,7425,8427,3690,32559,3812,2459,4431,1378,3053,25640,14254,13712,13276,0,0,3812,5363,14724,5236,4236
28/08/2022,7425,8427,3690,32559,3812,2459,4431,1378,3053,25640,14254,13712,13276,0,0,3812,5363,14724,5236,4236
29/08/2022,7425,8427,3690,32559,3812,2459,4431,1378,3053,25640,14254,13712,13276,0,0,3812,5363,14724,5236,4236
30/08/2022,7425,8427,3690,32559,3812,2459,4431,1378,3053,25640,14254,13712,13276,0,0,3812,5363,14724,5236,4236
31/08/2022,7425,8427,3690,32559,3812,2459,4431,1378,3053,25640,14254,13712,13276,0,0,3812,5363,14724,5236,4236
01/09/2022,7425,8427,3690,32559,3812,2459,4178,1125,3053,26016,14330,13722,13276,0,0,3812,5363,14724,5236,4236
02/09/2022,7425,8427,3690,32559,3812,2459,4178,1125,3053,26016,14330,13722,13276,0,0,3812,5363,14724,5236,4236
03/09/2022,7425,8427,3690,32559,3812,2459,4178,1125,3053,26016,14330,13722,13276,0,0,3812,5363,14724,5236,4236
04/09/2022,7425,8427,3690,32559,3812,2459,4178,1125,3053,26016,14330,13722,13276,0,0,3812,5363,14724,5236,4236
05/09/2022,7425,8427,3690,32559,3812,2459,4178,1125,3053,26016,14330,13722,13276,0,0,3812,5363,14724,5236,4236
06/09/2022,7425,8427,3690,32559,3812,2459,4178,1125,3053,26016,14330,13722,13276,0,0,3812,5363,14724,5236,4236
07/09/2022,7425,8427,3690,32559,3812,2459,4178,1125,3053,26016,14330,13722,13276,0,0,3812,5363,14724,5236,4236
08/09/2022,7425,8427,3690,32559,3812,2459,4178,1125,3053,26016,14330,13722,13276,0,0,3812,5363,14724,5236,4236
09/09/2022,7425,8427,3690,32559,3812,2459,4178,1125,3053,26016,14330,13722,13276,0,0,3812,5363,14724,5236,4236
10/09/2022,7425,8427,3690,32559,3812,2459,4178,1125,3053,26016,14330,13722,13276,0,0,3812,5363,14724,5236,4236
11/09/2022,7425,8427,3690,32559,3812,2459,4178,1125,3053,26016,14330,13722,13276,0,0,3812,5363,14724,5236,4236
12/09/2022,7425,8427,3690,32559,3812,2459,4178,1125,3053,26016,14330,13722,13276,0,0,3812,5363,14724,5236,4236
13/09/2022,7425,8427,3690,32559,3812,2459,4178,1125,3053,26016,14330,13722,13276,0,0,3812,5363,14724,5236,4236
14/09/2022,7425,8427,3690,32559,3812,2459,4182,1127,3055,26016,14330,13722,13276,0,0,3812,5363,14724,5236,4236
15/09/2022,7425,7387,3690,32559,3812,2459,4182,1127,3055,26016,14330,13722,13276,0,0,3812,5363,14724,5236,4236
16/09/2022,7425,7387,3690,32559,3812,2459,4182,1127,3055,26016,14330,13722,13276,0,0,3812,5363,14724,5236,4236
17/09/2022,7425,7387,3690,32559,3812,2459,4182,1127,3055,26016,14330,13722,13276,0,0,3812,5363,14724,5236,4236
18/09/2022,7425,7387,3690,32559,3812,2459,4182,1127,3055,26016,14330,13722,13276,0,0,3812,5363,14724,5236,4236
19/09/2022,7425,7387,3690,32559,3812,2459,4182,1127,3055,26016,14330,13722,13276,0,0,3812,5363,14724,5236,4236
20/09/2022,7425,7387,3690,32559,3812,2459,4182,1127,3055,26016,14330,13722,13276,0,0,3812,5363,14724,5236,4236
21/09/2022,7425,7387,3690,32559,3812,2459,4182,1127,3055,26016,14330,13722,13276,0,0,3812,5363,14724,5236,4236
22/09/2022,7425,7387,3690,32559,3812,2459,4182,1127,3055,26016,14330,13722,13276,0,0,3812,5363,14724,5236,4236
23/09/2022,7425,7387,3690,32559,3812,2459,4182,1127,3055,26016,14330,13722,13276,0,0,3812,5363,14724,5236,4236
24/09/2022,7425,7387,3690,32559,3812,2459,4182,1127,3055,26016,14330,13722,13276,0,0,3812,5363,14724,5236,4236
25/09/2022,7425,7387,3690,32559,3812,2459,4182,1127,3055,26016,14330,13722,13276,0,0,3812,5363,14724,5236,4236
26/09/2022,7425,7387,3690,32559,3812,2459,4182,1127,3055,26016,14330,13722,13276,0,0,3812,5363,14724,5236,4236
27/09/2022,7425,7387,3690,32559,3812,2459,4182,1127,3055,26016,14330,13722,13276,0,0,3812,5363,14724,5236,4236
28/09/2022,7425,7387,3690,32559,3812,2459,4182,1127,3055,26016,14330,13722,13276,0,0,3812,5363,14724,5236,4236
29/09/2022,7425,7387,3690,32559,3812,2459,4182,1127,3055,26016,14330,13722,13276,0,0,3812,5363,14724,5236,4236
30/09/2022,7425,7387,3690,32559,3812,2459,4182,1127,3055,26016,14330,13722,13276,0,0,3812,5363,14724,5236,4236
01/10/2022,7425,7387,3690,32559,3812,2580,4182,1127,3055,26415,14400,13731,13276,0,0,3812,5363,14724,5236,4236
02/10/2022,7425,7387,3690,32559,3812,2580,4182,1127,3055,26415,14400,13731,13276,0,0,3812,5363,14724,5236,4236
03/10/2022,7425,7387,3690,32559,3812,2580,4182,1127,3055,26415,14400,13731,13276,0,0,3812,5363,14724,5236,4236
04/10/2022,7425,7387,3690,32559,3812,2580,4182,1127,3055,26415,14400,13731,13276,0,0,3812,5363,14724,5236,4236
05/10/2022,7425,7387,3690,32559,3812,2580,4182,1127,3055,26415,14400,13731,13276,0,0,3812,5363,14724,5236,4236
06/10/2022,7425,7387,3690,32559,3812,2580,4182,1127,3055,26415,14400,13731,13276,0,0,3812,5363,14724,5236,4236
07/10/2022,7425,7387,3690,32559,3812,2580,4182,1127,3055,26415,14400,13731,13276,0,0,3812,5363,14724,5236,4236
08/10/2022,7425,7387,3690,32559,3812,2580,4182,1127,3055,26415,14400,13731,13276,0,0,3812,5363,14724,5236,4236
09/10/2022,7425,7387,3690,32559,3812,2580,4182,1127,3055,26415,14400,13731,13276,0,0,3812,5363,14724,5236,4236
10/10/2022,7425,7387,3690,32559,3812,2580,4182,1127,3055,26415,14400,13731,13276,0,0,3812,5363,14724,5236,4236
11/10/2022,7425,7387,3690,32559,3812,2580,4182,1127,3055,26415,14400,13731,13276,0,0,3812,5363,14724,5236,4236
12/10/2022,7425,7387,3690,32559,3812,2580,4182,1127,3055,26415,14400,13731,13276,0,0,3812,5363,14724,5236,4236
13/10/2022,7425,7387,3690,32559,3812,2580,4182,1127,3055,26415,14400,13731,13577,0,0,3812,5363,14724,5236,4236
14/10/2022,7425,7387,3690,32559,3812,2580,4182,1127,3055,26415,14400,13731,13577,0,0,3812,5363,14724,5236,4236
15/10/2022,7425,7387,3690,32559,3812,2580,4182,1127,3055,26415,14400,13731,13577,0,0,3812,5363,14724,5236,4236
16/10/2022,7425,7387,3690,32559,3812,2580,4182,1127,3055,26415,14400,13731,13577,0,0,3812,5363,14724,5236,4236
17/10/2022,7425,7387,3690,32559,3812,2580,4182,1127,3055,26415,14400,13731,13577,0,0,3812,5363,14724,5236,4236
18/10/2022,7425,7387,3690,32559,3812,2580,4182,1127,3055,26415,14400,13731,13577,0,0,3812,5363,14724,5236,4236
19/10/2022,7425,7387,3690,32559,3812,2580,4183,1128,3055,26415,14400,13731,13577,0,0,3812,5363,14724,5236,4236
20/10/2022,7425,7387,3690,32559,3812,2580,4183,1128,3055,26415,14400,13731,13577,0,0,3812,5363,14724,5236,4236
21/10/2022,7425,7387,3690,32559,3812,2580,4183,1128,3055,26415,14400,13731,13577,0,0,3812,5363,14724,5236,4236
22/10/2022,7425,7387,3690,32559,3812,2580,4183,1128,3055,26415,14400,13731,13577,0,0,3812,5363,14724,5236,4236
23/10/2022,7425,7387,3690,32559,3812,2580,4183,1128,3055,26415,14400,13731,13577,0,0,3812,5363,14724,5236,4236
24/10/2022,7425,7387,3690,32559,3812,2580,4183,1128,3055,26415,14400,13731,13577,0,0,3812,5363,14724,5236,4236
25/10/2022,7425,7387,3690,32559,3812,2580,4183,1128,3055,26415,14400,13731,13577,0,0,3812,5363,14724,5236,4236
26/10/2022,7425,7387,3690,32559,3812,2580,4183,1128,3055,26415,14400,13731,13577,0,0,3812,5363,14724,5236,4236
27/10/2022,7425,7387,3690,32559,3812,2580,4183,1128,3055,26415,14400,13731,13577,0,0,3812,5363,14724,5236,4236
28/10/2022,7425,7387,3690,32559,3812,2580,4183,1128,3055,26415,14400,13731,13577,0,0,3812,5363,14724,5236,4236
29/10/2022,7425,7387,3690,32559,3812,2580,4183,1128,3055,26415,14400,13731,13577,0,0,3812,5363,14724,5236,4236
30/10/2022,7425,7387,3690,32559,3812,2580,4183,1128,3055,26415,14400,13731,13577,0,0,3812,5363,14724,5236,4236
31/10/2022,7425,7387,3690,32559,3812,2580,4183,1128,3055,26415,14400,13731,13577,0,0,3812,5363,14724,5236,4236
01/11/2022,7425,7387,3690,32559,3812,2580,4183,1128,3055,27054,14480,13757,13577,0,0,3812,5363,14724,5236,4236
02/11/2022,7425,7387,3690,32559,3812,2580,4183,1128,3055,27054,14480,13757,13577,0,0,3812,5363,14724,5236,4236
03/11/2022,7425,7387,3690,32559,3812,2580,4183,1128,3055,27054,14480,13757,13577,0,0,3812,5363,14724,5236,4236
04/11/2022,7425,7387,3690,32559,3812,2580,4183,1128,3055,27054,14480,13757,13577,0,0,3812,5363,14724,5236,4236
05/11/2022,7425,7387,3690,32559,3812,2580,4183,1128,3055,27054,14480,13757,13577,0,0,3812,5363,14724,5236,4236
06/11/2022,7425,7387,3690,32559,3812,2580,4183,1128,3055,27054,14480,13757,13577,0,0,3812,5363,14724,5236,4236
07/11/2022,7425,7387,3690,32559,3812,2580,4183,1128,3055,27054,14480,13757,13577,0,0,3812,5363,14724,5236,4236
08/11/2022,7425,7387,3690,32559,3812,2580,4183,1128,3055,27054,14480,13757,13577,0,0,3812,5363,14724,5236,4236
09/11/2022,7425,7387,3690,32559,3812,2580,4191,1136,3055,27054,14480,13757,13577,0,0,3812,5363,14724,5236,4236
10/11/2022,7425,7387,3690,32559,3812,2580,4191,1136,3055,27054,14480,13757,13577,0,0,3812,5363,14724,5236,4236
11/11/2022,7425,7387,3690,32559,3812,2580,4191,1136,3055,27054,14480,13757,13577,0,0,3812,5363,14724,5236,4236
12/11/2022,7425,7387,3690,32559,3812,2580,4191,1136,3055,27054,14480,13757,13577,0,0,3812,5363,14724,5236,4236
13/11/2022,7425,7387,3690,32559,3812,2580,4191,1136,3055,27054,14480,13757,13577,0,0,3812,5363,14724,5236,4236
14/11/2022,7425,7387,3690,32559,3812,2580,4191,1136,3055,27054,14480,13757,13577,0,0,3812,5363,14724,5236,4236
15/11/2022,7425,7387,3690,32559,3812,2580,4191,1136,3055,27054,14480,13757,13577,0,0,3812,5363,14724,5236,4236
16/11/2022,7425,7387,3690,32559,3812,2580,4191,1136,3055,27054,14480,13757,13577,0,0,3812,5363,14724,5236,4236
17/11/2022,7425,7387,3690,32559,3812,2580,4191,1136,3055,27054,14480,13757,13577,0,0,3812,5363,14724,5236,4236
18/11/2022,7425,7387,3690,32559,3812,2580,4191,1136,3055,27054,14480,13757,13577,0,0,3812,5363,14724,5236,4236
19/11/2022,7425,7387,3690,32559,3812,2580,4191,1136,3055,27054,14480,13757,13577,0,0,3812,5363,14724,5236,4236
20/11/2022,7425,7387,3690,32559,3812,2580,4191,1136,3055,27054,14480,13757,13577,0,0,3812,5363,14724,5236,4236
21/11/2022,7425,7387,3690,32559,3812,2604,4191,1136,3055,27054,14480,13757,13577,0,0,3812,5363,14724,5236,4236
22/11/2022,7425,7387,3690,32559,3812,2604,4191,1136,3055,27054,14480,13757,13577,0,0,3812,5363,14724,5236,4236
23/11/2022,7425,7387,3690,32559,3812,2604,4191,1136,3055,27054,14480,13757,13577,0,0,3812,5363,14724,5236,4236
24/11/2022,7425,7387,3690,32559,3812,2604,4191,1136,3055,27054,14480,13757,13577,0,0,3812,5363,14724,5236,4236
25/11/2022,7425,7387,3690,32559,3812,2604,4191,1136,3055,27054,14480,13757,13577,0,0,3812,5363,14724,5236,4236
26/11/2022,7425,7387,3690,32559,3812,2604,4191,1136,3055,27054,14480,13757,13577,0,0,3812,5363,14724,5236,4236
27/11/2022,7425,7387,3690,32559,3812,2604,4191,1136,3055,27054,14480,13757,13577,0,0,3812,5363,14724,5236,4236
28/11/2022,7425,7387,3690,32559,3812,2604,4191,1136,3055,27054,14480,13757,13818,0,0,3812,5363,14724,5236,4236
29/11/2022,7425,7387,3690,32559,3812,2604,4191,1136,3055,27054,14480,13757,13818,0,0,3812,5363,14724,5236,4236
30/11/2022,7425,7387,3690,32559,3812,2604,4191,1136,3055,27054,14480,13757,13818,0,0,3812,5363,14724,5236,4236
01/12/2022,7425,7387,3690,32559,3816,2604,4188,1133,3055,27301,14573,13799,13818,0,0,3816,5363,14724,5236,4236
02/12/2022,7425,7387,3690,32559,3816,2604,4193,1139,3055,27301,14573,13799,13818,0,0,3816,5363,14724,5236,4236
03/12/2022,7425,7387,3690,32559,3816,2604,4193,1139,3055,27301,14573,13799,13818,0,0,3816,5363,14724,5236,4236
04/12/2022,7425,7387,3690,32559,3816,2604,4193,1139,3055,27301,14573,13799,13818,0,0,3816,5363,14724,5236,4236
05/12/2022,7425,7387,3690,32559,3816,2604,4193,1139,3055,27301,14573,13799,13818,0,0,3816,5363,14724,5236,4236
06/12/2022,7425,7387,3690,32559,3816,2604,4193,1139,3055,27301,14573,13799,13818,0,0,3816,5363,14724,5236,4236
07/12/2022,7425,7387,3690,32559,3816,2604,4193,1139,3055,27301,14573,13799,13818,0,0,3816,5363,14724,5236,4236
08/12/2022,7425,7387,3690,32559,3816,2604,4193,1139,3055,27301,14573,13799,13818,0,0,3816,5363,14724,5236,4236
09/12/2022,7425,7387,3690,32559,3816,2604,4193,1139,3055,27301,14573,13799,13818,0,0,3816,5363,14724,5236,4236
10/12/2022,7425,7387,3690,32559,3816,2604,4193,1139,3055,27301,14573,13799,13818,0,0,3816,5363,14724,5236,4236
11/12/2022,7425,7387,3690,32559,3816,2604,4193,1139,3055,27301,14573,13799,13818,0,0,3816,5363,14724,5236,4236
12/12/2022,7425,7387,3690,32559,3816,2604,4193,1139,3055,27301,14573,13799,13818,0,0,3816,5363,14724,5236,4236
13/12/2022,7425,7387,3690,32559,3816,2604,4193,1139,3055,27301,14573,13799,13818,0,0,3816,5363,14724,5236,4236
14/12/2022,7425,7387,3690,32559,3816,2604,4211,1157,3055,27301,14573,13799,13818,0,0,3816,5363,14724,5236,4236
15/12/2022,7425,7387,3690,32559,3816,2604,4211,1157,3055,27301,14573,13799,13818,0,0,3816,5363,14724,5236,4236
16/12/2022,7425,7387,3690,32559,3816,2604,4211,1157,3055,27301,14573,13799,13818,0,0,3816,5363,14724,5236,4236
17/12/2022,7425,7387,3690,32559,3816,2604,4211,1157,3055,27301,14573,13799,13818,0,0,3816,5363,14724,5236,4236
18/12/2022,7425,7387,3690,32559,3816,2604,4211,1157,3055,27301,14573,13799,13818,0,0,3816,5363,14724,5236,4236
19/12/2022,7425,7387,3690,32559,3816,2604,4211,1157,3055,27301,14573,13799,13818,0,0,3816,5363,14724,5236,4236
20/12/2022,7425,7387,3690,32559,3816,2604,4211,1157,3055,27301,14573,13799,13818,0,0,3816,5363,14724,5236,4236
21/12/2022,7425,7387,3690,32559,3816,2604,4211,1157,3055,27301,14573,13799,13818,0,0,3816,5363,14724,5236,4236
22/12/2022,7425,7387,3690,32559,3816,2604,4211,1157,3055,27301,14573,13799,13818,0,0,3816,5363,14724,5236,4236
23/12/2022,7425,7387,3690,32559,3816,2604,4211,1157,3055,27301,14573,13799,13818,0,0,3816,5363,14724,5236,4236
24/12/2022,7425,7387,3690,32559,3816,2604,4247,1193,3055,27301,14573,13799,13818,0,0,3816,5363,14724,5236,4236
25/12/2022,7425,7387,3690,32559,3816,2604,4247,1193,3055,27301,14573,13799,13818,0,0,3816,5363,14724,5236,4236
26/12/2022,7425,7387,3690,32559,3816,2604,4247,1193,3055,27301,14573,13799,13818,0,0,3816,5363,14724,5236,4236
27/12/2022,7425,7387,3690,32559,3816,2604,4247,1193,3055,27301,14573,13799,13818,0,0,3816,5363,14724,5236,4236
28/12/2022,7425,7387,3690,32559,3816,2604,4247,1193,3055,27301,14573,13799,13818,0,0,3816,5363,14724,5236,4236
29/12/2022,7425,7387,3690,32559,3816,2604,4247,1193,3055,27301,14573,13799,13818,0,0,3816,5363,14724,5236,4236
30/12/2022,7425,7387,3690,32559,3816,2604,4247,1193,3055,27301,14573,13799,13818,0,0,3816,5363,14724,5236,4236
31/12/2022,7425,7387,3690,32559,3816,2604,4247,1193,3055,27301,14573,13799,13818,0,0,3816,5363,14724,5236,4236
01/01/2023,7425,7387,3690,32559,3816,2604,4247,1193,3055,27585,14674,13871,13818,0,0,3816,5363,14724,5236,4236
02/01/2023,7425,7387,3690,32559,3816,2604,4247,1193,3055,27585,14674,13871,13818,0,0,3816,5363,14724,5236,4236
03/01/2023,7425,7387,3690,32559,3816,2604,4247,1193,3055,27585,14674,13871,13818,0,0,3816,5363,14724,5236,4236
04/01/2023,7425,7387,3690,32559,3816,2604,4247,1193,3055,27585,14674,13871,13818,0,0,3816,5363,14724,5236,4236
05/01/2023,7425,7387,3690,32559,3816,2604,4247,1193,3055,27585,14674,13871,13818,0,0,3816,5363,14724,5236,4236
06/01/2023,7425,7387,3690,32559,3816,2604,4247,1193,3055,27585,14674,13871,13818,0,0,3816,5363,14724,5236,4236
07/01/2023,7425,6369,3690,32559,3816,2604,4247,1193,3055,27585,14674,13871,13818,0,0,3816,5363,14724,5236,4236
08/01/2023,7940,6369,3690,32559,3816,2604,4247,1193,3055,27585,14674,13871,13818,0,0,3816,5363,14724,5236,4236
09/01/2023,7940,6369,3690,32559,3816,2604,4247,1193,3055,27585,14674,13871,13818,0,0,3816,5363,14724,5236,4236
10/01/2023,7940,6369,3690,32559,3816,2604,4247,1193,3055,27585,14674,13871,13818,0,0,3816,5363,14724,5236,4236
11/01/2023,7940,6369,3690,32559,3816,2604,4247,1193,3055,27585,14674,13871,13818,0,0,3816,5363,14724,5236,4236
12/01/2023,7940,6369,3690,32559,3816,2604,4247,1193,3055,27585,14674,13871,13818,0,0,3816,5363,14724,5236,4236
13/01/2023,7940,6369,3690,32559,3816,2604,4247,1193,3055,27585,14674,13871,13818,0,0,3816,5363,14724,5236,4236
14/01/2023,7940,6369,3690,32559,3816,2604,4247,1193,3055,27585,14674,13871,13818,0,0,3816,5363,14724,5236,4236
15/01/2023,7940,6369,3690,32559,3816,2604,4247,1193,3055,27585,14674,13871,13818,0,0,3816,5363,14724,5236,4236
16/01/2023,7940,6369,3690,32559,3816,2604,4247,1193,3055,27585,14674,13871,13818,0,0,3816,5363,14724,5236,4236
17/01/2023,7940,6369,3690,32559,3816,2604,4247,1193,3055,27585,14674,13871,13818,0,0,3816,5363,14724,5236,4236
18/01/2023,7940,6369,3690,32559,3816,2604,4247,1193,3055,27585,14674,13871,13818,0,0,3816,5363,14724,5236,4236
19/01/2023,7940,6369,3690,32559,3816,2604,4247,1193,3055,27585,14674,13871,13818,0,0,3816,5363,14724,5236,4236
20/01/2023,7940,6369,3690,32559,3816,2604,4247,1193,3055,27585,14674,13871,13818,0,0,3816,5363,14724,5236,4236
21/01/2023,7940,6369,3690,32559,3816,2604,4247,1193,3055,27585,14674,13871,13818,0,0,3816,5363,14724,5236,4236
22/01/2023,7940,6369,3690,32559,3816,2604,4247,1193,3055,27585,14674,13871,13818,0,0,3816,5363,14724,5236,4236
23/01/2023,7940,6369,3690,32559,3816,2604,4247,1193,3055,27585,14674,13871,13818,0,0,3816,5363,14724,5236,4236
24/01/2023,7940,6369,3690,32559,3816,2605,4247,1193,3055,27585,14674,13871,13818,0,0,3816,5363,14724,5236,4236
25/01/2023,7940,6369,3690,32559,3816,2605,4247,1193,3055,27585,14674,13871,13818,0,0,3816,5363,14724,5236,4236
26/01/2023,7940,6369,3690,32559,3816,2605,4247,1193,3055,27585,14674,13871,13818,0,0,3816,5363,14724,5236,4236
27/01/2023,7940,6369,3690,32559,3816,2607,4247,1193,3055,27585,14674,13871,13818,0,0,3816,5363,14724,5236,4236
28/01/2023,8440,6369,3690,32559,3816,2607,4247,1193,3055,27585,14674,13871,13818,0,0,3816,5363,14724,5236,4236
29/01/2023,8440,6369,3690,32559,3816,2607,4247,1193,3055,27585,14674,13871,13818,0,0,3816,5363,14724,5236,4236
30/01/2023,8440,6369,3690,32559,3816,2607,4247,1193,3055,27585,14674,13871,13818,0,0,3816,5363,14724,5236,4236
31/01/2023,8440,6369,3690,32559,3816,2607,4247,1193,3055,27585,14674,13871,13818,0,0,3816,5363,14724,5236,4236
01/02/2023,8440,6369,3690,32559,3816,2607,4247,1193,3055,27718,14784,13991,13818,0,0,3816,5363,14724,5236,4236
02/02/2023,8440,6369,3690,32559,3816,2607,4247,1193,3055,27718,14784,13991,13818,0,0,3816,5363,14724,5236,4236
03/02/2023,8440,6369,3690,32559,3816,2607,4247,1193,3055,27718,14784,13991,13818,0,0,3816,5363,14724,5236,4236
04/02/2023,8440,6369,3690,32559,3816,2607,4247,1193,3055,27718,14784,13991,13818,0,0,3816,5363,14724,5236,4236
05/02/2023,8440,6369,3690,32559,3816,2607,4247,1193,3055,27718,14784,13991,13818,0,0,3816,5363,14724,5236,4236
06/02/2023,8440,6369,3690,32559,3816,2607,4247,1193,3055,27718,14784,13991,13818,0,0,3816,5363,14724,5236,4236
07/02/2023,8440,6369,3690,32559,3816,2607,4247,1193,3055,27718,14784,13991,13818,0,0,3816,5363,14724,5236,4236
08/02/2023,8440,6369,3690,32559,3816,2607,4247,1193,3055,27718,14784,13991,13818,0,0,3816,5363,14724,5236,4236
09/02/2023,8440,6369,3690,32559,3816,2607,4247,1193,3055,27718,14784,13991,13818,0,0,3816,5363,14724,5236,4236
10/02/2023,8440,6369,3690,32559,3816,2607,4247,1193,3055,27718,14784,13991,13818,0,0,3816,5363,14724,5236,4236
11/02/2023,8440,6369,3690,32559,3816,2607,4247,1193,3055,27718,14784,13991,13818,0,0,3816,5363,14724,5236,4236
12/02/2023,8440,6369,3690,32559,3816,2607,4247,1193,3055,27718,14784,13991,13818,0,0,3816,5363,14724,5236,4236
13/02/2023,8440,6369,3690,32559,3816,2607,4247,1193,3055,27718,14784,13991,13818,0,0,3816,5363,14724,5236,4236
14/02/2023,8440,6369,3690,32559,3816,2607,4247,1193,3055,27718,14784,13991,13818,0,0,3816,5363,14724,5236,4236
15/02/2023,8440,6369,3690,32559,3816,2607,4247,1193,3055,27718,14784,13991,13818,0,0,3816,5363,14724,5236,4236
16/02/2023,8440,6369,3690,32559,3816,2607,4247,1193,3055,27718,14784,13991,13818,0,0,3816,5363,14724,5236,4236
17/02/2023,8440,6369,3690,32559,3816,2607,4247,1193,3055,27718,14784,13991,13818,0,0,3816,5363,14724,5236,4236
18/02/2023,8440,6369,3690,32559,3816,2607,4247,1193,3055,27718,14784,13991,13930,0,0,3816,5363,14724,5236,4236
19/02/2023,8440,6369,3690,32559,3816,2607,4247,1193,3055,27718,14784,13991,13930,0,0,3816,5363,14724,5236,4236
20/02/2023,8440,6369,3690,32559,3816,2607,4247,1193,3055,27718,14784,13991,13930,0,0,3816,5363,14724,5236,4236
21/02/2023,8440,6369,3690,32559,3816,2607,4247,1193,3055,27718,14784,13991,13930,0,0,3816,5363,14724,5236,4236
22/02/2023,8440,6369,3690,32559,3816,2607,4247,1193,3055,27718,14784,13991,13930,0,0,3816,5363,14724,5236,4236
23/02/2023,8440,6369,3690,32559,3816,2607,4247,1193,3055,27718,14784,13991,13930,0,0,3816,5363,14724,5236,4236
24/02/2023,8440,6369,3690,32559,3816,2607,4247,1193,3055,27718,14784,13991,13930,0,0,3816,5363,14724,5236,4236
25/02/2023,8440,6369,3690,32559,3816,2607,4247,1193,3055,27718,14784,13991,13930,0,0,3816,5363,14724,5236,4236
26/02/2023,8440,6369,3690,32559,3816,2607,4247,1193,3055,27718,14784,13991,13930,0,0,3816,5363,14724,5236,4236
27/02/2023,8440,6369,3690,32559,3816,2607,4247,1193,3055,27718,14784,13991,13930,0,0,3816,5363,14724,5236,4236
28/02/2023,8440,6369,3690,32559,3816,2607,4247,1193,3055,27718,14784,13991,13930,0,0,3816,5363,14724,5236,4236
01/03/2023,8440,6369,3690,32559,3816,2607,4244,1190,3055,27805,14925,14065,13930,0,0,3816,5363,14724,5236,4236
02/03/2023,8440,6369,3690,32559,3816,2607,4244,1190,3055,27805,14925,14065,13930,0,0,3816,5363,14724,5236,4236
03/03/2023,8440,6369,3690,32559,3816,2607,4244,1190,3055,27805,14925,14065,13930,0,0,3816,5363,14724,5236,4236
04/03/2023,8440,6369,3690,32559,3816,2607,4244,1190,3055,27805,14925,14065,13930,0,0,3816,5363,14724,5236,4236
05/03/2023,8440,6369,3690,32559,3816,2607,4244,1190,3055,27805,14925,14065,13930,0,0,3816,5363,14724,5236,4236
06/03/2023,8440,6369,3690,32559,3816,2607,4244,1190,3055,27805,14925,14065,14361,0,0,3816,5363,14724,5236,4236
07/03/2023,8440,6369,3690,32559,3816,2607,4244,1190,3055,27805,14925,14065,14361,0,0,3816,5363,14724,5236,4236
08/03/2023,8440,6369,3690,32559,3816,2607,4244,1190,3055,27805,14925,14065,14361,0,0,3816,5363,14724,5236,4236
09/03/2023,8440,6369,3690,32559,3816,2607,4244,1190,3055,27805,14925,14065,14361,0,0,3816,5363,14724,5236,4236
10/03/2023,8440,6369,3690,32559,3816,2607,4244,1190,3055,27805,14925,14065,14361,0,0,3816,5363,14724,5236,4236
11/03/2023,8440,6369,3690,32559,3816,2607,4244,1190,3055,27805,14925,14065,14361,0,0,3816,5363,14724,5236,4236
12/03/2023,8440,6369,3690,32559,3816,2607,4244,1190,3055,27805,14925,14065,14361,0,0,3816,5363,14724,5236,4236
13/03/2023,8440,6369,3690,32559,3816,2607,4244,1190,3055,27805,14925,14065,14361,0,0,3816,5363,14724,5236,4236
14/03/2023,8440,6369,3690,32559,3816,2607,4244,1190,3055,27805,14925,14065,14361,0,0,3816,5363,14724,5236,4236
15/03/2023,8440,6369,3690,32559,3816,2607,4244,1190,3055,27805,14925,14065,14361,0,0,3816,5363,14724,5236,4236
16/03/2023,8440,6369,3690,32559,3816,2607,4244,1190,3055,27805,14925,14065,14361,0,0,3816,5363,14724,5236,4236
17/03/2023,8440,6369,3690,32559,3816,2607,4244,1190,3055,27805,14925,14065,14361,0,0,3816,5363,14724,5236,4236
18/03/2023,8440,6369,3690,32559,3816,2607,4244,1190,3055,27805,14925,14065,14361,0,0,3816,5363,14724,5236,4236
19/03/2023,8440,6369,3690,32559,3816,2607,4244,1190,3055,27805,14925,14065,14361,0,0,3816,5363,14724,5236,4236
20/03/2023,8440,6369,3690,32559,3816,2607,4244,1190,3055,27805,14925,14065,14361,0,0,3816,5363,14724,5236,4236
21/03/2023,8440,6369,3690,32559,3816,2607,4244,1190,3055,27805,14925,14065,14581,0,0,3816,5363,14724,5236,4236
22/03/2023,8440,6369,3690,32559,3816,2607,4248,1193,3055,27805,14925,14065,14581,0,0,3816,5363,14724,5236,4236
23/03/2023,8440,6369,3690,32559,3816,2607,4248,1193,3055,27805,14925,14065,14581,0,0,3816,5363,14724,5236,4236
24/03/2023,8440,6369,3690,32559,3816,2607,4248,1193,3055,27805,14925,14065,14581,0,0,3816,5363,14724,5236,4236
25/03/2023,8440,6369,3690,32559,3816,2607,4248,1193,3055,27805,14925,14065,14581,0,0,3816,5363,14724,5236,4236
26/03/2023,8440,6369,3690,32559,3816,2607,4248,1193,3055,27805,14925,14065,14581,0,0,3816,5363,14724,5236,4236
27/03/2023,8440,6369,3690,32559,3816,2607,4248,1193,3055,27805,14925,14065,14581,0,0,3816,5363,14724,5236,4236
28/03/2023,8440,6369,3690,32559,3816,2607,4248,1193,3055,27805,14925,14065,14581,0,0,3816,5363,14724,5236,4236
29/03/2023,8440,6369,3690,32559,3816,2607,4248,1193,3055,27805,14925,14065,14581,0,0,3816,5363,14724,5236,4236
30/03/2023,8440,6369,3690,32559,3816,2607,4248,1193,3055,27805,14925,14065,14581,0,0,3816,5363,14724,5236,4236
31/03/2023,8440,6369,3690,32559,1816,2607,4248,1193,3055,27805,14925,14065,14581,0,0,1816,5363,14724,5236,4236
01/04/2023,8440,6369,3690,32559,1816,2607,4248,1193,3055,27893,15024,14139,14581,0,0,1816,5363,14724,5236,4236
02/04/2023,8440,6369,3690,32559,1816,2607,4248,1193,3055,27893,15024,14139,14581,0,0,1816,5363,14724,5236,4236
03/04/2023,8440,6369,3690,32559,1816,2607,4248,1193,3055,27893,15024,14139,14581,0,0,1816,5363,14724,5236,4236
04/04/2023,8440,6369,3690,32559,1816,2607,4248,1193,3055,27893,15024,14139,14581,0,0,1816,5363,14724,5236,4236
05/04/2023,8440,6369,3690,32559,1816,2607,4248,1193,3055,27893,15024,14139,14581,0,0,1816,5363,14724,5236,4236
06/04/2023,8440,6369,3690,32559,1816,2607,4248,1193,3055,27893,15024,14139,14581,0,0,1816,5363,14724,5236,4236
07/04/2023,8440,6369,3690,32559,1816,2607,4248,1193,3055,27893,15024,14139,14581,0,0,1816,5363,14724,5236,4236
08/04/2023,8440,6369,3690,32559,1816,2607,4248,1193,3055,27893,15024,14139,14581,0,0,1816,5363,14724,5236,4236
09/04/2023,8440,6369,3690,32559,1816,2607,4248,1193,3055,27893,15024,14139,14581,0,0,1816,5363,14724,5236,4236
10/04/2023,8440,6369,3690,32559,1816,2607,4248,1193,3055,27893,15024,14139,14581,0,0,1816,5363,14724,5236,4236
11/04/2023,8440,6369,3690,32559,1816,2607,4248,1193,3055,27893,15024,14139,14581,0,0,1816,5363,14724,5236,4236
12/04/2023,8440,6369,3690,32559,1816,2607,4248,1193,3055,27893,15024,14139,14581,0,0,1816,5363,14724,5236,4236
13/04/2023,8440,6369,3690,32559,1816,2607,4248,1193,3055,27893,15024,14139,14581,0,0,1816,5363,14724,5236,4236
14/04/2023,8440,6369,3690,32559,1816,2607,4248,1193,3055,27893,15024,14139,14581,0,0,1816,5363,14724,5236,4236
15/04/2023,8440,6369,3690,32559,1816,2607,4248,1193,3055,27893,15024,14139,14581,0,0,1816,5363,14724,5236,4236
16/04/2023,8440,6369,3690,32559,1816,2607,4248,1193,3055,27893,15024,14139,14581,0,0,1816,5363,14724,5236,4236
17/04/2023,8440,6369,3690,32559,1816,2607,4248,1193,3055,27893,15024,14139,14581,0,0,1816,5363,14724,5236,4236
18/04/2023,8440,6369,3690,32559,1816,2607,4248,1193,3055,27893,15024,14139,14581,0,0,1816,5363,14724,5236,4236
19/04/2023,8440,6369,3690,32559,1816,2607,4248,1193,3055,27893,15024,14139,14581,0,0,1816,5363,14724,5236,4236
20/04/2023,8440,6369,3690,32559,1816,2607,4248,1193,3055,27893,15024,14139,14581,0,0,1816,5363,14724,5236,4236
21/04/2023,8440,6369,3690,32559,1816,2607,4248,1193,3055,27893,15024,14139,14581,0,0,1816,5363,14724,5236,4236
22/04/2023,8440,6369,3690,32559,1816,2607,4248,1193,3055,27893,15024,14139,14581,0,0,1816,5363,14724,5236,4236
23/04/2023,8440,6369,3690,32559,1816,2607,4248,1193,3055,27893,15024,14139,14581,0,0,1816,5363,14724,5236,4236
24/04/2023,8440,6369,3690,32559,1816,2607,4248,1193,3055,27893,15024,14139,14581,0,0,1816,5363,14724,5236,4236
25/04/2023,8440,6369,3690,32559,1816,2607,4248,1193,3055,27893,15024,14139,14581,0,0,1816,5363,14724,5236,4236
26/04/2023,8440,6369,3690,32559,1816,2607,4248,1193,3055,27893,15024,14139,14581,0,0,1816,5363,14724,5236,4236
27/04/2023,8440,6369,3690,32559,1816,2607,4248,1193,3055,27893,15024,14139,14581,0,0,1816,5363,14724,5236,4236
28/04/2023,8440,6369,3690,32559,1816,2607,4248,1193,3055,27893,15024,14139,14581,0,0,1816,5363,14724,5236,4236
29/04/2023,8440,6369,3690,32559,1816,2607,4248,1193,3055,27893,15024,14139,14581,0,0,1816,5363,14724,5236,4236
30/04/2023,8440,6369,3690,32559,1816,2607,4248,1193,3055,27893,15024,14139,14581,0,0,1816,5363,14724,5236,4236
01/05/2023,8440,6369,3690,32559,1816,2607,4248,1193,3055,27891,15118,14138,14581,0,0,1816,5363,14724,5236,4236
02/05/2023,8440,6369,3690,32559,1816,2607,4248,1193,3055,27891,15118,14138,14581,0,0,1816,5363,14724,5236,4236
03/05/2023,8440,6369,3690,32559,1816,2607,4248,1193,3055,27891,15118,14138,14581,0,0,1816,5363,14724,5236,4236
04/05/2023,8440,6369,3690,32559,1816,2607,4248,1193,3055,27891,15118,14138,14581,0,0,1816,5363,14724,5236,4236
05/05/2023,8440,6369,3690,32559,1816,2607,4248,1193,3055,27891,15118,14138,14581,0,0,1816,5363,14724,5236,4236
06/05/2023,8440,6369,3690,32559,1816,2607,4248,1193,3055,27891,15118,14138,14581,0,0,1816,5363,14724,5236,4236
07/05/2023,8440,6369,3690,32559,1816,2607,4248,1193,3055,27891,15118,14138,14581,0,0,1816,5363,14724,5236,4236
08/05/2023,8440,6369,3690,32559,1816,2607,4248,1193,3055,27891,15118,14138,14581,0,0,1816,5363,14724,5236,4236
09/05/2023,8440,6369,3690,32559,1816,2607,4248,1193,3055,27891,15118,14138,14581,0,0,1816,5363,14724,5236,4236
10/05/2023,8440,6369,3690,32559,1816,2607,4248,1193,3055,27891,15118,14138,14581,0,0,1816,5363,14724,5236,4236
11/05/2023,8440,6369,3690,32559,1816,2607,4248,1193,3055,27891,15118,14138,14581,0,0,1816,5363,14724,5236,4236
12/05/2023,8440,6369,3690,32559,1816,2607,4248,1193,3055,27891,15118,14138,14581,0,0,1816,5363,14724,5236,4236
13/05/2023,8440,6369,3690,32559,1816,2607,4248,1193,3055,27891,15118,14138,14581,0,0,1816,5363,14724,5236,4236
14/05/2023,8440,6369,3690,32559,1816,2607,4248,1193,3055,27891,15118,14138,14581,0,0,1816,5363,14724,5236,4236
15/05/2023,8440,6369,3690,32559,1816,2607,4248,1193,3055,27891,15118,14138,14581,0,0,1816,5363,14724,5236,4236
16/05/2023,8440,6369,3690,32559,1816,2607,4248,1193,3055,27891,15118,14138,14581,0,0,1816,5363,14724,5236,4236
17/05/2023,8440,6369,3690,32559,1816,2607,4248,1193,3055,27891,15118,14138,14581,0,0,1816,5363,14724,5236,4236
18/05/2023,8440,6369,3690,32559,1816,2607,4248,1193,3055,27891,15118,14138,14581,0,0,1816,5363,14724,5236,4236
19/05/2023,8440,6369,3690,32559,1816,2607,4248,1193,3055,27891,15118,14138,14581,0,0,1816,5363,14724,5236,4236
20/05/2023,8440,6369,3690,32559,1816,2607,4248,1193,3055,27891,15118,14138,14581,0,0,1816,5363,14724,5236,4236
21/05/2023,8440,6369,3690,32559,1816,2607,4248,1193,3055,27891,15118,14138,14581,0,0,1816,5363,14724,5236,4236
22/05/2023,8440,6369,3690,32559,1816,2607,4248,1193,3055,27891,15118,14138,14581,0,0,1816,5363,14724,5236,4236
23/05/2023,8440,6369,3690,32559,1816,2607,4248,1193,3055,27891,15118,14138,14581,0,0,1816,5363,14724,5236,4236
24/05/2023,8440,6369,3690,32559,1816,2607,4248,1193,3055,27891,15118,14138,14581,0,0,1816,5363,14724,5236,4236
25/05/2023,8440,6369,3690,32559,1816,2607,4248,1193,3055,27891,15118,14138,14581,0,0,1816,5363,14724,5236,4236
26/05/2023,8440,6369,3690,32559,1816,2607,4248,1193,3055,27891,15118,14138,14581,0,0,1816,5363,14724,5236,4236
27/05/2023,8440,6369,3690,32559,1816,2607,4248,1193,3055,27891,15118,14138,14581,0,0,1816,5363,14724,5236,4236
28/05/2023,8440,6369,3690,32559,1816,2607,4248,1193,3055,27891,15118,14138,14581,0,0,1816,5363,14724,5236,4236
29/05/2023,8440,6369,3690,32559,1816,2607,4248,1193,3055,27891,15118,14138,14581,0,0,1816,5363,14724,5236,4236
30/05/2023,8440,6369,3690,32559,1816,2607,4248,1193,3055,27891,15118,14138,14581,0,0,1816,5363,14724,5236,4236
31/05/2023,8440,6369,3690,32559,1816,2607,4248,1193,3055,27891,15118,14138,14581,0,0,1816,5363,14724,5236,4236
01/06/2023,8440,6369,3690,32559,1816,2607,4248,1193,3055,27890,15214,14124,14581,0,0,1816,5363,14724,5236,4236
02/06/2023,8440,6369,3690,32559,1816,2607,4248,1193,3055,27890,15214,14124,14581,0,0,1816,5363,14724,5236,4236
03/06/2023,8440,6369,3690,32559,1816,2607,4248,1193,3055,27890,15214,14124,14581,0,0,1816,5363,14724,5236,4236
04/06/2023,8440,6369,3690,32559,1816,2607,4248,1193,3055,27890,15214,14124,14581,0,0,1816,5363,14724,5236,4236
05/06/2023,8440,6369,3690,32559,1816,2607,4248,1193,3055,27890,15214,14124,14581,0,0,1816,5363,14724,5236,4236
06/06/2023,8440,6369,3690,32559,1816,2607,4248,1193,3055,27890,15214,14124,14581,0,0,1816,5363,14724,5236,4236
07/06/2023,8440,6369,3690,32559,1816,2607,4248,1193,3055,27890,15214,14124,14581,0,0,1816,5363,14724,5236,4236
08/06/2023,8440,6369,3690,32559,1816,2607,4248,1193,3055,27890,15214,14124,14581,0,0,1816,5363,14724,5236,4236
09/06/2023,8440,6369,3690,32559,1816,2607,4248,1193,3055,27890,15214,14124,14581,0,0,1816,5363,14724,5236,4236
10/06/2023,8440,6369,3690,32559,1816,2607,4248,1193,3055,27890,15214,14124,14581,0,0,1816,5363,14724,5236,4236
11/06/2023,8440,6369,3690,32559,1816,2607,4248,1193,3055,27890,15214,14124,14581,0,0,1816,5363,14724,5236,4236
12/06/2023,8440,6369,3690,32559,1816,2607,4248,1193,3055,27890,15214,14124,14581,0,0,1816,5363,14724,5236,4236
13/06/2023,8440,6369,3690,32559,1816,2607,4248,1193,3055,27890,15214,14124,14581,0,0,1816,5363,14724,5236,4236
14/06/2023,8440,6369,3690,32559,1816,2607,4248,1193,3055,27890,15214,14124,14581,0,0,1816,5363,14724,5236,4236
15/06/2023,8440,6369,3690,32559,1816,2607,4248,1193,3055,27890,15214,14124,14581,0,0,1816,5363,14724,5236,4236
16/06/2023,8440,6369,3690,32559,1816,2607,4248,1193,3055,27890,15214,14124,14581,0,0,1816,5363,14724,5236,4236
17/06/2023,8440,6369,3690,32559,1816,2607,4248,1193,3055,27890,15214,14124,14581,0,0,1816,5363,14724,5236,4236
18/06/2023,8440,6369,3690,32559,1816,2607,4248,1193,3055,27890,15214,14124,14581,0,0,1816,5363,14724,5236,4236
19/06/2023,8440,6369,3690,32559,1816,2607,4248,1193,3055,27890,15214,14124,14581,0,0,1816,5363,14724,5236,4236
20/06/2023,8440,6369,3690,32559,1816,2607,4248,1193,3055,27890,15214,14124,14581,0,0,1816,5363,14724,5236,4236
21/06/2023,8440,6369,3690,32559,1816,2607,4248,1193,3055,27890,15214,14124,14581,0,0,1816,5363,14724,5236,4236
22/06/2023,8440,6369,3690,32559,1816,2607,4248,1193,3055,27890,15214,14124,14581,0,0,1816,5363,14724,5236,4236
23/06/2023,8440,6369,3690,32559,1816,2607,4248,1193,3055,27890,15214,14124,14581,0,0,1816,5363,14724,5236,4236
24/06/2023,8440,6369,3690,32559,1816,2607,4248,1193,3055,27890,15214,14124,14581,0,0,1816,5363,14724,5236,4236
25/06/2023,8440,6369,3690,32559,1816,2607,4248,1193,3055,27890,15214,14124,14581,0,0,1816,5363,14724,5236,4236
26/06/2023,8440,6369,3690,32559,1816,2607,4248,1193,3055,27890,15214,14124,14581,0,0,1816,5363,14724,5236,4236
27/06/2023,8440,6369,3690,32559,1816,2607,4248,1193,3055,27890,15214,14124,14581,0,0,1816,5363,14724,5236,4236
28/06/2023,8440,6369,3690,32559,1816,2607,4248,1193,3055,27890,15214,14124,14581,0,0,1816,5363,14724,5236,4236
29/06/2023,8440,6369,3690,32559,1816,2607,4248,1193,3055,27890,15214,14124,14581,0,0,1816,5363,14724,5236,4236
30/06/2023,8440,6369,3690,32559,1816,2607,4248,1193,3055,27890,15214,14124,14581,0,0,1816,5363,14724,5236,4236
01/07/2023,8440,6369,3690,32559,1816,2607,4248,1193,3055,27935,15307,14153,14581,0,0,1816,5363,14724,5236,4236
02/07/2023,8440,6369,3690,32559,1816,2607,4248,1193,3055,27935,15307,14153,14581,0,0,1816,5363,14724,5236,4236
03/07/2023,8440,6369,3690,32559,1816,2607,4248,1193,3055,27935,15307,14153,14581,0,0,1816,5363,14724,5236,4236
04/07/2023,8440,6369,3690,32559,1816,2607,4248,1193,3055,27935,15307,14153,14581,0,0,1816,5363,14724,5236,4236
05/07/2023,8440,6369,3690,32559,1816,2607,4248,1193,3055,27935,15307,14153,14581,0,0,1816,5363,14724,5236,4236
06/07/2023,8440,6369,3690,32559,1816,2607,4248,1193,3055,27935,15307,14153,14581,0,0,1816,5363,14724,5236,4236
07/07/2023,8440,6369,3690,32559,1816,2607,4248,1193,3055,27935,15307,14153,14581,0,0,1816,5363,14724,5236,4236
08/07/2023,8440,6369,3690,32559,1816,2607,4248,1193,3055,27935,15307,14153,14581,0,0,1816,5363,14724,5236,4236
09/07/2023,8440,6369,3690,32559,1816,2607,4248,1193,3055,27935,15307,14153,14581,0,0,1816,5363,14724,5236,4236
10/07/2023,8440,6369,3690,32559,1816,2607,4248,1193,3055,27935,15307,14153,14581,0,0,1816,5363,14724,5236,4236
11/07/2023,8440,6369,3690,32559,1816,2607,4248,1193,3055,27935,15307,14153,14581,0,0,1816,5363,14724,5236,4236
12/07/2023,8440,6369,3690,32559,1816,2607,4248,1193,3055,27935,15307,14153,14581,0,0,1816,5363,14724,5236,4236
13/07/2023,8440,6369,3690,32559,1816,2607,4248,1193,3055,27935,15307,14153,14581,0,0,1816,5363,14724,5236,4236
14/07/2023,8440,6369,3690,32559,1816,2607,4248,1193,3055,27935,15307,14153,14581,0,0,1816,5363,14724,5236,4236
15/07/2023,8440,6369,3690,32559,1816,2607,4248,1193,3055,27935,15307,14153,14581,0,0,1816,5363,14724,5236,4236
16/07/2023,8440,6369,3690,32559,1816,2607,4248,1193,3055,27935,15307,14153,14581,0,0,1816,5363,14724,5236,4236
17/07/2023,8440,6369,3690,32559,1816,2607,4248,1193,3055,27935,15307,14153,14581,0,0,1816,5363,14724,5236,4236
18/07/2023,8440,6369,3690,32559,1816,2607,4248,1193,3055,27935,15307,14153,14581,0,0,1816,5363,14724,5236,4236
19/07/2023,8440,6369,3690,32559,1825,2607,4248,1193,3055,27935,15307,14153,14581,0,0,1825,5363,14724,5236,4236
20/07/2023,8440,6369,3690,32559,1825,2607,4248,1193,3055,27935,15307,14153,14581,0,0,1825,5363,14724,5236,4236
21/07/2023,8440,6369,3690,32559,1825,2607,4248,1193,3055,27935,15307,14153,14581,0,0,1825,5363,14724,5236,4236
22/07/2023,8440,6369,3690,32559,1825,2607,4248,1193,3055,27935,15307,14153,14581,0,0,1825,5363,14724,5236,4236
23/07/2023,8440,6369,3690,32559,1825,2607,4248,1193,3055,27935,15307,14153,14581,0,0,1825,5363,14724,5236,4236
24/07/2023,8440,6369,3690,32559,1825,2607,4248,1193,3055,27935,15307,14153,14581,0,0,1825,5363,14724,5236,4236
25/07/2023,8440,6369,3690,32559,1825,2607,4248,1193,3055,27935,15307,14153,14581,0,0,1825,5363,14724,5236,4236
26/07/2023,8440,6369,3690,32559,1825,2607,4248,1193,3055,27935,15307,14153,14581,0,0,1825,5363,14724,5236,4236
27/07/2023,8440,6369,3690,32559,1825,2607,4248,1193,3055,27935,15307,14153,14581,0,0,1825,5363,14724,5236,4236
28/07/2023,8440,6369,3690,32559,1825,2607,4248,1193,3055,27935,15307,14153,14581,0,0,1825,5363,14724,5236,4236
29/07/2023,8440,6369,3690,32559,1825,2607,4248,1193,3055,27935,15307,14153,14581,0,0,1825,5363,14724,5236,4236
30/07/2023,8440,6369,3690,32559,1825,2607,4248,1193,3055,27935,15307,14153,14581,0,0,1825,5363,14724,5236,4236
31/07/2023,8440,6369,3690,32559,1825,2607,4248,1193,3055,27935,15307,14153,14581,0,0,1825,5363,14724,5236,4236
01/08/2023,8440,6369,3690,32559,1825,2607,4248,1193,3055,28144,15411,14213,14581,0,0,1825,5363,14724,5236,4236
02/08/2023,8440,6369,3690,32559,1825,2629,4248,1193,3055,28144,15411,14213,14581,0,0,1825,5363,14724,5236,4236
03/08/2023,8440,6369,3690,32559,1825,2629,4248,1193,3055,28144,15411,14213,14581,0,0,1825,5363,14724,5236,4236
04/08/2023,8440,6369,3690,32559,1825,2629,4248,1193,3055,28144,15411,14213,15781,0,0,1825,5363,14724,5236,4236
05/08/2023,8440,6369,3690,32559,1825,2629,4248,1193,3055,28144,15411,14213,15781,0,0,1825,5363,14724,5236,4236
06/08/2023,8440,6369,3690,32559,1825,2629,4248,1193,3055,28144,15411,14213,15781,0,0,1825,5363,14724,5236,4236
07/08/2023,8440,6369,3690,32559,1825,2629,4248,1193,3055,28144,15411,14213,15781,0,0,1825,5363,14724,5236,4236
08/08/2023,8440,6369,3690,32559,1825,2629,4248,1193,3055,28144,15411,14213,15781,0,0,1825,5363,14724,5236,4236
09/08/2023,8440,6369,3690,32559,1825,2629,4248,1193,3055,28144,15411,14213,15781,0,0,1825,5363,14724,5236,4236
10/08/2023,8440,6369,3690,32559,1825,2629,4248,1193,3055,28144,15411,14213,15781,0,0,1825,5363,14724,5236,4236
11/08/2023,8440,6369,3690,32559,1825,2629,4248,1193,3055,28144,15411,14213,15781,0,0,1825,5363,14724,5236,4236
12/08/2023,8440,6369,3690,32559,1825,2629,4248,1193,3055,28144,15411,14213,15781,0,0,1825,5363,14724,5236,4236
13/08/2023,8440,6369,3690,32559,1825,2629,4248,1193,3055,28144,15411,14213,15781,0,0,1825,5363,14724,5236,4236
14/08/2023,8440,6369,3690,32559,1825,2629,4248,1193,3055,28144,15411,14213,15781,0,0,1825,5363,14724,5236,4236
15/08/2023,8440,6369,3690,32559,1825,2629,4248,1193,3055,28144,15411,14213,15781,0,0,1825,5363,14724,5236,4236
16/08/2023,8440,6369,3690,32559,1825,2629,4248,1193,3055,28144,15411,14213,15781,0,0,1825,5363,14724,5236,4236
17/08/2023,8440,6369,3690,32559,1825,2629,4248,1193,3055,28144,15411,14213,15781,0,0,1825,5363,14724,5236,4236
18/08/2023,8440,6369,3690,32559,1825,2629,4248,1193,3055,28144,15411,14213,15781,0,0,1825,5363,14724,5236,4236
19/08/2023,8440,6369,3690,32559,1825,2629,4248,1193,3055,28144,15411,14213,15781,0,0,1825,5363,14724,5236,4236
20/08/2023,8440,6369,3690,32559,1825,2629,4248,1193,3055,28144,15411,14213,15781,0,0,1825,5363,14724,5236,4236
21/08/2023,8440,6369,3690,32559,1825,2629,4248,1193,3055,28144,15411,14213,15781,0,0,1825,5363,14724,5236,4236
22/08/2023,8440,6369,3690,32559,1825,2629,4248,1193,3055,28144,15411,14213,15781,0,0,1825,5363,14724,5236,4236
23/08/2023,8440,6369,3690,32559,1825,2629,4248,1193,3055,28144,15411,14213,15781,0,0,1825,5363,14724,5236,4236
24/08/2023,8440,6369,3690,32559,1825,2629,4248,1193,3055,28144,15411,14213,15781,0,0,1825,5363,14724,5236,4236
25/08/2023,8440,6369,3690,32559,1825,2629,4248,1193,3055,28144,15411,14213,15781,0,0,1825,5363,14724,5236,4236
26/08/2023,8440,6369,3690,32559,1825,2629,4248,1193,3055,28144,15411,14213,15781,0,0,1825,5363,14724,5236,4236
27/08/2023,8440,6369,3690,32559,1825,2629,4248,1193,3055,28144,15411,14213,15781,0,0,1825,5363,14724,5236,4236
28/08/2023,8440,6369,3690,32559,1825,2629,4248,1193,3055,28144,15411,14213,15781,0,0,1825,5363,14724,5236,4236
29/08/2023,8440,6369,3690,32559,1825,2629,4248,1193,3055,28144,15411,14213,15781,0,0,1825,5363,14724,5236,4236
30/08/2023,8440,6369,3690,32559,1825,2629,4248,1193,3055,28144,15411,14213,15781,0,0,1825,5363,14724,5236,4236
31/08/2023,8440,6369,3690,32559,1825,2629,4248,1193,3055,28144,15411,14213,15781,0,0,1825,5363,14724,5236,4236
01/09/2023,8440,6369,3690,32559,1825,2629,4248,1193,3055,28355,15536,14269,15781,0,0,1825,5363,14724,5236,4236
02/09/2023,8440,6369,3690,32559,1825,2629,4248,1193,3055,28355,15536,14269,15781,0,0,1825,5363,14724,5236,4236
03/09/2023,8440,6369,3690,32559,1825,2629,4248,1193,3055,28355,15536,14269,15781,0,0,1825,5363,14724,5236,4236
04/09/2023,8440,6369,3690,32559,1825,2629,4248,1193,3055,28355,15536,14269,15781,0,0,1825,5363,14724,5236,4236
05/09/2023,8440,6369,3690,32559,1825,2629,4248,1193,3055,28355,15536,14269,15781,0,0,1825,5363,14724,5236,4236
06/09/2023,8440,6369,3690,32559,1825,2629,4248,1193,3055,28355,15536,14269,15781,0,0,1825,5363,14724,5236,4236
07/09/2023,8440,6369,3690,32559,1825,2629,4248,1193,3055,28355,15536,14269,15781,0,0,1825,5363,14724,5236,4236
08/09/2023,8440,6369,3690,32559,1825,2629,4248,1193,3055,28355,15536,14269,15781,0,0,1825,5363,14724,5236,4236
09/09/2023,8440,6369,3690,32559,1825,2629,4248,1193,3055,28355,15536,14269,15781,0,0,1825,5363,14724,5236,4236
10/09/2023,8440,6369,3690,32559,1825,2629,4248,1193,3055,28355,15536,14269,15781,0,0,1825,5363,14724,5236,4236
11/09/2023,8440,6369,3690,32559,1825,2629,4248,1193,3055,28355,15536,14269,15781,0,0,1825,5363,14724,5236,4236
12/09/2023,8440,6369,3690,32559,1825,2629,4248,1193,3055,28355,15536,14269,15781,0,0,1825,5363,14724,5236,4236
13/09/2023,8440,6369,3690,32559,1825,2629,4248,1193,3055,28355,15536,14269,15781,0,0,1825,5363,14724,5236,4236
14/09/2023,8440,6369,3690,32559,1825,2629,4248,1193,3055,28355,15536,14269,15781,0,0,1825,5363,14724,5236,4236
15/09/2023,8440,6369,3690,32559,1825,2629,4248,1193,3055,28355,15536,14269,15781,0,0,1825,5363,14724,5236,4236
16/09/2023,8440,6369,3690,32559,1825,2629,4248,1193,3055,28355,15536,14269,15781,0,0,1825,5363,14724,5236,4236
17/09/2023,8440,6369,3690,32559,1825,2629,4248,1193,3055,28355,15536,14269,15781,0,0,1825,5363,14724,5236,4236
18/09/2023,8440,6369,3690,32559,1825,2629,4248,1193,3055,28355,15536,14269,15781,0,0,1825,5363,14724,5236,4236
19/09/2023,8440,6369,3690,32559,1825,2629,4248,1193,3055,28355,15536,14269,15781,0,0,1825,5363,14724,5236,4236
20/09/2023,8440,6369,3690,32559,1825,2629,4248,1193,3055,28355,15536,14269,15781,0,0,1825,5363,14724,5236,4236
21/09/2023,8440,6369,3690,32559,1825,2629,4248,1193,3055,28355,15536,14269,15781,0,0,1825,5363,14724,5236,4236
22/09/2023,8440,6369,3690,32559,1825,2629,4248,1193,3055,28355,15536,14269,15781,0,0,1825,5363,14724,5236,4236
23/09/2023,8440,6369,3690,32559,1825,2629,4248,1193,3055,28355,15536,14269,15781,0,0,1825,5363,14724,5236,4236
24/09/2023,8440,6369,3690,32559,1825,2629,4248,1193,3055,28355,15536,14269,15781,0,0,1825,5363,14724,5236,4236
25/09/2023,8440,6369,3690,32559,1825,2629,4248,1193,3055,28355,15536,14269,15781,0,0,1825,5363,14724,5236,4236
26/09/2023,8440,6369,3690,32559,1825,2629,4248,1193,3055,28355,15536,14269,15781,0,0,1825,5363,14724,5236,4236
27/09/2023,8440,6369,3690,32559,1825,2629,4248,1193,3055,28355,15536,14269,15781,0,0,1825,5363,14724,5236,4236
28/09/2023,8440,6369,3690,32559,1825,2629,4248,1193,3055,28355,15536,14269,15781,0,0,1825,5363,14724,5236,4236
29/09/2023,8440,6369,3690,32559,1825,2629,4248,1193,3055,28355,15536,14269,15781,0,0,1825,5363,14724,5236,4236
30/09/2023,8440,6369,3690,32559,1825,2629,4248,1193,3055,28355,15536,14269,15781,0,0,1825,5363,14724,5236,4236
01/10/2023,8440,6369,3690,32559,1825,2629,4248,1193,3055,28569,15835,14324,15781,0,0,1825,5363,14724,5236,4236
02/10/2023,8440,6369,3690,32559,1825,2629,4248,1193,3055,28569,15835,14324,15781,0,0,1825,5363,14724,5236,4236
03/10/2023,8440,6369,3690,32559,1825,2629,4248,1193,3055,28569,15835,14324,15781,0,0,1825,5363,14724,5236,4236
04/10/2023,8440,6369,3690,32559,1825,2629,4248,1193,3055,28569,15835,14324,15781,0,0,1825,5363,14724,5236,4236
05/10/2023,8440,6369,3690,32559,1825,2629,4248,1193,3055,28569,15835,14324,15781,0,0,1825,5363,14724,5236,4236
06/10/2023,8440,6369,3690,32559,1825,2629,4248,1193,3055,28569,15835,14324,15781,0,0,1825,5363,14724,5236,4236
07/10/2023,8440,6369,3690,32559,1825,2629,4248,1193,3055,28569,15835,14324,15781,0,0,1825,5363,14724,5236,4236
08/10/2023,8440,6369,3690,32559,1825,2629,4248,1193,3055,28569,15835,14324,15781,0,0,1825,5363,14724,5236,4236
09/10/2023,8440,6369,3690,32559,1825,2629,4248,1193,3055,28569,15835,14324,15781,0,0,1825,5363,14724,5236,4236
10/10/2023,8440,6369,3690,32559,1825,2629,4248,1193,3055,28569,15835,14324,15781,0,0,1825,5363,14724,5236,4236
11/10/2023,8440,6369,3690,32559,1825,2629,4248,1193,3055,28569,15835,14324,15781,0,0,1825,5363,14724,5236,4236
12/10/2023,8440,6369,3690,32559,1825,2629,4248,1193,3055,28569,15835,14324,15781,0,0,1825,5363,14724,5236,4236
13/10/2023,8440,6369,3690,32559,1825,2629,4248,1193,3055,28569,15835,14324,15781,0,0,1825,5363,14724,5236,4236
14/10/2023,8440,6369,3690,32559,1825,2629,4248,1193,3055,28569,15835,14324,15781,0,0,1825,5363,14724,5236,4236
15/10/2023,8440,6369,3690,32559,1825,2629,4248,1193,3055,28569,15835,14324,15781,0,0,1825,5363,14724,5236,4236
16/10/2023,8440,6369,3690,32559,1825,2629,4248,1193,3055,28569,15835,14324,15781,0,0,1825,5363,14724,5236,4236
17/10/2023,8440,6369,3690,32559,1825,2629,4248,1193,3055,28569,15835,14324,15781,0,0,1825,5363,14724,5236,4236
18/10/2023,8440,6369,3690,32559,1825,2629,4250,1195,3055,28569,15835,14324,15781,0,0,1825,5363,14724,5236,4236
19/10/2023,8440,6369,3690,32559,1825,2629,4250,1195,3055,28569,15835,14324,15781,0,0,1825,5363,14724,5236,4236
20/10/2023,8440,6369,3690,32559,1825,2629,4250,1195,3055,28569,15835,14324,15781,0,0,1825,5363,14724,5236,4236
21/10/2023,8440,6369,3690,32559,1825,2629,4250,1195,3055,28569,15835,14324,15781,0,0,1825,5363,14724,5236,4236
22/10/2023,8440,6369,3690,32559,1825,2629,4250,1195,3055,28569,15835,14324,15781,0,0,1825,5363,14724,5236,4236
23/10/2023,8440,6369,3690,32559,1825,2629,4250,1195,3055,28569,15835,14324,15781,0,0,1825,5363,14724,5236,4236
24/10/2023,8440,6369,3690,32559,1825,2629,4250,1195,3055,28569,15835,14324,15781,0,0,1825,5363,14724,5236,4236
25/10/2023,8440,6369,3690,32559,1825,2629,4250,1195,3055,28569,15835,14324,15781,0,0,1825,5363,14724,5236,4236
26/10/2023,8440,6369,3690,32559,1825,2629,4250,1195,3055,28569,15835,14324,15781,0,0,1825,5363,14724,5236,4236
27/10/2023,8440,6369,3690,32559,1825,2629,4250,1195,3055,28569,15835,14324,15781,0,0,1825,5363,14724,5236,4236
28/10/2023,8440,6369,3690,32559,1825,2629,4250,1195,3055,28569,15835,14324,15781,0,0,1825,5363,14724,5236,4236
29/10/2023,8440,6369,3690,32559,1825,2629,4250,1195,3055,28569,15835,14324,15781,0,0,1825,5363,14724,5236,4236
30/10/2023,8440,6369,3690,32559,1825,2629,4250,1195,3055,28569,15835,14324,15781,0,0,1825,5363,14724,5236,4236
31/10/2023,8440,6369,3690,32559,1825,2629,4250,1195,3055,28569,15835,14324,15781,0,0,1825,5363,14724,5236,4236
01/11/2023,8440,6369,3690,32559,1825,2641,4250,1195,3055,28897,15946,14349,15781,0,0,1825,5363,14724,5236,4236
02/11/2023,8440,6369,3690,32559,1825,2641,4250,1195,3055,28897,15946,14349,15781,0,0,1825,5363,14724,5236,4236
03/11/2023,8440,6369,3690,32559,1825,2641,4250,1195,3055,28897,15946,14349,15781,0,0,1825,5363,14724,5236,4236
04/11/2023,8440,6369,3690,32559,1825,2641,4250,1195,3055,28897,15946,14349,15781,0,0,1825,5363,14724,5236,4236
05/11/2023,8440,6369,3690,32559,1825,2641,4250,1195,3055,28897,15946,14349,15781,0,0,1825,5363,14724,5236,4236
06/11/2023,8440,6369,3690,32559,1825,2641,4250,1195,3055,28897,15946,14349,15781,0,0,1825,5363,14724,5236,4236
07/11/2023,8440,6369,3690,32559,1825,2654,4250,1195,3055,28897,15946,14349,15781,0,0,1825,5363,14724,5236,4236
08/11/2023,8440,6369,3690,32559,1825,2654,4250,1195,3055,28897,15946,14349,15781,0,0,1825,5363,14724,5236,4236
09/11/2023,8440,6369,3690,32559,1825,2654,4250,1195,3055,28897,15946,14349,15781,0,0,1825,5363,14724,5236,4236
10/11/2023,8440,6369,3690,32559,1825,2654,4250,1195,3055,28897,15946,14349,15781,0,0,1825,5363,14724,5236,4236
11/11/2023,8440,6369,3690,32559,1825,2654,4250,1195,3055,28897,15946,14349,15781,0,0,1825,5363,14724,5236,4236
12/11/2023,8440,6369,3690,32559,1825,2654,4250,1195,3055,28897,15946,14349,15781,0,0,1825,5363,14724,5236,4236
13/11/2023,8440,6369,3690,32559,1825,2654,4250,1195,3055,28897,15946,14349,15781,0,0,1825,5363,14724,5236,4236
14/11/2023,8440,6369,3690,32559,1825,2654,4250,1195,3055,28897,15946,14349,15781,0,0,1825,5363,14724,5236,4236
15/11/2023,8440,6369,3690,32559,1825,2654,4250,1195,3055,28897,15946,14349,15781,0,0,1825,5363,14724,5236,4236
16/11/2023,8440,6369,3690,32559,1825,2654,4250,1195,3055,28897,15946,14349,15781,0,0,1825,5363,14724,5236,4236
17/11/2023,8440,6369,3690,32559,1825,2654,4250,1195,3055,28897,15946,14349,15781,0,0,1825,5363,14724,5236,4236
18/11/2023,8440,6369,3690,32559,1825,2654,4250,1195,3055,28897,15946,14349,15781,0,0,1825,5363,14724,5236,4236
19/11/2023,8440,6369,3690,32559,1825,2654,4250,1195,3055,28897,15946,14349,15781,0,0,1825,5363,14724,5236,4236
20/11/2023,8440,6369,3690,32559,1825,2654,4250,1195,3055,28897,15946,14349,15781,0,0,1825,5363,14724,5236,4236
21/11/2023,8440,6369,3690,32559,1825,2654,4250,1195,3055,28897,15946,14349,15781,0,0,1825,5363,14724,5236,4236
22/11/2023,8440,6369,3690,32559,1825,2654,4250,1195,3055,28897,15946,14349,15781,0,0,1825,5363,14724,5236,4236
23/11/2023,8440,6369,3690,32559,1825,2654,4250,1195,3055,28897,15946,14349,15781,0,0,1825,5363,14724,5236,4236
24/11/2023,8440,6369,3690,32559,1825,2654,4250,1195,3055,28897,15946,14349,15781,0,0,1825,5363,14724,5236,4236
25/11/2023,8440,6369,3690,32559,1825,2654,4250,1195,3055,28897,15946,14349,15781,0,0,1825,5363,14724,5236,4236
26/11/2023,8440,6369,3690,32559,1825,2654,4250,1195,3055,28897,15946,14349,15781,0,0,1825,5363,14724,5236,4236
27/11/2023,8440,6369,3690,32559,1825,2654,4250,1195,3055,28897,15946,14349,15781,0,0,1825,5363,14724,5236,4236
28/11/2023,8440,6369,3690,32559,1825,2654,4250,1195,3055,28897,15946,14349,15781,0,0,1825,5363,14724,5236,4236
29/11/2023,8440,6369,3690,32559,1825,2654,4250,1195,3055,28897,15946,14349,15781,0,0,1825,5363,14724,5236,4236
30/11/2023,8440,6369,3690,32559,1825,2654,4250,1195,3055,28897,15946,14349,15781,0,0,1825,5363,14724,5236,4236
01/12/2023,8440,6369,3690,32559,1825,2654,4255,1200,3055,29031,16143,14329,15781,0,0,1825,5363,14724,5236,4236
02/12/2023,8440,6369,3690,32559,1825,2654,4255,1200,3055,29031,16143,14329,15781,0,0,1825,5363,14724,5236,4236
03/12/2023,8440,6369,3690,32559,1825,2654,4255,1200,3055,29031,16143,14329,15781,0,0,1825,5363,14724,5236,4236
04/12/2023,8440,6369,3690,32559,1825,2654,4255,1200,3055,29031,16143,14329,15781,0,0,1825,5363,14724,5236,4236
05/12/2023,8440,6369,3690,32559,1825,2654,4255,1200,3055,29031,16143,14329,15781,0,0,1825,5363,14724,5236,4236
06/12/2023,8440,6369,3690,32559,1825,2654,4255,1200,3055,29031,16143,14329,15781,0,0,1825,5363,14724,5236,4236
07/12/2023,8440,6369,3690,32559,1825,2654,4255,1200,3055,29031,16143,14329,15781,0,0,1825,5363,14724,5236,4236
08/12/2023,8440,6369,3690,32559,1825,2654,4255,1200,3055,29031,16143,14329,15781,0,0,1825,5363,14724,5236,4236
09/12/2023,8440,6369,3690,32559,1825,2654,4255,1200,3055,29031,16143,14329,15781,0,0,1825,5363,14724,5236,4236
10/12/2023,8440,6369,3690,32559,1825,2654,4255,1200,3055,29031,16143,14329,15781,0,0,1825,5363,14724,5236,4236
11/12/2023,8440,6369,3690,32559,1825,2654,4255,1200,3055,29031,16143,14329,15781,0,0,1825,5363,14724,5236,4236
12/12/2023,8440,6369,3690,32559,1825,2654,4255,1200,3055,29031,16143,14329,15781,0,0,1825,5363,14724,5236,4236
13/12/2023,8440,6369,3690,32559,1825,2654,4255,1200,3055,29031,16143,14329,15781,0,0,1825,5363,14724,5236,4236
14/12/2023,8440,6369,3690,32559,1825,2654,4255,1200,3055,29031,16143,14329,15781,0,0,1825,5363,14724,5236,4236
15/12/2023,8440,6369,3690,32559,1825,2654,4255,1200,3055,29031,16143,14329,15781,0,0,1825,5363,14724,5236,4236
16/12/2023,8440,6369,3690,32559,1825,2654,4255,1200,3055,29031,16143,14329,15781,0,0,1825,5363,14724,5236,4236
17/12/2023,8440,6369,3690,32559,1825,2654,4255,1200,3055,29031,16143,14329,15781,0,0,1825,5363,14724,5236,4236
18/12/2023,8440,6369,3690,32559,1825,2654,4255,1200,3055,29031,16143,14329,15781,0,0,1825,5363,14724,5236,4236
19/12/2023,8440,6369,3690,32559,1825,2654,4255,1200,3055,29031,16143,14329,15781,0,0,1825,5363,14724,5236,4236
20/12/2023,8440,6369,3690,32559,1825,2654,4255,1200,3055,29031,16143,14329,15781,0,0,1825,5363,14724,5236,4236
21/12/2023,8440,6369,3690,32559,1825,2654,4255,1200,3055,29031,16143,14329,15781,0,0,1825,5363,14724,5236,4236
22/12/2023,8440,6369,3690,32559,1825,2654,4255,1200,3055,29031,16143,14329,15781,0,0,1825,5363,14724,5236,4236
23/12/2023,8440,6369,3690,32559,1825,2654,4255,1200,3055,29031,16143,14329,15781,0,0,1825,5363,14724,5236,4236
24/12/2023,8440,6369,3690,32559,1825,2654,4255,1200,3055,29031,16143,14329,15781,0,0,1825,5363,14724,5236,4236
25/12/2023,8440,6369,3690,32559,1825,2654,4255,1200,3055,29031,16143,14329,15781,0,0,1825,5363,14724,5236,4236
26/12/2023,8440,6369,3690,32559,1825,2654,4255,1200,3055,29031,16143,14329,15781,0,0,1825,5363,14724,5236,4236
27/12/2023,8440,6369,3690,32559,1825,2654,4255,1200,3055,29031,16143,14329,15781,0,0,1825,5363,14724,5236,4236
28/12/2023,8440,6369,3690,32559,1825,2654,4255,1200,3055,29031,16143,14329,15781,0,0,1825,5363,14724,5236,4236
29/12/2023,9240,6369,3690,32559,1825,2654,4255,1200,3055,29031,16143,14329,15781,0,0,1825,5363,14724,5236,4236
30/12/2023,9240,6369,3690,32559,1825,2654,4255,1200,3055,29031,16143,14329,15781,0,0,1825,5363,14724,5236,4236
31/12/2023,9240,6369,3690,32559,1825,2654,4255,1200,3055,29031,16143,14329,15781,0,0,1825,5363,14724,5236,4236
01/01/2024,9240,6369,3690,32559,1825,2654,4255,1200,3055,29168,16464,14308,15781,0,0,1825,5363,14724,5236,4236
02/01/2024,9240,6369,3690,32559,1825,2654,4255,1200,3055,29168,16464,14308,15781,0,0,1825,5363,14724,5236,4236
03/01/2024,9240,6369,3690,32559,1825,2654,4255,1200,3055,29168,16464,14308,15781,0,0,1825,5363,14724,5236,4236
04/01/2024,9240,6369,3690,32559,1825,2654,4255,1200,3055,29168,16464,14308,15781,0,0,1825,5363,14724,5236,4236
05/01/2024,9240,6369,3690,32559,1825,2654,4255,1200,3055,29168,16464,14308,15781,0,0,1825,5363,14724,5236,4236
06/01/2024,9240,6369,3690,32559,1825,2654,4255,1200,3055,29168,16464,14308,15781,0,0,1825,5363,14724,5236,4236
07/01/2024,9240,6369,3690,32559,1825,2654,4255,1200,3055,29168,16464,14308,15781,0,0,1825,5363,14724,5236,4236
08/01/2024,9240,6369,3690,32559,1825,2654,4255,1200,3055,29168,16464,14308,15781,0,0,1825,5363,14724,5236,4236
09/01/2024,9240,6369,3690,32559,1825,2654,4255,1200,3055,29168,16464,14308,15781,0,0,1825,5363,14724,5236,4236
10/01/2024,9240,6369,3690,32559,1825,2654,4255,1200,3055,29168,16464,14308,15781,0,0,1825,5363,14724,5236,4236
11/01/2024,9240,6369,3690,32559,1825,2654,4255,1200,3055,29168,16464,14308,15781,0,0,1825,5363,14724,5236,4236
12/01/2024,9240,6369,3690,32559,1825,2654,4255,1200,3055,29168,16464,14308,15781,0,0,1825,5363,14724,5236,4236
13/01/2024,9240,6369,3690,32559,1825,2654,4255,1200,3055,29168,16464,14308,15781,0,0,1825,5363,14724,5236,4236
14/01/2024,9240,6369,3690,32559,1825,2654,4255,1200,3055,29168,16464,14308,15781,0,0,1825,5363,14724,5236,4236
15/01/2024,9840,6369,3690,32559,1825,2654,4255,1200,3055,29168,16464,14308,15781,0,0,1825,5363,14724,5236,4236
16/01/2024,9840,6369,3690,32559,1825,2654,4255,1200,3055,29168,16464,14308,15781,0,0,1825,5363,14724,5236,4236
17/01/2024,9840,6369,3690,32559,1825,2654,4255,1200,3055,29168,16464,14308,15781,0,0,1825,5363,14724,5236,4236
18/01/2024,9840,6369,3690,32559,1825,2654,4255,1200,3055,29168,16464,14308,15781,0,0,1825,5363,14724,5236,4236
19/01/2024,9840,6369,3690,32559,1825,2654,4255,1200,3055,29168,16464,14308,15781,0,0,1825,5363,14724,5236,4236
20/01/2024,9840,6369,3690,32559,1825,2654,4255,1200,3055,29168,16464,14308,15781,0,0,1825,5363,14724,5236,4236
21/01/2024,9840,6369,3690,32559,1825,2654,4255,1200,3055,29168,16464,14308,15781,0,0,1825,5363,14724,5236,4236
22/01/2024,9840,6369,3690,32559,1825,2654,4255,1200,3055,29168,16464,14308,15781,0,0,1825,5363,14724,5236,4236
23/01/2024,9840,6369,3690,32559,1825,2654,4255,1200,3055,29168,16464,14308,15781,0,0,1825,5363,14724,5236,4236
24/01/2024,9840,6369,3690,32559,1825,2654,4255,1200,3055,29168,16464,14308,15781,0,0,1825,5363,14724,5236,4236
25/01/2024,9840,6369,3690,32559,1825,2654,4255,1200,3055,29168,16464,14308,15781,0,0,1825,5363,14724,5236,4236
26/01/2024,9840,6369,3690,32559,1825,2654,4255,1200,3055,29168,16464,14308,15781,0,0,1825,5363,14724,5236,4236
27/01/2024,9840,6369,3690,32559,1825,2654,4255,1200,3055,29168,16464,14308,15781,0,0,1825,5363,14724,5236,4236
28/01/2024,9840,6369,3690,32559,1825,2654,4255,1200,3055,29168,16464,14308,15781,0,0,1825,5363,14724,5236,4236
29/01/2024,9840,6369,3690,32559,1825,2654,4255,1200,3055,29168,16464,14308,16005,0,0,1825,5363,14724,5236,4236
30/01/2024,9840,6369,3690,32559,1825,2654,4255,1200,3055,29168,16464,14308,16005,0,0,1825,5363,14724,5236,4236
31/01/2024,9840,6369,3690,32559,1825,2654,4255,1200,3055,29168,16464,14308,16005,0,0,1825,5363,14724,5236,4236
01/02/2024,9840,6369,3690,32559,1825,2654,4255,1200,3055,29196,16732,14308,16005,0,0,1825,5363,14724,5236,4236
02/02/2024,9840,6369,3690,32559,1825,2654,4255,1200,3055,29196,16732,14308,16005,0,0,1825,5363,14724,5236,4236
03/02/2024,9840,6369,3690,32559,1825,2654,4255,1200,3055,29196,16732,14308,16005,0,0,1825,5363,14724,5236,4236
04/02/2024,9840,6369,3690,32559,1825,2654,4255,1200,3055,29196,16732,14308,16005,0,0,1825,5363,14724,5236,4236
05/02/2024,9840,6369,3690,32559,1825,2654,4255,1200,3055,29196,16732,14308,16005,0,0,1825,5363,14724,5236,4236
06/02/2024,9840,6369,3690,32559,1825,2654,4255,1200,3055,29196,16732,14308,16005,0,0,1825,5363,14724,5236,4236
07/02/2024,9840,6369,3690,32559,1825,2654,4255,1200,3055,29196,16732,14308,16005,0,0,1825,5363,14724,5236,4236
08/02/2024,9840,6369,3690,32559,1825,2654,4255,1200,3055,29196,16732,14308,16005,0,0,1825,5363,14724,5236,4236
09/02/2024,9840,6369,3690,32559,1825,2654,4255,1200,3055,29196,16732,14308,16005,0,0,1825,5363,14724,5236,4236
10/02/2024,9840,6369,3690,32559,1825,2654,4255,1200,3055,29196,16732,14308,16005,0,0,1825,5363,14724,5236,4236
11/02/2024,9840,6369,3690,32559,1825,2654,4255,1200,3055,29196,16732,14308,16005,0,0,1825,5363,14724,5236,4236
12/02/2024,9840,6369,3690,32559,1825,2654,4255,1200,3055,29196,16732,14308,16005,0,0,1825,5363,14724,5236,4236
13/02/2024,9840,6369,3690,32559,1825,2654,4255,1200,3055,29196,16732,14308,16005,0,0,1825,5363,14724,5236,4236
14/02/2024,9840,6369,3690,32559,1825,2654,4255,1200,3055,29196,16732,14308,16005,0,0,1825,5363,14724,5236,4236
15/02/2024,9840,6369,3690,32559,1825,2654,4255,1200,3055,29196,16732,14308,16005,0,0,1825,5363,14724,5236,4236
16/02/2024,9840,6369,3690,32559,1825,2654,4255,1200,3055,29196,16732,14308,16005,0,0,1825,5363,14724,5236,4236
17/02/2024,9840,6369,3690,32559,1825,2654,4255,1200,3055,29196,16732,14308,16005,0,0,1825,5363,14724,5236,4236
18/02/2024,9840,6369,3690,32559,1825,2654,4255,1200,3055,29196,16732,14308,16005,0,0,1825,5363,14724,5236,4236
19/02/2024,9840,6369,3690,32559,1825,2654,4255,1200,3055,29196,16732,14308,16005,0,0,1825,5363,14724,5236,4236
20/02/2024,9840,6369,3690,32559,1825,2654,4255,1200,3055,29196,16732,14308,16005,0,0,1825,5363,14724,5236,4236
21/02/2024,9840,6369,3690,32559,1825,2654,4255,1200,3055,29196,16732,14308,16005,0,0,1825,5363,14724,5236,4236
22/02/2024,9840,6369,3690,32559,1825,2654,4255,1200,3055,29196,16732,14308,16005,0,0,1825,5363,14724,5236,4236
23/02/2024,9840,6369,3690,32559,1825,2654,4255,1200,3055,29196,16732,14308,16005,0,0,1825,5363,14724,5236,4236
24/02/2024,9840,6369,3690,32559,1825,2654,4255,1200,3055,29196,16732,14308,16005,0,0,1825,5363,14724,5236,4236
25/02/2024,9840,6369,3690,32559,1825,2654,4255,1200,3055,29196,16732,14308,16005,0,0,1825,5363,14724,5236,4236
26/02/2024,9840,6369,3690,32559,1825,2654,4255,1200,3055,29196,16732,14308,16005,0,0,1825,5363,14724,5236,4236
27/02/2024,9840,6369,3690,32559,1825,2654,4255,1200,3055,29196,16732,14308,16005,0,0,1825,5363,14724,5236,4236
28/02/2024,9840,6369,3690,32559,1825,2654,4255,1200,3055,29196,16732,14308,16005,0,0,1825,5363,14724,5236,4236
29/02/2024,9840,6369,3690,32559,1825,2654,4255,1200,3055,29196,16732,14308,16005,0,0,1825,5363,14724,5236,4236
01/03/2024,9840,6369,3690,32559,1825,2654,4255,1201,3055,29230,16959,14313,16005,0,0,1825,5363,14724,5236,4236
02/03/2024,9840,6369,3690,32559,1825,2654,4255,1201,3055,29230,16959,14313,16005,0,0,1825,5363,14724,5236,4236
03/03/2024,9840,6369,3690,32559,1825,2654,4255,1201,3055,29230,16959,14313,16005,0,0,1825,5363,14724,5236,4236
04/03/2024,9840,6369,3690,32559,1825,2654,4255,1201,3055,29230,16959,14313,16005,0,0,1825,5363,14724,5236,4236
05/03/2024,9840,6369,3690,32559,1825,2654,4255,1201,3055,29230,16959,14313,16005,0,0,1825,5363,14724,5236,4236
06/03/2024,9840,6369,3690,32559,1825,2654,4255,1201,3055,29230,16959,14313,16005,0,0,1825,5363,14724,5236,4236
07/03/2024,9840,6369,3690,32559,1825,2654,4255,1201,3055,29230,16959,14313,16005,0,0,1825,5363,14724,5236,4236
08/03/2024,9840,6369,3690,32559,1825,2654,4255,1201,3055,29230,16959,14313,16005,0,0,1825,5363,14724,5236,4236
09/03/2024,9840,6369,3690,32559,1825,2654,4255,1201,3055,29230,16959,14313,16005,0,0,1825,5363,14724,5236,4236
10/03/2024,9840,6369,3690,32559,1825,2654,4255,1201,3055,29230,16959,14313,16005,0,0,1825,5363,14724,5236,4236
11/03/2024,9840,6369,3690,32559,1825,2654,4255,1201,3055,29230,16959,14313,16005,0,0,1825,5363,14724,5236,4236
12/03/2024,9840,6369,3690,32559,1825,2654,4255,1201,3055,29230,16959,14313,16005,0,0,1825,5363,14724,5236,4236
13/03/2024,9840,6369,3690,32559,1825,2654,4255,1201,3055,29230,16959,14313,16005,0,0,1825,5363,14724,5236,4236
14/03/2024,9840,6369,3690,32559,1825,2654,4255,1201,3055,29230,16959,14313,16005,0,0,1825,5363,14724,5236,4236
15/03/2024,9840,6369,3690,32559,1825,2703,4255,1201,3055,29230,16959,14313,16005,0,0,1825,5363,14724,5236,4236
16/03/2024,9840,6369,3690,32559,1825,2703,4255,1201,3055,29230,16959,14313,16005,0,0,1825,5363,14724,5236,4236
17/03/2024,9840,6369,3690,32559,1825,2703,4255,1201,3055,29230,16959,14313,16005,0,0,1825,5363,14724,5236,4236
18/03/2024,9840,6369,3690,32559,1825,2703,4255,1201,3055,29230,16959,14313,16005,0,0,1825,5363,14724,5236,4236
19/03/2024,9840,6369,3690,32559,1825,2703,4255,1201,3055,29230,16959,14313,16005,0,0,1825,5363,14724,5236,4236
20/03/2024,9840,6369,3690,32559,1825,2703,4255,1201,3055,29230,16959,14313,16005,0,0,1825,5363,14724,5236,4236
21/03/2024,9840,6369,3690,32559,1825,2703,4255,1201,3055,29230,16959,14313,16005,0,0,1825,5363,14724,5236,4236
22/03/2024,9840,6369,3690,32559,1825,2703,4255,1201,3055,29230,16959,14313,16005,0,0,1825,5363,14724,5236,4236
23/03/2024,9840,6369,3690,32559,1825,2703,4255,1201,3055,29230,16959,14313,16005,0,0,1825,5363,14724,5236,4236
24/03/2024,9840,6369,3690,32559,1825,2703,4255,1201,3055,29230,16959,14313,16005,0,0,1825,5363,14724,5236,4236
25/03/2024,9840,6369,3690,32559,1825,2703,4255,1201,3055,29230,16959,14313,16005,0,0,1825,5363,14724,5236,4236
26/03/2024,9840,6369,3690,32559,1825,2703,4255,1201,3055,29230,16959,14313,16005,0,0,1825,5363,14724,5236,4236
27/03/2024,9840,6369,3690,32559,1825,2703,4255,1201,3055,29230,16959,14313,16005,0,0,1825,5363,14724,5236,4236
28/03/2024,9840,6369,3690,32559,1825,2703,4255,1201,3055,29230,16959,14313,16005,0,0,1825,5363,14724,5236,4236
29/03/2024,9840,6369,3690,32559,1825,2703,4255,1201,3055,29230,16959,14313,16005,0,0,1825,5363,14724,5236,4236
30/03/2024,9840,6369,3690,32559,1825,2703,4255,1201,3055,29230,16959,14313,16005,0,0,1825,5363,14724,5236,4236
31/03/2024,9840,6369,3690,32559,1825,2703,4255,1201,3055,29230,16959,14313,16005,0,0,1825,5363,14724,5236,4236
01/04/2024,9840,6369,3690,32559,1825,2703,4255,1201,3055,29265,17179,14319,16005,0,0,1825,5363,14724,5236,4236
02/04/2024,9840,6369,3690,32559,1825,2703,4255,1201,3055,29265,17179,14319,16005,0,0,1825,5363,14724,5236,4236
03/04/2024,9840,6369,3690,32559,1825,2703,4255,1201,3055,29265,17179,14319,16005,0,0,1825,5363,14724,5236,4236
04/04/2024,9840,6369,3690,32559,1825,2703,4255,1201,3055,29265,17179,14319,16005,0,0,1825,5363,14724,5236,4236
05/04/2024,9840,6369,3690,32559,1825,2703,4255,1201,3055,29265,17179,14319,16005,0,0,1825,5363,14724,5236,4236
06/04/2024,9840,6369,3690,32559,1825,2703,4255,1201,3055,29265,17179,14319,16005,0,0,1825,5363,14724,5236,4236
07/04/2024,9840,6369,3690,32559,1825,2703,4255,1201,3055,29265,17179,14319,16005,0,0,1825,5363,14724,5236,4236
08/04/2024,9840,6369,3690,32559,1825,2703,4255,1201,3055,29265,17179,14319,16005,0,0,1825,5363,14724,5236,4236
09/04/2024,9840,6369,3690,32559,1825,2703,4255,1201,3055,29265,17179,14319,16005,0,0,1825,5363,14724,5236,4236
10/04/2024,9840,6369,3690,32559,1825,2703,4255,1201,3055,29265,17179,14319,16005,0,0,1825,5363,14724,5236,4236
11/04/2024,9840,6369,3690,32559,1825,2703,4255,1201,3055,29265,17179,14319,16005,0,0,1825,5363,14724,5236,4236
12/04/2024,9840,6369,3690,32559,1825,2703,4255,1201,3055,29265,17179,14319,16005,0,0,1825,5363,14724,5236,4236
13/04/2024,9840,6369,3690,32559,1825,2703,4255,1201,3055,29265,17179,14319,16005,0,0,1825,5363,14724,5236,4236
14/04/2024,9840,6369,3690,32559,1825,2703,4255,1201,3055,29265,17179,14319,16005,0,0,1825,5363,14724,5236,4236
15/04/2024,9840,6369,3690,32559,1825,2703,4255,1201,3055,29265,17179,14319,16005,0,0,1825,5363,14724,5236,4236
16/04/2024,9840,6369,3690,32559,1825,2703,4255,1201,3055,29265,17179,14319,16005,0,0,1825,5363,14724,5236,4236
17/04/2024,9840,6369,3690,32559,1825,2703,4255,1201,3055,29265,17179,14319,16005,0,0,1825,5363,14724,5236,4236
18/04/2024,9840,6369,3690,32559,1825,2703,4255,1201,3055,29265,17179,14319,16005,0,0,1825,5363,14724,5236,4236
19/04/2024,9840,6369,3690,32559,1825,2703,4255,1201,3055,29265,17179,14319,16005,0,0,1825,5363,14724,5236,4236
20/04/2024,9840,6369,3690,32559,1825,2703,4255,1201,3055,29265,17179,14319,16005,0,0,1825,5363,14724,5236,4236
21/04/2024,9840,6369,3690,32559,1825,2703,4255,1201,3055,29265,17179,14319,16005,0,0,1825,5363,14724,5236,4236
22/04/2024,9840,6369,3690,32559,1825,2703,4255,1201,3055,29265,17179,14319,16005,0,0,1825,5363,14724,5236,4236
23/04/2024,9840,6369,3690,32559,1825,2703,4255,1201,3055,29265,17179,14319,16005,0,0,1825,5363,14724,5236,4236
24/04/2024,9840,6369,3690,32559,1825,2703,4255,1201,3055,29265,17179,14319,16005,0,0,1825,5363,14724,5236,4236
25/04/2024,9840,6369,3690,32559,1825,2703,4255,1201,3055,29265,17179,14319,16005,0,0,1825,5363,14724,5236,4236
26/04/2024,9840,6369,3690,32559,1825,2703,4255,1201,3055,29265,17179,14319,16005,0,0,1825,5363,14724,5236,4236
27/04/2024,9840,6369,3690,32559,1825,2703,4255,1201,3055,29265,17179,14319,16005,0,0,1825,5363,14724,5236,4236
28/04/2024,9840,6369,3690,32559,1825,2703,4255,1201,3055,29265,17179,14319,16005,0,0,1825,5363,14724,5236,4236
29/04/2024,9840,6369,3690,32559,1825,2703,4255,1201,3055,29265,17179,14319,16005,0,0,1825,5363,14724,5236,4236
30/04/2024,9840,6369,3690,32559,1825,2703,4255,1201,3055,29265,17179,14319,16005,0,0,1825,5363,14724,5236,4236
01/05/2024,9840,6369,3690,32559,1850,2703,4255,1201,3055,29506,17357,14435,16005,0,0,1850,5363,14724,5236,4236
02/05/2024,9840,6369,3690,32559,1850,2703,4255,1201,3055,29506,17357,14435,16005,0,0,1850,5363,14724,5236,4236
03/05/2024,9840,6369,3690,32559,1850,2703,4255,1201,3055,29506,17357,14435,16005,0,0,1850,5363,14724,5236,4236
04/05/2024,9840,6369,3690,32559,1850,2703,4255,1201,3055,29506,17357,14435,16005,0,0,1850,5363,14724,5236,4236
05/05/2024,9840,6369,3690,32559,1850,2703,4255,1201,3055,29506,17357,14435,16005,0,0,1850,5363,14724,5236,4236
06/05/2024,9840,6369,3690,32559,1850,2703,4255,1201,3055,29506,17357,14435,16005,0,0,1850,5363,14724,5236,4236
07/05/2024,9840,6369,3690,32559,1850,2703,4255,1201,3055,29506,17357,14435,16229,0,0,1850,5363,14724,5236,4236
08/05/2024,9840,6369,3690,32559,1850,2703,4255,1201,3055,29506,17357,14435,16229,0,0,1850,5363,14724,5236,4236
09/05/2024,9840,6369,3690,32559,1850,2703,4255,1201,3055,29506,17357,14435,16229,0,0,1850,5363,14724,5236,4236
10/05/2024,9840,6369,3690,32559,1850,2703,4255,1201,3055,29506,17357,14435,16229,0,0,1850,5363,14724,5236,4236
11/05/2024,9840,6369,3690,32559,1850,2703,4255,1201,3055,29506,17357,14435,16229,0,0,1850,5363,14724,5236,4236
12/05/2024,9840,6369,3690,32559,1850,2703,4255,1201,3055,29506,17357,14435,16229,0,0,1850,5363,14724,5236,4236
13/05/2024,9840,6369,3690,32559,1850,2703,4255,1201,3055,29506,17357,14435,16229,0,0,1850,5363,14724,5236,4236
14/05/2024,9840,6369,3690,32559,1850,2703,4255,1201,3055,29506,17357,14435,16229,0,0,1850,5363,14724,5236,4236
15/05/2024,9840,6369,3690,32559,1850,2703,4255,1201,3055,29506,17357,14435,16229,0,0,1850,5363,14724,5236,4236
16/05/2024,9840,6369,3690,32559,1850,2703,4255,1201,3055,29506,17357,14435,16229,0,0,1850,5363,14724,5236,4236
17/05/2024,9840,6369,3690,32559,1850,2703,4255,1201,3055,29506,17357,14435,16229,0,0,1850,5363,14724,5236,4236
18/05/2024,9840,6369,3690,32559,1850,2703,4255,1201,3055,29506,17357,14435,16229,0,0,1850,5363,14724,5236,4236
19/05/2024,9840,6369,3690,32559,1850,2703,4255,1201,3055,29506,17357,14435,16229,0,0,1850,5363,14724,5236,4236
20/05/2024,9840,6369,3690,32559,1850,2703,4255,1201,3055,29506,17357,14435,16229,0,0,1850,5363,14724,5236,4236
21/05/2024,9840,6369,3690,32559,1850,2703,4255,1201,3055,29506,17357,14435,16229,0,0,1850,5363,14724,5236,4236
22/05/2024,9840,6369,3690,32559,1850,2703,4255,1201,3055,29506,17357,14435,16444,0,0,1850,5363,14724,5236,4236
23/05/2024,9840,6369,3690,32559,1850,2703,4255,1201,3055,29506,17357,14435,16444,0,0,1850,5363,14724,5236,4236
24/05/2024,9840,6369,3690,32559,1850,2703,4255,1201,3055,29506,17357,14435,16444,0,0,1850,5363,14724,5236,4236
25/05/2024,9840,6369,3690,32559,1850,2703,4255,1201,3055,29506,17357,14435,16444,0,0,1850,5363,14724,5236,4236
26/05/2024,9840,6369,3690,32559,1850,2703,4255,1201,3055,29506,17357,14435,16444,0,0,1850,5363,14724,5236,4236
27/05/2024,9840,6369,3690,32559,1850,2703,4255,1201,3055,29506,17357,14435,16444,0,0,1850,5363,14724,5236,4236
28/05/2024,9840,6369,3690,32559,1850,2703,4255,1201,3055,29506,17357,14435,16444,0,0,1850,5363,14724,5236,4236
29/05/2024,9840,6369,3690,32559,1850,2703,4255,1201,3055,29506,17357,14435,16444,0,0,1850,5363,14724,5236,4236
30/05/2024,9840,6369,3690,32559,1850,2703,4255,1201,3055,29506,17357,14435,16444,0,0,1850,5363,14724,5236,4236
31/05/2024,9840,6369,3690,32559,1850,2703,4255,1201,3055,29506,17357,14435,16444,0,0,1850,5363,14724,5236,4236
01/06/2024,9840,6369,3690,32559,1850,2703,4255,1201,3055,29784,17569,14574,16444,0,0,1850,5363,14724,5236,4236
02/06/2024,9840,6369,3690,32559,1850,2703,4255,1201,3055,29784,17569,14574,16659,0,0,1850,5363,14724,5236,4236
03/06/2024,9840,6369,3690,32559,1850,2703,4255,1201,3055,29784,17569,14574,16659,0,0,1850,5363,14724,5236,4236
04/06/2024,9840,6369,3690,32559,1850,2703,4255,1201,3055,29784,17569,14574,16659,0,0,1850,5363,14724,5236,4236
05/06/2024,9840,6369,3690,32559,1850,2703,4255,1201,3055,29784,17569,14574,16659,0,0,1850,5363,14724,5236,4236
06/06/2024,9840,6369,3690,32559,1850,2703,4255,1201,3055,29784,17569,14574,16659,0,0,1850,5363,14724,5236,4236
07/06/2024,9840,6369,3690,32559,1850,2703,4255,1201,3055,29784,17569,14574,16659,0,0,1850,5363,14724,5236,4236
08/06/2024,9840,6369,3690,32559,1850,2703,4255,1201,3055,29784,17569,14574,16659,0,0,1850,5363,14724,5236,4236
09/06/2024,9840,6369,3690,32559,1850,2703,4255,1201,3055,29784,17569,14574,16659,0,0,1850,5363,14724,5236,4236
10/06/2024,9840,6369,3690,32559,1850,2703,4255,1201,3055,29784,17569,14574,16659,0,0,1850,5363,14724,5236,4236
11/06/2024,9840,6369,3690,32559,1850,2703,4255,1201,3055,29784,17569,14574,16659,0,0,1850,5363,14724,5236,4236
12/06/2024,9840,6369,3690,32559,1850,2703,4255,1201,3055,29784,17569,14574,16659,0,0,1850,5363,14724,5236,4236
13/06/2024,9840,6369,3690,32559,1850,2703,4255,1201,3055,29784,17569,14574,16659,0,0,1850,5363,14724,5236,4236
14/06/2024,9840,6369,3690,32559,1850,2703,4255,1201,3055,29784,17569,14574,16659,0,0,1850,5363,14724,5236,4236
15/06/2024,9840,6369,3690,32559,1850,2703,4255,1201,3055,29784,17569,14574,16659,0,0,1850,5363,14724,5236,4236
16/06/2024,9840,6369,3690,32559,1850,2703,4255,1201,3055,29784,17569,14574,16659,0,0,1850,5363,14724,5236,4236
17/06/2024,9840,6369,3690,32559,1850,2703,4255,1201,3055,29784,17569,14574,16659,0,0,1850,5363,14724,5236,4236
18/06/2024,9840,6369,3690,32559,1850,2703,4255,1201,3055,29784,17569,14574,16659,0,0,1850,5363,14724,5236,4236
19/06/2024,9840,6369,3690,32559,1850,2703,4255,1201,3055,29784,17569,14574,16659,0,0,1850,5363,14724,5236,4236
20/06/2024,9840,6369,3690,32559,1850,2703,4255,1201,3055,29784,17569,14574,16659,0,0,1850,5363,14724,5236,4236
21/06/2024,9840,6369,3690,32559,1850,2703,4255,1201,3055,29784,17569,14574,16659,0,0,1850,5363,14724,5236,4236
22/06/2024,9840,6369,3690,32559,1850,2703,4255,1201,3055,29784,17569,14574,16659,0,0,1850,5363,14724,5236,4236
23/06/2024,9840,6369,3690,32559,1850,2703,4255,1201,3055,29784,17569,14574,16659,0,0,1850,5363,14724,5236,4236
24/06/2024,9840,6369,3690,32559,1850,2703,4255,1201,3055,29784,17569,14574,16659,0,0,1850,5363,14724,5236,4236
25/06/2024,9840,6369,3690,32559,1850,2703,4255,1201,3055,29784,17569,14574,16659,0,0,1850,5363,14724,5236,4236
26/06/2024,9840,6369,3690,32559,1850,2703,4255,1201,3055,29784,17569,14574,16659,0,0,1850,5363,14724,5236,4236
27/06/2024,9840,6369,3690,32559,1850,2703,4255,1201,3055,29784,17569,14574,16659,0,0,1850,5363,14724,5236,4236
28/06/2024,9840,6369,3690,32559,1850,2703,4255,1201,3055,29784,17569,14574,16659,0,0,1850,5363,14724,5236,4236
29/06/2024,9840,6369,3690,32559,1850,2703,4255,1201,3055,29784,17569,14574,16659,0,0,1850,5363,14724,5236,4236
30/06/2024,9840,6369,3690,32559,1850,2703,4255,1201,3055,29784,17569,14574,16659,0,0,1850,5363,14724,5236,4236
01/07/2024,9840,6369,3690,32559,1850,2703,4255,1201,3055,30023,17794,14701,16659,0,0,1850,5363,14724,5236,4236
02/07/2024,9840,6369,3690,32559,1850,2703,4255,1201,3055,30023,17794,14701,16659,0,0,1850,5363,14724,5236,4236
03/07/2024,9840,6369,3690,32559,1850,2703,4255,1201,3055,30023,17794,14701,16659,0,0,1850,5363,14724,5236,4236
04/07/2024,9840,6369,3690,32559,1850,2703,4255,1201,3055,30023,17794,14701,16659,0,0,1850,5363,14724,5236,4236
05/07/2024,9840,6369,3690,32559,1850,2703,4255,1201,3055,30023,17794,14701,16659,0,0,1850,5363,14724,5236,4236
06/07/2024,9840,6369,3690,32559,1850,2703,4255,1201,3055,30023,17794,14701,16659,0,0,1850,5363,14724,5236,4236
07/07/2024,9840,6369,3690,32559,1850,2703,4255,1201,3055,30023,17794,14701,16659,0,0,1850,5363,14724,5236,4236
08/07/2024,9840,6369,3690,32559,1850,2703,4255,1201,3055,30023,17794,14701,16659,0,0,1850,5363,14724,5236,4236
09/07/2024,9840,6369,3690,32559,1850,2703,4255,1201,3055,30023,17794,14701,16659,0,0,1850,5363,14724,5236,4236
10/07/2024,9840,6369,3690,32559,1850,2703,4255,1201,3055,30023,17794,14701,16659,0,0,1850,5363,14724,5236,4236
11/07/2024,9840,6369,3690,32559,1850,2703,4255,1201,3055,30023,17794,14701,16659,0,0,1850,5363,14724,5236,4236
12/07/2024,9840,6369,3690,32559,1850,2703,4255,1201,3055,30023,17794,14701,16659,0,0,1850,5363,14724,5236,4236
13/07/2024,9840,6369,3690,32559,1850,2703,4255,1201,3055,30023,17794,14701,16659,0,0,1850,5363,14724,5236,4236
14/07/2024,9840,6369,3690,32559,1850,2703,4255,1201,3055,30023,17794,14701,16659,0,0,1850,5363,14724,5236,4236
15/07/2024,9840,6369,3690,32559,1850,2703,4255,1201,3055,30023,17794,14701,16659,0,0,1850,5363,14724,5236,4236
16/07/2024,9840,6369,3690,32559,1850,2703,4255,1201,3055,30023,17794,14701,16659,0,0,1850,5363,14724,5236,4236
17/07/2024,9840,6369,3690,32559,1850,2703,4255,1201,3055,30023,17794,14701,16659,0,0,1850,5363,14724,5236,4236
18/07/2024,9840,6369,3690,32559,1850,2703,4255,1201,3055,30023,17794,14701,16659,0,0,1850,5363,14724,5236,4236
19/07/2024,9840,6369,3690,32559,1850,2703,4255,1201,3055,30023,17794,14701,16659,0,0,1850,5363,14724,5236,4236
20/07/2024,9840,6369,3690,32559,1850,2703,4255,1201,3055,30023,17794,14701,16659,0,0,1850,5363,14724,5236,4236
21/07/2024,9840,6369,3690,32559,1850,2703,4255,1201,3055,30023,17794,14701,16659,0,0,1850,5363,14724,5236,4236
22/07/2024,9840,6369,3690,32559,1850,2703,4255,1201,3055,30023,17794,14701,16659,0,0,1850,5363,14724,5236,4236
23/07/2024,9840,6369,3690,32559,1850,2703,4255,1201,3055,30023,17794,14701,16659,0,0,1850,5363,14724,5236,4236
24/07/2024,9840,6369,3690,32559,1850,2703,4255,1201,3055,30023,17794,14701,16659,0,0,1850,5363,14724,5236,4236
25/07/2024,9840,6369,3690,32559,1850,2703,4255,1201,3055,30023,17794,14701,16659,0,0,1850,5363,14724,5236,4236
26/07/2024,9840,6369,3690,32559,1850,2703,4255,1201,3055,30023,17794,14701,16659,0,0,1850,5363,14724,5236,4236
27/07/2024,9840,6369,3690,32559,1850,2703,4255,1201,3055,30023,17794,14701,16659,0,0,1850,5363,14724,5236,4236
28/07/2024,9840,6369,3690,32559,1850,2703,4255,1201,3055,30023,17794,14701,16659,0,0,1850,5363,14724,5236,4236
29/07/2024,9840,6369,3690,32559,1850,2703,4255,1201,3055,30023,17794,14701,16659,0,0,1850,5363,14724,5236,4236
30/07/2024,9840,6369,3690,32559,1850,2703,4255,1201,3055,30023,17794,14701,16659,0,0,1850,5363,14724,5236,4236
31/07/2024,9840,6369,3690,32559,1850,2703,4255,1201,3055,30023,17794,14701,16659,0,0,1850,5363,14724,5236,4236
01/08/2024,9840,6369,3690,32559,1850,2703,4255,1201,3055,30027,17925,14697,16659,0,0,1850,5363,14724,5236,4236
02/08/2024,9840,6369,3690,32559,1850,2703,4255,1201,3055,30027,17925,14697,16659,0,0,1850,5363,14724,5236,4236
03/08/2024,9840,6369,3690,32559,1850,2703,4255,1201,3055,30027,17925,14697,16659,0,0,1850,5363,14724,5236,4236
04/08/2024,9840,6369,3690,32559,1850,2703,4255,1201,3055,30027,17925,14697,16659,0,0,1850,5363,14724,5236,4236
05/08/2024,9840,6369,3690,32559,1850,2703,4255,1201,3055,30027,17925,14697,16659,0,0,1850,5363,14724,5236,4236
06/08/2024,9840,6369,3690,32559,1850,2703,4255,1201,3055,30027,17925,14697,16659,0,0,1850,5363,14724,5236,4236
07/08/2024,9840,6369,3690,32559,1850,2703,4255,1201,3055,30027,17925,14697,16659,0,0,1850,5363,14724,5236,4236
08/08/2024,9840,6369,3690,32559,1850,2703,4255,1201,3055,30027,17925,14697,16659,0,0,1850,5363,14724,5236,4236
09/08/2024,9840,6369,3690,32559,1850,2703,4255,1201,3055,30027,17925,14697,16659,0,0,1850,5363,14724,5236,4236
10/08/2024,9840,6369,3690,32559,1850,2703,4255,1201,3055,30027,17925,14697,16659,0,0,1850,5363,14724,5236,4236
11/08/2024,9840,6369,3690,32559,1850,2703,4255,1201,3055,30027,17925,14697,16659,0,0,1850,5363,14724,5236,4236
12/08/2024,9840,6369,3690,32559,1850,2703,4255,1201,3055,30027,17925,14697,16659,0,0,1850,5363,14724,5236,4236
13/08/2024,9840,6369,3690,32559,1850,2703,4255,1201,3055,30027,17925,14697,16659,0,0,1850,5363,14724,5236,4236
14/08/2024,9840,6369,3690,32559,1850,2703,4255,1201,3055,30027,17925,14697,16659,0,0,1850,5363,14724,5236,4236
15/08/2024,9840,6369,3690,32559,1850,2703,4255,1201,3055,30027,17925,14697,16659,0,0,1850,5363,14724,5236,4236
16/08/2024,9840,6369,3690,32609,1850,2703,4255,1201,3055,30027,17925,14697,16659,0,0,1850,5363,14724,5236,4286
17/08/2024,9840,6369,3690,32609,1850,2703,4255,1201,3055,30027,17925,14697,16659,0,0,1850,5363,14724,5236,4286
18/08/2024,9840,6369,3690,32609,1850,2703,4255,1201,3055,30027,17925,14697,16659,0,0,1850,5363,14724,5236,4286
19/08/2024,9840,6369,3690,32609,1850,2703,4255,1201,3055,30027,17925,14697,16659,0,0,1850,5363,14724,5236,4286
20/08/2024,9840,6369,3690,32609,1850,2703,4255,1201,3055,30027,17925,14697,16659,0,0,1850,5363,14724,5236,4286
21/08/2024,9840,6369,3690,32609,1850,2703,4255,1201,3055,30027,17925,14697,16659,0,0,1850,5363,14724,5236,4286
22/08/2024,9840,6369,3690,32609,1850,2703,4255,1201,3055,30027,17925,14697,16659,0,0,1850,5363,14724,5236,4286
23/08/2024,9840,6369,3690,32609,1850,2703,4255,1201,3055,30027,17925,14697,16659,0,0,1850,5363,14724,5236,4286
24/08/2024,9840,6369,3690,32609,1850,2703,4255,1201,3055,30027,17925,14697,16659,0,0,1850,5363,14724,5236,4286
25/08/2024,9840,6369,3690,32609,1850,2703,4255,1201,3055,30027,17925,14697,16659,0,0,1850,5363,14724,5236,4286
26/08/2024,9840,6369,3690,32609,1850,2703,4255,1201,3055,30027,17925,14697,16659,0,0,1850,5363,14724,5236,4286
27/08/2024,9840,6369,3690,32609,1850,2703,4255,1201,3055,30027,17925,14697,16659,0,0,1850,5363,14724,5236,4286
28/08/2024,9840,6369,3690,32609,1850,2703,4255,1201,3055,30027,17925,14697,16659,0,0,1850,5363,14724,5236,4286
29/08/2024,9840,6369,3690,32609,1850,2703,4255,1201,3055,30027,17925,14697,16659,0,0,1850,5363,14724,5236,4286
30/08/2024,9840,6369,3690,32609,1850,2703,4255,1201,3055,30027,17925,14697,16659,0,0,1850,5363,14724,5236,4286
31/08/2024,9840,6369,3690,32609,1850,2703,4255,1201,3055,30027,17925,14697,16659,0,0,1850,5363,14724,5236,4286
01/09/2024,9840,6369,3690,32609,1850,2703,4255,1201,3055,30150,18024,14732,16659,0,0,1850,5363,14724,5236,4286
02/09/2024,9840,6369,3690,32609,1850,2703,4255,1201,3055,30150,18024,14732,16659,0,0,1850,5363,14724,5236,4286
03/09/2024,9840,6369,3690,32609,1850,2703,4255,1201,3055,30150,18024,14732,16659,0,0,1850,5363,14724,5236,4286
04/09/2024,9840,6369,3690,32609,1850,2703,4255,1201,3055,30150,18024,14732,16659,0,0,1850,5363,14724,5236,4286
05/09/2024,9840,6369,3690,32609,1850,2703,4255,1201,3055,30150,18024,14732,16659,0,0,1850,5363,14724,5236,4286
06/09/2024,9840,6369,3690,32609,1850,2703,4255,1201,3055,30150,18024,14732,16659,0,0,1850,5363,14724,5236,4286
07/09/2024,9840,6369,3690,32609,1850,2703,4255,1201,3055,30150,18024,14732,16659,0,0,1850,5363,14724,5236,4286
08/09/2024,9840,6369,3690,32609,1850,2703,4255,1201,3055,30150,18024,14732,16659,0,0,1850,5363,14724,5236,4286
09/09/2024,9840,6369,3690,32609,1850,2703,4255,1201,3055,30150,18024,14732,16659,0,0,1850,5363,14724,5236,4286
10/09/2024,9840,6369,3690,32609,1850,2703,4255,1201,3055,30150,18024,14732,16659,0,0,1850,5363,14724,5236,4286
11/09/2024,9840,6369,3690,32609,1850,2703,4255,1201,3055,30150,18024,14732,16659,0,0,1850,5363,14724,5236,4286
12/09/2024,9840,6369,3690,32609,1850,2703,4255,1201,3055,30150,18024,14732,16659,0,0,1850,5363,14724,5236,4286
13/09/2024,9840,6369,3690,32609,1850,2703,4255,1201,3055,30150,18024,14732,16659,0,0,1850,5363,14724,5236,4286
14/09/2024,9840,6369,3690,32609,1850,2703,4255,1201,3055,30150,18024,14732,16659,0,0,1850,5363,14724,5236,4286
15/09/2024,9840,6369,3690,32609,1850,2703,4255,1201,3055,30150,18024,14732,16659,0,0,1850,5363,14724,5236,4286
16/09/2024,9840,6369,3690,32609,1850,2703,4255,1201,3055,30150,18024,14732,16659,0,0,1850,5363,14724,5236,4286
17/09/2024,9840,6369,3690,32609,1850,2703,4255,1201,3055,30150,18024,14732,16659,0,0,1850,5363,14724,5236,4286
18/09/2024,9840,6369,3690,32609,1850,2703,4255,1201,3055,30150,18024,14732,16659,0,0,1850,5363,14724,5236,4286
19/09/2024,9840,6369,3690,32609,1850,2703,4255,1201,3055,30150,18024,14732,16659,0,0,1850,5363,14724,5236,4286
20/09/2024,9840,6369,3690,32609,1850,2703,4255,1201,3055,30150,18024,14732,16659,0,0,1850,5363,14724,5236,4286
21/09/2024,9840,6369,3690,32609,1850,2703,4255,1201,3055,30150,18024,14732,16659,0,0,1850,5363,14724,5236,4286
22/09/2024,9840,6369,3690,32609,1850,2703,4255,1201,3055,30150,18024,14732,16659,0,0,1850,5363,14724,5236,4286
23/09/2024,9840,6369,3690,32609,1850,2703,4255,1201,3055,30150,18024,14732,16659,0,0,1850,5363,14724,5236,4286
24/09/2024,9840,6369,3690,32609,1850,2703,4255,1201,3055,30150,18024,14732,16659,0,0,1850,5363,14724,5236,4286
25/09/2024,9840,6369,3690,32609,1850,2703,4255,1201,3055,30150,18024,14732,16659,0,0,1850,5363,14724,5236,4286
26/09/2024,9840,6369,3690,32609,1850,2703,4255,1201,3055,30150,18024,14732,16659,0,0,1850,5363,14724,5236,4286
27/09/2024,9840,6369,3690,32609,1850,2703,4255,1201,3055,30150,18024,14732,16659,0,0,1850,5363,14724,5236,4286
28/09/2024,9840,6369,3690,32609,1850,2703,4255,1201,3055,30150,18024,14732,16659,0,0,1850,5363,14724,5236,4286
29/09/2024,9840,6369,3690,32609,1850,2703,4255,1201,3055,30150,18024,14732,16659,0,0,1850,5363,14724,5236,4286
30/09/2024,9840,6369,3690,32609,1850,2703,4255,1201,3055,30150,18024,14732,16946,0,0,1850,5363,14724,5236,4286
01/10/2024,9840,6369,3690,32609,0,2703,4255,1201,3055,30275,18218,14759,16946,0,0,0,5363,14724,5236,4286
02/10/2024,9840,6369,3690,32609,0,2703,4255,1201,3055,30275,18218,14759,16946,0,0,0,5363,14724,5236,4286
03/10/2024,9840,6369,3690,32609,0,2703,4255,1201,3055,30275,18218,14759,16946,0,0,0,5363,14724,5236,4286
04/10/2024,9840,6369,3690,32609,0,2703,4255,1201,3055,30275,18218,14759,16946,0,0,0,5363,14724,5236,4286
05/10/2024,9840,6369,3690,32609,0,2703,4255,1201,3055,30275,18218,14759,16946,0,0,0,5363,14724,5236,4286
06/10/2024,9840,6369,3690,32609,0,2703,4255,1201,3055,30275,18218,14759,16946,0,0,0,5363,14724,5236,4286
07/10/2024,9840,6369,3690,32609,0,2703,4255,1201,3055,30275,18218,14759,16946,0,0,0,5363,14724,5236,4286
08/10/2024,9840,6369,3690,32609,0,2703,4255,1201,3055,30275,18218,14759,16946,0,0,0,5363,14724,5236,4286
09/10/2024,9840,6369,3690,32609,0,2703,4255,1201,3055,30275,18218,14759,16946,0,0,0,5363,14724,5236,4286
10/10/2024,9840,6369,3690,32609,0,2703,4255,1201,3055,30275,18218,14759,16946,0,0,0,5363,14724,5236,4286
11/10/2024,9840,6369,3690,32609,0,2703,4255,1201,3055,30275,18218,14759,16946,0,0,0,5363,14724,5236,4286
12/10/2024,9840,6369,3690,32609,0,2703,4255,1201,3055,30275,18218,14759,16946,0,0,0,5363,14724,5236,4286
13/10/2024,9840,6369,3690,32609,0,2703,4255,1201,3055,30275,18218,14759,16946,0,0,0,5363,14724,5236,4286
14/10/2024,9840,6369,3690,32609,0,2703,4255,1201,3055,30275,18218,14759,16946,0,0,0,5363,14724,5236,4286
15/10/2024,9840,6369,3690,32609,0,2703,4255,1201,3055,30275,18218,14759,16946,0,0,0,5363,14724,5236,4286
16/10/2024,9840,6369,3690,32609,0,2703,4255,1201,3055,30275,18218,14759,16946,0,0,0,5363,14724,5236,4286
17/10/2024,9840,6369,3690,32609,0,2703,4255,1201,3055,30275,18218,14759,16946,0,0,0,5363,14724,5236,4286
18/10/2024,9840,6369,3690,32609,0,2703,4255,1201,3055,30275,18218,14759,16946,0,0,0,5363,14724,5236,4286
19/10/2024,9840,6369,3690,32609,0,2703,4255,1201,3055,30275,18218,14759,17089,0,0,0,5363,14724,5236,4286
20/10/2024,9840,6369,3690,32609,0,2703,4255,1201,3055,30275,18218,14759,17089,0,0,0,5363,14724,5236,4286
21/10/2024,9840,6369,3690,32609,0,2703,4255,1201,3055,30275,18218,14759,17089,0,0,0,5363,14724,5236,4286
22/10/2024,9840,6369,3690,32609,0,2703,4255,1201,3055,30275,18218,14759,17089,0,0,0,5363,14724,5236,4286
23/10/2024,9840,6369,3690,32609,0,2703,4255,1201,3055,30275,18218,14759,17089,0,0,0,5363,14724,5236,4286
24/10/2024,9840,6369,3690,32609,0,2703,4255,1201,3055,30275,18218,14759,17089,0,0,0,5363,14724,5236,4286
25/10/2024,9840,6369,3690,32609,0,2703,4255,1201,3055,30275,18218,14759,17089,0,0,0,5363,14724,5236,4286
26/10/2024,9840,6369,3690,32609,0,2703,4255,1201,3055,30275,18218,14759,17089,0,0,0,5363,14724,5236,4286
27/10/2024,9840,6369,3690,32609,0,2703,4255,1201,3055,30275,18218,14759,17089,0,0,0,5363,14724,5236,4286
28/10/2024,9840,6369,3690,32609,0,2703,4255,1201,3055,30275,18218,14759,17089,0,0,0,5363,14724,5236,4286
29/10/2024,9840,6369,3690,32609,0,2703,4255,1201,3055,30275,18218,14759,17089,0,0,0,5363,14724,5236,4286
30/10/2024,9840,6369,3690,32609,0,2703,4255,1201,3055,30275,18218,14759,17089,0,0,0,5363,14724,5236,4286
31/10/2024,9840,6369,3690,32609,0,2703,4255,1201,3055,30275,18218,14759,17089,0,0,0,5363,14724,5236,4286
01/11/2024,9840,6369,3690,32609,0,2703,4255,1201,3055,30340,18417,14765,17089,0,0,0,5363,14724,5236,4286
02/11/2024,9840,6369,3690,32609,0,2703,4255,1201,3055,30340,18417,14765,17089,0,0,0,5363,14724,5236,4286
03/11/2024,9840,6369,3690,32609,0,2703,4255,1201,3055,30340,18417,14765,17089,0,0,0,5363,14724,5236,4286
04/11/2024,9840,6369,3690,32609,0,2703,4255,1201,3055,30340,18417,14765,17089,0,0,0,5363,14724,5236,4286
05/11/2024,9840,6369,3690,32609,0,2703,4255,1201,3055,30340,18417,14765,17089,0,0,0,5363,14724,5236,4286
06/11/2024,9840,6369,3690,32609,0,2705,4255,1201,3055,30340,18417,14765,17089,0,0,0,5363,14724,5236,4286
07/11/2024,9840,6369,3690,32609,0,2705,4255,1201,3055,30340,18417,14765,17089,0,0,0,5363,14724,5236,4286
08/11/2024,9840,6369,3690,32609,0,2705,4255,1201,3055,30340,18417,14765,17089,0,0,0,5363,14724,5236,4286
09/11/2024,9840,6369,3690,32609,0,2705,4255,1201,3055,30340,18417,14765,17089,0,0,0,5363,14724,5236,4286
10/11/2024,9840,6369,3690,32609,0,2705,4255,1201,3055,30340,18417,14765,17089,0,0,0,5363,14724,5236,4286
11/11/2024,9840,6369,3690,32609,0,2705,4255,1201,3055,30340,18417,14765,17089,0,0,0,5363,14724,5236,4286
12/11/2024,9840,6369,3690,32609,0,2705,4255,1201,3055,30340,18417,14765,17089,0,0,0,5363,14724,5236,4286
13/11/2024,9840,6369,3690,32609,0,2705,4255,1201,3055,30340,18417,14765,17089,0,0,0,5363,14724,5236,4286
14/11/2024,9840,6369,3690,32609,0,2705,4255,1201,3055,30340,18417,14765,17089,0,0,0,5363,14724,5236,4286
15/11/2024,9840,6369,3690,32609,0,2705,4255,1201,3055,30340,18417,14765,17089,0,0,0,5363,14724,5236,4286
16/11/2024,9840,6369,3690,32609,0,2705,4255,1201,3055,30340,18417,14765,17089,0,0,0,5363,14724,5236,4286
17/11/2024,9840,6369,3690,32609,0,2705,4255,1201,3055,30340,18417,14765,17089,0,0,0,5363,14724,5236,4286
18/11/2024,9840,6369,3690,32609,0,2705,4255,1201,3055,30340,18417,14765,17089,0,0,0,5363,14724,5236,4286
19/11/2024,9840,6369,3690,32609,0,2705,4255,1201,3055,30340,18417,14765,17089,0,0,0,5363,14724,5236,4286
20/11/2024,9840,6369,3690,32609,0,2705,4255,1201,3055,30340,18417,14765,17089,0,0,0,5363,14724,5236,4286
21/11/2024,9840,6369,3690,32609,0,2705,4255,1201,3055,30340,18417,14765,17089,0,0,0,5363,14724,5236,4286
22/11/2024,9840,6369,3690,32609,0,2705,4255,1201,3055,30340,18417,14765,17089,0,0,0,5363,14724,5236,4286
23/11/2024,9840,6369,3690,32609,0,2705,4255,1201,3055,30340,18417,14765,17089,0,0,0,5363,14724,5236,4286
24/11/2024,9840,6369,3690,32609,0,2705,4255,1201,3055,30340,18417,14765,17089,0,0,0,5363,14724,5236,4286
25/11/2024,9840,6369,3690,32609,0,2705,4255,1201,3055,30340,18417,14765,17089,0,0,0,5363,14724,5236,4286
26/11/2024,9840,6369,3690,32609,0,2705,4255,1201,3055,30340,18417,14765,17089,0,0,0,5363,14724,5236,4286
27/11/2024,9840,6369,3690,32609,0,2705,4255,1201,3055,30340,18417,14765,17089,0,0,0,5363,14724,5236,4286
28/11/2024,9840,6369,3690,32609,0,2705,4255,1201,3055,30340,18417,14765,17089,0,0,0,5363,14724,5236,4286
29/11/2024,9840,6369,3690,32609,0,2705,4255,1201,3055,30340,18417,14765,17089,0,0,0,5363,14724,5236,4286
30/11/2024,9840,6369,3690,32609,0,2705,4255,1201,3055,30340,18417,14765,17089,0,0,0,5363,14724,5236,4286
01/12/2024,9840,6369,3690,32609,0,2706,4255,1201,3055,30406,18580,14771,17089,0,0,0,5363,14724,5236,4286
02/12/2024,9840,6369,3690,32609,0,2706,4255,1201,3055,30406,18580,14771,17089,0,0,0,5363,14724,5236,4286
03/12/2024,9840,6369,3690,32609,0,2706,4255,1201,3055,30406,18580,14771,17089,0,0,0,5363,14724,5236,4286
04/12/2024,9840,6369,3690,32609,0,2706,4255,1201,3055,30406,18580,14771,17089,0,0,0,5363,14724,5236,4286
05/12/2024,9840,6369,3690,32609,0,2706,4255,1201,3055,30406,18580,14771,17089,0,0,0,5363,14724,5236,4286
06/12/2024,9840,6369,3690,32609,0,2706,4255,1201,3055,30406,18580,14771,17089,0,0,0,5363,14724,5236,4286
07/12/2024,9840,6369,3690,32609,0,2706,4255,1201,3055,30406,18580,14771,17089,0,0,0,5363,14724,5236,4286
08/12/2024,9840,6369,3690,32609,0,2706,4255,1201,3055,30406,18580,14771,17089,0,0,0,5363,14724,5236,4286
09/12/2024,9840,6369,3690,32609,0,2706,4255,1201,3055,30406,18580,14771,17089,0,0,0,5363,14724,5236,4286
10/12/2024,9840,6369,3690,32609,0,2706,4255,1201,3055,30406,18580,14771,17089,0,0,0,5363,14724,5236,4286
11/12/2024,9840,6369,3690,32609,0,2706,4255,1201,3055,30406,18580,14771,17089,0,0,0,5363,14724,5236,4286
12/12/2024,9840,6369,3690,32609,0,2706,4255,1201,3055,30406,18580,14771,17089,0,0,0,5363,14724,5236,4286
13/12/2024,9840,6369,3690,32609,0,2706,4255,1201,3055,30406,18580,14771,17089,0,0,0,5363,14724,5236,4286
14/12/2024,9840,6369,3690,32609,0,2706,4255,1201,3055,30406,18580,14771,17089,0,0,0,5363,14724,5236,4286
15/12/2024,9840,6369,3690,32609,0,2706,4255,1201,3055,30406,18580,14771,17089,0,0,0,5363,14724,5236,4286
16/12/2024,9840,6369,3690,32609,0,2706,4255,1201,3055,30406,18580,14771,17089,0,0,0,5363,14724,5236,4286
17/12/2024,9840,6369,3690,32609,0,2706,4255,1201,3055,30406,18580,14771,17089,0,0,0,5363,14724,5236,4286
18/12/2024,9840,6369,3690,32609,0,2706,4255,1201,3055,30406,18580,14771,17089,0,0,0,5363,14724,5236,4286
19/12/2024,9840,6369,3690,32609,0,2706,4255,1201,3055,30406,18580,14771,17089,0,0,0,5363,14724,5236,4286
20/12/2024,9840,6369,3690,32609,0,2706,4255,1201,3055,30406,18580,14771,17089,0,0,0,5363,14724,5236,4286
21/12/2024,9840,6369,3690,32609,0,2706,4255,1201,3055,30406,18580,14771,17089,0,0,0,5363,14724,5236,4286
22/12/2024,9840,6369,3690,32609,0,2706,4255,1201,3055,30406,18580,14771,17089,0,0,0,5363,14724,5236,4286
23/12/2024,9840,6369,3690,32609,0,2706,4255,1201,3055,30406,18580,14771,17089,0,0,0,5363,14724,5236,4286
24/12/2024,9840,6369,3690,32609,0,2706,4255,1201,3055,30406,18580,14771,17089,0,0,0,5363,14724,5236,4286
25/12/2024,9840,6369,3690,32609,0,2706,4255,1201,3055,30406,18580,14771,17089,0,0,0,5363,14724,5236,4286
26/12/2024,9840,6369,3690,32609,0,2706,4255,1201,3055,30406,18580,14771,17089,0,0,0,5363,14724,5236,4286
27/12/2024,9840,6369,3690,32609,0,2706,4255,1201,3055,30406,18580,14771,17089,0,0,0,5363,14724,5236,4286
28/12/2024,9840,6369,3690,32609,0,2706,4255,1201,3055,30406,18580,14771,17089,0,0,0,5363,14724,5236,4286
29/12/2024,9840,6369,3690,32609,0,2706,4255,1201,3055,30406,18580,14771,17089,0,0,0,5363,14724,5236,4286
30/12/2024,9840,6369,3690,32609,0,2706,4255,1201,3055,30406,18580,14771,17089,0,0,0,5363,14724,5236,4286
31/12/2024,9840,6369,3690,32609,0,2706,4255,1201,3055,30406,18580,14771,17089,0,0,0,5363,14724,5236,4286
01/01/2025,9840,6369,3690,32609,0,2706,4255,1201,3055,30471,18942,14777,17089,0,0,0,5363,14724,5236,4286
02/01/2025,9840,6369,3690,32609,0,2706,4255,1201,3055,30471,18942,14777,17089,0,0,0,5363,14724,5236,4286
03/01/2025,9840,6369,3690,32609,0,2706,4255,1201,3055,30471,18942,14777,17089,0,0,0,5363,14724,5236,4286
04/01/2025,9840,6369,3690,32609,0,2706,4255,1201,3055,30471,18942,14777,17089,0,0,0,5363,14724,5236,4286
05/01/2025,9840,6369,3690,32609,0,2706,4255,1201,3055,30471,18942,14777,17089,0,0,0,5363,14724,5236,4286
06/01/2025,9840,6369,3690,32609,0,2706,4255,1201,3055,30471,18942,14777,17089,0,0,0,5363,14724,5236,4286
07/01/2025,9840,6369,3690,32609,0,2706,4255,1201,3055,30471,18942,14777,17089,0,0,0,5363,14724,5236,4286
08/01/2025,9840,6369,3690,32609,0,2706,4255,1201,3055,30471,18942,14777,17089,0,0,0,5363,14724,5236,4286
09/01/2025,9840,6369,3690,32609,0,2706,4255,1201,3055,30471,18942,14777,17089,0,0,0,5363,14724,5236,4286
10/01/2025,9840,6369,3690,32609,0,2706,4255,1201,3055,30471,18942,14777,17089,0,0,0,5363,14724,5236,4286
11/01/2025,9840,6369,3690,32609,0,2706,4255,1201,3055,30471,18942,14777,17089,0,0,0,5363,14724,5236,4286
12/01/2025,9840,6369,3690,32609,0,2706,4255,1201,3055,30471,18942,14777,17089,0,0,0,5363,14724,5236,4286
13/01/2025,9840,6369,3690,32609,0,2706,4255,1201,3055,30471,18942,14777,17089,0,0,0,5363,14724,5236,4286
14/01/2025,9840,6369,3690,32609,0,2706,4255,1201,3055,30471,18942,14777,17089,0,0,0,5363,14724,5236,4286
15/01/2025,9840,6369,3690,32609,0,2706,4256,1201,3055,30471,18942,14777,17089,0,0,0,5363,14724,5236,4286
16/01/2025,9840,6369,3690,32609,0,2706,4256,1201,3055,30471,18942,14777,17089,0,0,0,5363,14724,5236,4286
17/01/2025,9840,6369,3690,32609,0,2706,4256,1201,3055,30471,18942,14777,17089,0,0,0,5363,14724,5236,4286
18/01/2025,9840,6369,3690,32609,0,2706,4256,1201,3055,30471,18942,14777,17089,0,0,0,5363,14724,5236,4286
19/01/2025,9840,6369,3690,32609,0,2706,4256,1201,3055,30471,18942,14777,17089,0,0,0,5363,14724,5236,4286
20/01/2025,9840,6369,3690,32609,0,2706,4256,1201,3055,30471,18942,14777,17089,0,0,0,5363,14724,5236,4286
21/01/2025,9840,6369,3690,32609,0,2706,4256,1201,3055,30471,18942,14777,17089,0,0,0,5363,14724,5236,4286
22/01/2025,9840,6369,3690,32609,0,2706,4256,1201,3055,30471,18942,14777,17089,0,0,0,5363,14724,5236,4286
23/01/2025,9840,6369,3690,32609,0,2706,4256,1201,3055,30471,18942,14777,17089,0,0,0,5363,14724,5236,4286
24/01/2025,9840,6369,3690,32609,0,2706,4256,1201,3055,30471,18942,14777,17089,0,0,0,5363,14724,5236,4286
25/01/2025,9840,6369,3690,32609,0,2706,4256,1201,3055,30471,18942,14777,17089,0,0,0,5363,14724,5236,4286
26/01/2025,9840,6369,3690,32609,0,2706,4256,1201,3055,30471,18942,14777,17089,0,0,0,5363,14724,5236,4286
27/01/2025,9840,6369,3690,32609,0,2706,4256,1201,3055,30471,18942,14777,17089,0,0,0,5363,14724,5236,4286
28/01/2025,9840,6369,3690,32609,0,2706,4256,1201,3055,30471,18942,14777,17089,0,0,0,5363,14724,5236,4286
29/01/2025,9840,6369,3690,32609,0,2706,4256,1201,3055,30471,18942,14777,17089,0,0,0,5363,14724,5236,4286
30/01/2025,9840,6369,3690,32609,0,2706,4256,1201,3055,30471,18942,14777,17089,0,0,0,5363,14724,5236,4286
31/01/2025,9840,6369,3690,32609,0,2706,4256,1201,3055,30471,18942,14777,17089,0,0,0,5363,14724,5236,4286
01/02/2025,9840,6369,3690,32609,0,2706,4256,1201,3055,30515,19191,14757,17089,0,0,0,5363,14724,5236,4286
02/02/2025,10346,6369,3690,32609,0,2706,4256,1201,3055,30515,19191,14757,17089,0,0,0,5363,14724,5236,4286
03/02/2025,10346,6369,3690,32609,0,2706,4256,1201,3055,30515,19191,14757,17089,0,0,0,5363,14724,5236,4286
04/02/2025,10346,6369,3690,32609,0,2706,4256,1201,3055,30515,19191,14757,17089,0,0,0,5363,14724,5236,4286
05/02/2025,10346,6369,3690,32609,0,2706,4256,1201,3055,30515,19191,14757,17089,0,0,0,5363,14724,5236,4286
06/02/2025,10346,6369,3690,32609,0,2706,4256,1201,3055,30515,19191,14757,17089,0,0,0,5363,14724,5236,4286
07/02/2025,10346,6369,3690,32609,0,2706,4256,1201,3055,30515,19191,14757,17089,0,0,0,5363,14724,5236,4286
08/02/2025,10346,6369,3690,32609,0,2706,4256,1201,3055,30515,19191,14757,17089,0,0,0,5363,14724,5236,4286
09/02/2025,10346,6369,3690,32609,0,2706,4256,1201,3055,30515,19191,14757,17089,0,0,0,5363,14724,5236,4286
10/02/2025,10346,6369,3690,32609,0,2706,4256,1201,3055,30515,19191,14757,17089,0,0,0,5363,14724,5236,4286
11/02/2025,10346,6369,3690,32609,0,2706,4256,1201,3055,30515,19191,14757,17089,0,0,0,5363,14724,5236,4286
12/02/2025,10346,6369,3690,32609,0,2706,4256,1201,3055,30515,19191,14757,17089,0,0,0,5363,14724,5236,4286
13/02/2025,10346,6369,3690,32609,0,2706,4256,1201,3055,30515,19191,14757,17089,0,0,0,5363,14724,5236,4286
14/02/2025,10346,6369,3690,32609,0,2706,4256,1201,3055,30515,19191,14757,17089,0,0,0,5363,14724,5236,4286
15/02/2025,10346,6369,3690,32609,0,2706,4256,1201,3055,30515,19191,14757,17089,0,0,0,5363,14724,5236,4286
16/02/2025,10346,6369,3690,32609,0,2706,4256,1201,3055,30515,19191,14757,17089,0,0,0,5363,14724,5236,4286
17/02/2025,10346,6369,3690,32609,0,2706,4256,1201,3055,30515,19191,14757,17089,0,0,0,5363,14724,5236,4286
18/02/2025,10346,6369,3690,32609,0,2706,4256,1201,3055,30515,19191,14757,17089,0,0,0,5363,14724,5236,4286
19/02/2025,10346,6369,3690,32609,0,2706,4256,1201,3055,30515,19191,14757,17089,0,0,0,5363,14724,5236,4286
20/02/2025,10346,6369,3690,32609,0,2706,4256,1201,3055,30515,19191,14757,17089,0,0,0,5363,14724,5236,4286
21/02/2025,10346,6369,3690,32609,0,2706,4256,1201,3055,30515,19191,14757,17089,0,0,0,5363,14724,5236,4286
22/02/2025,10346,6369,3690,32609,0,2706,4256,1201,3055,30515,19191,14757,17089,0,0,0,5363,14724,5236,4286
23/02/2025,10346,6369,3690,32609,0,2706,4256,1201,3055,30515,19191,14757,17089,0,0,0,5363,14724,5236,4286
24/02/2025,10346,6369,3690,32609,0,2706,4256,1201,3055,30515,19191,14757,17089,0,0,0,5363,14724,5236,4286
25/02/2025,10346,6369,3690,32609,0,2706,4256,1201,3055,30515,19191,14757,17089,0,0,0,5363,14724,5236,4286
26/02/2025,10346,6369,3690,32609,0,2706,4256,1201,3055,30515,19191,14757,17089,0,0,0,5363,14724,5236,4286
27/02/2025,10346,6369,3690,32609,0,2706,4256,1201,3055,30515,19191,14757,17089,0,0,0,5363,14724,5236,4286
28/02/2025,10346,6369,3690,32609,0,2706,4256,1201,3055,30515,19191,14757,17089,0,0,0,5363,14724,5236,4286
01/03/2025,10346,6369,3690,32609,0,2706,4256,1201,3055,30544,19449,14734,17089,0,0,0,5363,14724,5236,4286
02/03/2025,10346,6369,3690,32609,0,2706,4256,1201,3055,30544,19449,14734,17089,0,0,0,5363,14724,5236,4286
03/03/2025,10346,6369,3690,32609,0,2706,4256,1201,3055,30544,19449,14734,17089,0,0,0,5363,14724,5236,4286
04/03/2025,10346,6369,3690,32609,0,2706,4256,1201,3055,30544,19449,14734,17089,0,0,0,5363,14724,5236,4286
05/03/2025,10346,6369,3690,32609,0,2706,4256,1201,3055,30544,19449,14734,17089,0,0,0,5363,14724,5236,4286
06/03/2025,10346,6369,3690,32609,0,2706,4256,1201,3055,30544,19449,14734,17089,0,0,0,5363,14724,5236,4286
07/03/2025,10346,6369,3690,32609,0,2706,4256,1201,3055,30544,19449,14734,17089,0,0,0,5363,14724,5236,4286
08/03/2025,10346,6369,3690,32609,0,2706,4256,1201,3055,30544,19449,14734,17089,0,0,0,5363,14724,5236,4286
09/03/2025,10346,6369,3690,32609,0,2706,4256,1201,3055,30544,19449,14734,17089,0,0,0,5363,14724,5236,4286
10/03/2025,10346,6369,3690,32609,0,2706,4256,1201,3055,30544,19449,14734,17089,0,0,0,5363,14724,5236,4286
11/03/2025,10346,6369,3690,32609,0,2706,4256,1201,3055,30544,19449,14734,17089,0,0,0,5363,14724,5236,4286
12/03/2025,10346,6369,3690,32609,0,2706,4256,1201,3055,30544,19449,14734,17089,0,0,0,5363,14724,5236,4286
13/03/2025,10346,6369,3690,32609,0,2706,4256,1201,3055,30544,19449,14734,17089,0,0,0,5363,14724,5236,4286
14/03/2025,10346,6369,3690,32609,0,2706,4256,1201,3055,30544,19449,14734,17089,0,0,0,5363,14724,5236,4286
15/03/2025,10346,6369,3690,32609,0,2706,4256,1201,3055,30544,19449,14734,17089,0,0,0,5363,14724,5236,4286
16/03/2025,10346,6369,3690,32609,0,2706,4256,1201,3055,30544,19449,14734,17089,0,0,0,5363,14724,5236,4286
17/03/2025,10346,6369,3690,32609,0,2706,4256,1201,3055,30544,19449,14734,17089,0,0,0,5363,14724,5236,4286
18/03/2025,10346,6369,3690,32609,0,2706,4256,1201,3055,30544,19449,14734,17089,0,0,0,5363,14724,5236,4286
19/03/2025,10346,6369,3690,32609,0,2706,4256,1201,3055,30544,19449,14734,17089,0,0,0,5363,14724,5236,4286
20/03/2025,10346,6369,3690,32609,0,2706,4256,1201,3055,30544,19449,14734,17089,0,0,0,5363,14724,5236,4286
21/03/2025,10346,6369,3690,32609,0,2706,4256,1201,3055,30544,19449,14734,17089,0,0,0,5363,14724,5236,4286
22/03/2025,10346,6369,3690,32609,0,2706,4256,1201,3055,30544,19449,14734,17089,0,0,0,5363,14724,5236,4286
23/03/2025,10346,6369,3690,32609,0,2706,4256,1201,3055,30544,19449,14734,17089,0,0,0,5363,14724,5236,4286
24/03/2025,10346,6369,3690,32609,0,2706,4256,1201,3055,30544,19449,14734,17089,0,0,0,5363,14724,5236,4286
25/03/2025,10346,6369,3690,32609,0,2706,4256,1201,3055,30544,19449,14734,17089,0,0,0,5363,14724,5236,4286
26/03/2025,10346,6369,3690,32609,0,2706,4256,1201,3055,30544,19449,14734,17089,0,0,0,5363,14724,5236,4286
27/03/2025,10346,6369,3690,32609,0,2706,4256,1201,3055,30544,19449,14734,17089,0,0,0,5363,14724,5236,4286
28/03/2025,10346,6369,3690,32609,0,2706,4256,1201,3055,30544,19449,14734,17089,0,0,0,5363,14724,5236,4286
29/03/2025,10346,6369,3690,32609,0,2706,4256,1201,3055,30544,19449,14734,17089,0,0,0,5363,14724,5236,4286
30/03/2025,10346,6369,3690,32609,0,2706,4256,1201,3055,30544,19449,14734,17089,0,0,0,5363,14724,5236,4286
31/03/2025,10346,6369,3690,32609,0,2706,4256,1201,3055,30544,19449,14734,17089,0,0,0,5363,14724,5236,4286
01/04/2025,10346,6369,3690,32609,0,2670,4256,1201,3055,30572,19717,14711,17089,0,0,0,5363,14724,5236,4286
02/04/2025,10346,6369,3690,32609,0,2670,4256,1201,3055,30572,19717,14711,17089,0,0,0,5363,14724,5236,4286
03/04/2025,10346,6369,3690,32609,0,2670,4256,1201,3055,30572,19717,14711,17089,0,0,0,5363,14724,5236,4286
04/04/2025,10346,6369,3690,32609,0,2670,4256,1201,3055,30572,19717,14711,17089,0,0,0,5363,14724,5236,4286
05/04/2025,10346,6369,3690,32609,0,2670,4256,1201,3055,30572,19717,14711,17089,0,0,0,5363,14724,5236,4286
06/04/2025,10346,6369,3690,32609,0,2670,4256,1201,3055,30572,19717,14711,17089,0,0,0,5363,14724,5236,4286
07/04/2025,10346,6369,3690,32609,0,2670,4256,1201,3055,30572,19717,14711,17089,0,0,0,5363,14724,5236,4286
08/04/2025,10346,6369,3690,32609,0,2670,4256,1201,3055,30572,19717,14711,17089,0,0,0,5363,14724,5236,4286
09/04/2025,10346,6369,3690,32609,0,2670,4256,1201,3055,30572,19717,14711,17089,0,0,0,5363,14724,5236,4286
10/04/2025,10346,6369,3690,32609,0,2670,4256,1201,3055,30572,19717,14711,17089,0,0,0,5363,14724,5236,4286
11/04/2025,10346,6369,3690,32609,0,2670,4256,1201,3055,30572,19717,14711,17089,0,0,0,5363,14724,5236,4286
12/04/2025,10346,6369,3690,32609,0,2670,4256,1201,3055,30572,19717,14711,17089,0,0,0,5363,14724,5236,4286
13/04/2025,10346,6369,3690,32609,0,2670,4256,1201,3055,30572,19717,14711,17089,0,0,0,5363,14724,5236,4286
14/04/2025,10346,6369,3690,32609,0,2670,4256,1201,3055,30572,19717,14711,17089,0,0,0,5363,14724,5236,4286
15/04/2025,10346,6369,3690,32609,0,2670,4256,1201,3055,30572,19717,14711,17089,0,0,0,5363,14724,5236,4286
16/04/2025,10346,6369,3690,32609,0,2670,4256,1201,3055,30572,19717,14711,17089,0,0,0,5363,14724,5236,4286
17/04/2025,10346,6369,3690,32609,0,2670,4256,1201,3055,30572,19717,14711,17089,0,0,0,5363,14724,5236,4286
18/04/2025,10346,6369,3690,32609,0,2670,4256,1201,3055,30572,19717,14711,17089,0,0,0,5363,14724,5236,4286
19/04/2025,10346,6369,3690,32609,0,2670,4256,1201,3055,30572,19717,14711,17089,0,0,0,5363,14724,5236,4286
20/04/2025,10346,6369,3690,32609,0,2670,4256,1201,3055,30572,19717,14711,17089,0,0,0,5363,14724,5236,4286
21/04/2025,10346,6369,3690,32609,0,2670,4256,1201,3055,30572,19717,14711,17089,0,0,0,5363,14724,5236,4286
22/04/2025,10346,6369,3690,32609,0,2670,4256,1201,3055,30572,19717,14711,17089,0,0,0,5363,14724,5236,4286
23/04/2025,10346,6369,3690,32609,0,2670,4256,1201,3055,30572,19717,14711,17089,0,0,0,5363,14724,5236,4286
24/04/2025,10346,6369,3690,32609,0,2670,4256,1201,3055,30572,19717,14711,17089,0,0,0,5363,14724,5236,4286
25/04/2025,10346,6369,3690,32609,0,2670,4256,1201,3055,30572,19717,14711,17089,0,0,0,5363,14724,5236,4286
26/04/2025,10346,6369,3690,32609,0,2670,4256,1201,3055,30572,19717,14711,17089,0,0,0,5363,14724,5236,4286
27/04/2025,10346,6369,3690,32609,0,2670,4256,1201,3055,30572,19717,14711,17089,0,0,0,5363,14724,5236,4286
28/04/2025,10346,6369,3690,32609,0,2670,4256,1201,3055,30572,19717,14711,17089,0,0,0,5363,14724,5236,4286
29/04/2025,10346,6369,3690,32609,0,2670,4256,1201,3055,30572,19717,14711,17089,0,0,0,5363,14724,5236,4286
30/04/2025,10346,6369,3690,32609,0,2670,4256,1201,3055,30572,19717,14711,17089,0,0,0,5363,14724,5236,4286
01/05/2025,10346,6369,3690,32609,0,2670,4256,1201,3055,30939,19885,14744,17089,0,0,0,5363,14724,5236,4286
02/05/2025,10346,6369,3690,32609,0,2670,4256,1201,3055,30939,19885,14744,17089,0,0,0,5363,14724,5236,4286
03/05/2025,10346,6369,3690,32609,0,2670,4256,1201,3055,30939,19885,14744,17089,0,0,0,5363,14724,5236,4286
04/05/2025,10346,6369,3690,32609,0,2670,4256,1201,3055,30939,19885,14744,17089,0,0,0,5363,14724,5236,4286
05/05/2025,10346,6369,3690,32609,0,2670,4256,1201,3055,30939,19885,14744,17089,0,0,0,5363,14724,5236,4286
06/05/2025,10346,6369,3690,32609,0,2670,4256,1201,3055,30939,19885,14744,17089,0,0,0,5363,14724,5236,4286
07/05/2025,10346,6369,3690,32609,0,2670,4256,1201,3055,30939,19885,14744,17089,0,0,0,5363,14724,5236,4286
08/05/2025,10346,6369,3690,32609,0,2670,4256,1201,3055,30939,19885,14744,17089,0,0,0,5363,14724,5236,4286
09/05/2025,10346,6369,3690,32609,0,2670,4256,1201,3055,30939,19885,14744,17089,0,0,0,5363,14724,5236,4286
10/05/2025,10346,6369,3690,32609,0,2670,4256,1201,3055,30939,19885,14744,17089,0,0,0,5363,14724,5236,4286
11/05/2025,10346,6369,3690,32609,0,2670,4256,1201,3055,30939,19885,14744,17089,0,0,0,5363,14724,5236,4286
12/05/2025,10346,6369,3690,32609,0,2670,4256,1201,3055,30939,19885,14744,17089,0,0,0,5363,14724,5236,4286
13/05/2025,10346,6369,3690,32609,0,2670,4256,1201,3055,30939,19885,14744,17089,0,0,0,5363,14724,5236,4286
14/05/2025,10346,6369,3690,32609,0,2670,4256,1201,3055,30939,19885,14744,17089,0,0,0,5363,14724,5236,4286
15/05/2025,10346,6369,3690,32609,0,2670,4256,1201,3055,30939,19885,14744,17089,0,0,0,5363,14724,5236,4286
16/05/2025,10346,6369,3690,32609,0,2670,4256,1201,3055,30939,19885,14744,17089,0,0,0,5363,14724,5236,4286
17/05/2025,10346,6369,3690,32609,0,2670,4256,1201,3055,30939,19885,14744,17089,0,0,0,5363,14724,5236,4286
18/05/2025,10346,6369,3690,32609,0,2670,4256,1201,3055,30939,19885,14744,17089,0,0,0,5363,14724,5236,4286
19/05/2025,10346,6369,3690,32609,0,2670,4256,1201,3055,30939,19885,14744,17089,0,0,0,5363,14724,5236,4286
20/05/2025,10346,6369,3690,32609,0,2670,4256,1201,3055,30939,19885,14744,17089,0,0,0,5363,14724,5236,4286
21/05/2025,10346,6369,3690,32609,0,2670,4256,1201,3055,30939,19885,14744,17089,0,0,0,5363,14724,5236,4286
22/05/2025,10346,6369,3690,32609,0,2670,4256,1201,3055,30939,19885,14744,17089,0,0,0,5363,14724,5236,4286
23/05/2025,10346,6369,3690,32609,0,2670,4256,1201,3055,30939,19885,14744,17089,0,0,0,5363,14724,5236,4286
24/05/2025,10346,6369,3690,32609,0,2670,4256,1201,3055,30939,19885,14744,17089,0,0,0,5363,14724,5236,4286
25/05/2025,10346,6369,3690,32609,0,2670,4256,1201,3055,30939,19885,14744,17089,0,0,0,5363,14724,5236,4286
26/05/2025,10346,6369,3690,32609,0,2670,4256,1201,3055,30939,19885,14744,17089,0,0,0,5363,14724,5236,4286
27/05/2025,10346,6369,3690,32609,0,2670,4256,1201,3055,30939,19885,14744,17089,0,0,0,5363,14724,5236,4286
28/05/2025,10346,6369,3690,32609,0,2670,4256,1201,3055,30939,19885,14744,17089,0,0,0,5363,14724,5236,4286
29/05/2025,10346,6369,3690,32609,0,2670,4256,1201,3055,30939,19885,14744,17089,0,0,0,5363,14724,5236,4286
30/05/2025,10346,6369,3690,32609,0,2670,4256,1201,3055,30939,19885,14744,17089,0,0,0,5363,14724,5236,4286
31/05/2025,10346,6369,3690,32609,0,2670,4256,1201,3055,30939,19885,14744,17089,0,0,0,5363,14724,5236,4286
01/06/2025,10346,6369,3690,32609,0,2670,4256,1201,3055,31179,20094,14798,17089,0,0,0,5363,14724,5236,4286
02/06/2025,10346,6369,3690,32609,0,2670,4256,1201,3055,31179,20094,14798,17089,0,0,0,5363,14724,5236,4286
03/06/2025,10346,6369,3690,32609,0,2670,4256,1201,3055,31179,20094,14798,17089,0,0,0,5363,14724,5236,4286
04/06/2025,10346,6369,3690,32609,0,2670,4256,1201,3055,31179,20094,14798,17089,0,0,0,5363,14724,5236,4286
05/06/2025,10346,6369,3690,32609,0,2670,4256,1201,3055,31179,20094,14798,17089,0,0,0,5363,14724,5236,4286
06/06/2025,10346,6369,3690,32609,0,2670,4256,1201,3055,31179,20094,14798,17089,0,0,0,5363,14724,5236,4286
07/06/2025,10346,6369,3690,32609,0,2670,4256,1201,3055,31179,20094,14798,17089,0,0,0,5363,14724,5236,4286
08/06/2025,10346,6369,3690,32609,0,2670,4256,1201,3055,31179,20094,14798,17089,0,0,0,5363,14724,5236,4286
09/06/2025,10346,6369,3690,32609,0,2670,4256,1201,3055,31179,20094,14798,17089,0,0,0,5363,14724,5236,4286
10/06/2025,10346,6369,3690,32609,0,2670,4256,1201,3055,31179,20094,14798,17089,0,0,0,5363,14724,5236,4286
11/06/2025,10346,6369,3690,32609,0,2670,4256,1201,3055,31179,20094,14798,17089,0,0,0,5363,14724,5236,4286
12/06/2025,10346,6369,3690,32609,0,2670,4256,1201,3055,31179,20094,14798,17089,0,0,0,5363,14724,5236,4286
13/06/2025,10346,6369,3690,32609,0,2670,4256,1201,3055,31179,20094,14798,17089,0,0,0,5363,14724,5236,4286
14/06/2025,10346,6369,3690,32609,0,2670,4256,1201,3055,31179,20094,14798,17089,0,0,0,5363,14724,5236,4286
15/06/2025,10346,6369,3690,32609,0,2670,4256,1201,3055,31179,20094,14798,17089,0,0,0,5363,14724,5236,4286
16/06/2025,10346,6369,3690,32609,0,2670,4256,1201,3055,31179,20094,14798,17089,0,0,0,5363,14724,5236,4286
17/06/2025,10346,6369,3690,32609,0,2670,4256,1201,3055,31179,20094,14798,17089,0,0,0,5363,14724,5236,4286
18/06/2025,10346,6369,3690,32609,0,2670,4256,1201,3055,31179,20094,14798,17089,0,0,0,5363,14724,5236,4286
19/06/2025,10346,6369,3690,32609,0,2670,4256,1201,3055,31179,20094,14798,17089,0,0,0,5363,14724,5236,4286
20/06/2025,10346,6369,3690,32609,0,2670,4256,1201,3055,31179,20094,14798,17089,0,0,0,5363,14724,5236,4286
21/06/2025,10346,6369,3690,32609,0,2670,4256,1201,3055,31179,20094,14798,17089,0,0,0,5363,14724,5236,4286
22/06/2025,10346,6369,3690,32609,0,2670,4256,1201,3055,31179,20094,14798,17089,0,0,0,5363,14724,5236,4286
23/06/2025,10346,6369,3690,32609,0,2670,4256,1201,3055,31179,20094,14798,17089,0,0,0,5363,14724,5236,4286
24/06/2025,10346,6369,3690,32609,0,2670,4256,1201,3055,31179,20094,14798,17089,0,0,0,5363,14724,5236,4286
25/06/2025,10346,6369,3690,32609,0,2670,4256,1201,3055,31179,20094,14798,17089,0,0,0,5363,14724,5236,4286
26/06/2025,10346,6369,3690,32609,0,2670,4256,1201,3055,31179,20094,14798,17089,0,0,0,5363,14724,5236,4286
27/06/2025,10346,6369,3690,32609,0,2670,4256,1201,3055,31179,20094,14798,17089,0,0,0,5363,14724,5236,4286
28/06/2025,10346,6369,3690,32609,0,2670,4256,1201,3055,31179,20094,14798,17089,0,0,0,5363,14724,5236,4286
29/06/2025,10346,6369,3690,32609,0,2670,4256,1201,3055,31179,20094,14798,17089,0,0,0,5363,14724,5236,4286
30/06/2025,10346,6369,3690,32609,0,2969,4256,1201,3055,31179,20094,14798,17089,0,0,0,5363,14724,5236,4286
01/07/2025,10346,6369,3690,32609,0,2969,4256,1201,3055,31422,20416,14852,17089,0,0,0,5363,14724,5236,4286
02/07/2025,10346,6369,3690,32609,0,2969,4256,1201,3055,31422,20416,14852,17089,0,0,0,5363,14724,5236,4286
03/07/2025,10346,6369,3690,32609,0,2969,4256,1201,3055,31422,20416,14852,17089,0,0,0,5363,14724,5236,4286
04/07/2025,10346,6369,3690,32609,0,2969,4256,1201,3055,31422,20416,14852,17089,0,0,0,5363,14724,5236,4286
05/07/2025,10346,6369,3690,32609,0,2969,4256,1201,3055,31422,20416,14852,17089,0,0,0,5363,14724,5236,4286
06/07/2025,10346,6369,3690,32609,0,2969,4256,1201,3055,31422,20416,14852,17089,0,0,0,5363,14724,5236,4286
07/07/2025,10346,6369,3690,32609,0,2969,4256,1201,3055,31422,20416,14852,17089,0,0,0,5363,14724,5236,4286
08/07/2025,10346,6369,3690,32609,0,2969,4256,1201,3055,31422,20416,14852,17089,0,0,0,5363,14724,5236,4286
09/07/2025,10346,6369,3690,32609,0,2969,4256,1201,3055,31422,20416,14852,17089,0,0,0,5363,14724,5236,4286
10/07/2025,10346,6369,3690,32609,0,2969,4256,1201,3055,31422,20416,14852,17089,0,0,0,5363,14724,5236,4286
11/07/2025,10346,6369,3690,32609,0,2969,4256,1201,3055,31422,20416,14852,17089,0,0,0,5363,14724,5236,4286
12/07/2025,10346,6369,3690,32609,0,2969,4256,1201,3055,31422,20416,14852,17089,0,0,0,5363,14724,5236,4286
13/07/2025,10346,6369,3690,32609,0,2969,4256,1201,3055,31422,20416,14852,17089,0,0,0,5363,14724,5236,4286
14/07/2025,10346,6369,3690,32609,0,2969,4256,1201,3055,31422,20416,14852,17089,0,0,0,5363,14724,5236,4286
15/07/2025,10346,6369,3690,32609,0,2969,4256,1201,3055,31422,20416,14852,17089,0,0,0,5363,14724,5236,4286
16/07/2025,10346,6369,3690,32609,0,2969,4256,1201,3055,31422,20416,14852,17089,0,0,0,5363,14724,5236,4286
17/07/2025,10346,6369,3690,32609,0,2969,4256,1201,3055,31422,20416,14852,17089,0,0,0,5363,14724,5236,4286
18/07/2025,10346,6369,3690,32609,0,2969,4256,1201,3055,31422,20416,14852,17089,0,0,0,5363,14724,5236,4286
19/07/2025,10346,6369,3690,32609,0,2969,4256,1201,3055,31422,20416,14852,17089,0,0,0,5363,14724,5236,4286
20/07/2025,10346,6369,3690,32609,0,2969,4256,1201,3055,31422,20416,14852,17089,0,0,0,5363,14724,5236,4286
21/07/2025,10346,6369,3690,32609,0,2969,4256,1201,3055,31422,20416,14852,17089,0,0,0,5363,14724,5236,4286
22/07/2025,10346,6369,3690,32609,0,2969,4256,1201,3055,31422,20416,14852,17089,0,0,0,5363,14724,5236,4286
23/07/2025,10346,6369,3690,32206,0,2969,4256,1201,3055,31422,20416,14852,17089,0,0,0,4960,14724,5236,4286
24/07/2025,10346,6369,3690,32206,0,2969,4256,1201,3055,31422,20416,14852,17089,0,0,0,4960,14724,5236,4286
25/07/2025,10346,6369,3690,32206,0,2969,4256,1201,3055,31422,20416,14852,17089,0,0,0,4960,14724,5236,4286
26/07/2025,10346,6369,3690,32206,0,2969,4256,1201,3055,31422,20416,14852,17089,0,0,0,4960,14724,5236,4286
27/07/2025,10346,6369,3690,32206,0,2969,4256,1201,3055,31422,20416,14852,17089,0,0,0,4960,14724,5236,4286
28/07/2025,10346,6369,3690,32206,0,2969,4256,1201,3055,31422,20416,14852,17089,0,0,0,4960,14724,5236,4286
29/07/2025,10346,6369,3690,32206,0,2969,4256,1201,3055,31422,20416,14852,17089,0,0,0,4960,14724,5236,4286
30/07/2025,10346,6369,3690,32206,0,2969,4256,1201,3055,31422,20416,14852,17089,0,0,0,4960,14724,5236,4286
31/07/2025,10346,6369,3690,32206,0,2969,4256,1201,3055,31422,20416,14852,17089,0,0,0,4960,14724,5236,4286
01/08/2025,10346,6369,3690,32206,0,2969,4256,1201,3055,31422,20644,14852,17089,0,0,0,4960,14724,5236,4286
02/08/2025,10346,6369,3690,32206,0,2969,4256,1201,3055,31422,20644,14852,17089,0,0,0,4960,14724,5236,4286
03/08/2025,10346,6369,3690,32206,0,2969,4256,1201,3055,31422,20644,14852,17089,0,0,0,4960,14724,5236,4286
04/08/2025,10346,6369,3690,32206,0,2969,4256,1201,3055,31422,20644,14852,17089,0,0,0,4960,14724,5236,4286
05/08/2025,10346,6369,3690,32206,0,2969,4256,1201,3055,31422,20644,14852,17089,0,0,0,4960,14724,5236,4286
06/08/2025,10346,6369,3690,32206,0,2969,4256,1201,3055,31422,20644,14852,17089,0,0,0,4960,14724,5236,4286
07/08/2025,10346,6369,3690,32206,0,2969,4256,1201,3055,31422,20644,14852,17089,0,0,0,4960,14724,5236,4286
08/08/2025,10346,6369,3690,32206,0,2969,4256,1201,3055,31422,20644,14852,17089,0,0,0,4960,14724,5236,4286
09/08/2025,10346,6369,3690,32206,0,2969,4256,1201,3055,31422,20644,14852,17089,0,0,0,4960,14724,5236,4286
10/08/2025,10346,6369,3690,32206,0,2969,4256,1201,3055,31422,20644,14852,17089,0,0,0,4960,14724,5236,4286
11/08/2025,10346,6369,3690,32206,0,2969,4256,1201,3055,31422,20644,14852,17089,0,0,0,4960,14724,5236,4286
12/08/2025,10346,6369,3690,32206,0,2969,4256,1201,3055,31422,20644,14852,17089,0,0,0,4960,14724,5236,4286
13/08/2025,10346,6369,3690,32206,0,2969,4256,1201,3055,31422,20644,14852,17089,0,0,0,4960,14724,5236,4286
14/08/2025,10346,6369,3690,32206,0,2969,4256,1201,3055,31422,20644,14852,17089,0,0,0,4960,14724,5236,4286
15/08/2025,10346,6369,3690,32206,0,2969,4256,1201,3055,31422,20644,14852,17089,0,0,0,4960,14724,5236,4286
16/08/2025,10346,6369,3690,32206,0,2969,4256,1201,3055,31422,20644,14852,17089,0,0,0,4960,14724,5236,4286
17/08/2025,10346,6369,3690,32206,0,2969,4256,1201,3055,31422,20644,14852,17089,0,0,0,4960,14724,5236,4286
18/08/2025,10346,6369,3690,32206,0,2969,4256,1201,3055,31422,20644,14852,17089,0,0,0,4960,14724,5236,4286
19/08/2025,10346,6369,3690,32206,0,2969,4256,1201,3055,31422,20644,14852,17089,0,0,0,4960,14724,5236,4286
20/08/2025,10346,6369,3690,32206,0,2969,4256,1201,3055,31422,20644,14852,17089,0,0,0,4960,14724,5236,4286
21/08/2025,10346,6369,3690,32206,0,2969,4256,1201,3055,31422,20644,14852,17089,0,0,0,4960,14724,5236,4286
22/08/2025,10346,6369,3690,32206,0,2969,4256,1201,3055,31422,20644,14852,17089,0,0,0,4960,14724,5236,4286
23/08/2025,10346,6369,3690,32206,0,2969,4256,1201,3055,31422,20644,14852,17089,0,0,0,4960,14724,5236,4286
24/08/2025,10346,6369,3690,32206,0,2969,4256,1201,3055,31422,20644,14852,17089,0,0,0,4960,14724,5236,4286
25/08/2025,10346,6369,3690,32206,0,2969,4256,1201,3055,31422,20644,14852,17089,0,0,0,4960,14724,5236,4286
26/08/2025,10346,6369,3690,32206,0,2969,4256,1201,3055,31422,20644,14852,17089,0,0,0,4960,14724,5236,4286
27/08/2025,10346,6369,3690,32206,0,2969,4256,1201,3055,31422,20644,14852,17089,0,0,0,4960,14724,5236,4286
28/08/2025,10346,6369,3690,32206,0,2969,4256,1201,3055,31422,20644,14852,17089,0,0,0,4960,14724,5236,4286
29/08/2025,10346,6369,3690,32206,0,2969,4256,1201,3055,31422,20644,14852,17089,0,0,0,4960,14724,5236,4286
30/08/2025,10346,6369,3690,32206,0,2969,4256,1201,3055,31422,20644,14852,17089,0,0,0,4960,14724,5236,4286
31/08/2025,10346,6369,3690,32206,0,2969,4256,1201,3055,31422,20644,14852,17089,0,0,0,4960,14724,5236,4286
01/09/2025,10346,6369,3690,32206,0,2969,4256,1201,3055,31422,20869,14852,17089,0,0,0,4960,14724,5236,4286
02/09/2025,10346,6369,3690,32206,0,2969,4256,1201,3055,31422,20869,14852,17089,0,0,0,4960,14724,5236,4286
03/09/2025,10346,6369,3690,32206,0,2969,4256,1201,3055,31422,20869,14852,17089,0,0,0,4960,14724,5236,4286
04/09/2025,10346,6369,3690,32206,0,2969,4256,1201,3055,31422,20869,14852,17089,0,0,0,4960,14724,5236,4286
05/09/2025,10346,6369,3690,32206,0,2969,4256,1201,3055,31422,20869,14852,17089,0,0,0,4960,14724,5236,4286
06/09/2025,10346,6369,3690,32206,0,2969,4256,1201,3055,31422,20869,14852,17089,0,0,0,4960,14724,5236,4286
07/09/2025,10346,6369,3690,32206,0,2969,4256,1201,3055,31422,20869,14852,17089,0,0,0,4960,14724,5236,4286
08/09/2025,10346,6369,3690,32206,0,2969,4256,1201,3055,31422,20869,14852,17089,0,0,0,4960,14724,5236,4286
09/09/2025,10346,6369,3690,32206,0,2969,4256,1201,3055,31422,20869,14852,17089,0,0,0,4960,14724,5236,4286
10/09/2025,10346,6369,3690,32206,0,2969,4256,1201,3055,31422,20869,14852,17089,0,0,0,4960,14724,5236,4286
11/09/2025,10346,6369,3690,32206,0,2969,4256,1201,3055,31422,20869,14852,17089,0,0,0,4960,14724,5236,4286
12/09/2025,10346,6369,3690,32206,0,2969,4256,1201,3055,31422,20869,14852,17089,0,0,0,4960,14724,5236,4286
13/09/2025,10346,6369,3690,32206,0,2969,4256,1201,3055,31422,20869,14852,17089,0,0,0,4960,14724,5236,4286
14/09/2025,10346,6369,3690,32206,0,2969,4256,1201,3055,31422,20869,14852,17089,0,0,0,4960,14724,5236,4286
15/09/2025,10346,6369,3690,32206,0,2969,4256,1201,3055,31422,20869,14852,17089,0,0,0,4960,14724,5236,4286
16/09/2025,10346,6369,3690,32206,0,2969,4256,1201,3055,31422,20869,14852,17089,0,0,0,4960,14724,5236,4286
17/09/2025,10346,6369,3690,32206,0,2969,4256,1201,3055,31422,20869,14852,17089,0,0,0,4960,14724,5236,4286
18/09/2025,10346,6369,3690,32206,0,2969,4256,1201,3055,31422,20869,14852,17089,0,0,0,4960,14724,5236,4286
19/09/2025,10346,6369,3690,32206,0,2969,4256,1201,3055,31422,20869,14852,17089,0,0,0,4960,14724,5236,4286
20/09/2025,10346,6369,3690,32206,0,2969,4256,1201,3055,31422,20869,14852,17089,0,0,0,4960,14724,5236,4286
21/09/2025,10346,6369,3690,32206,0,2969,4256,1201,3055,31422,20869,14852,17089,0,0,0,4960,14724,5236,4286
22/09/2025,10346,6369,3690,32206,0,2969,4256,1201,3055,31422,20869,14852,17089,0,0,0,4960,14724,5236,4286
23/09/2025,10346,6369,3690,32206,0,2969,4256,1201,3055,31422,20869,14852,17089,0,0,0,4960,14724,5236,4286
24/09/2025,10346,6369,3690,32206,0,2969,4256,1201,3055,31422,20869,14852,17089,0,0,0,4960,14724,5236,4286
25/09/2025,10346,6369,3690,32206,0,2945,4256,1201,3055,31422,20869,14852,17089,0,0,0,4960,14724,5236,4286
26/09/2025,10346,6369,3690,32206,0,2945,4256,1201,3055,31422,20869,14852,17089,0,0,0,4960,14724,5236,4286
27/09/2025,10346,6369,3690,32206,0,2945,4256,1201,3055,31422,20869,14852,17089,0,0,0,4960,14724,5236,4286
28/09/2025,10346,6369,3690,32206,0,2945,4256,1201,3055,31422,20869,14852,17089,0,0,0,4960,14724,5236,4286
29/09/2025,10346,6369,3690,32206,0,2945,4256,1201,3055,31422,20869,14852,17089,0,0,0,4960,14724,5236,4286
30/09/2025,10346,6369,3690,32206,0,2945,4256,1201,3055,31422,20869,14852,17089,0,0,0,4960,14724,5236,4286
01/10/2025,10346,6369,3690,32206,0,2945,4256,1201,3055,31422,21046,14852,17089,0,0,0,4960,14724,5236,4286
02/10/2025,10346,6369,3690,32206,0,2945,4256,1201,3055,31422,21046,14852,17089,0,0,0,4960,14724,5236,4286
03/10/2025,10346,6369,3690,32206,0,2945,4256,1201,3055,31422,21046,14852,17089,0,0,0,4960,14724,5236,4286
04/10/2025,10346,6369,3690,32206,0,2945,4256,1201,3055,31422,21046,14852,17089,0,0,0,4960,14724,5236,4286
05/10/2025,10346,6369,3690,32206,0,2949,4256,1201,3055,31422,21046,14852,17089,0,0,0,4960,14724,5236,4286
06/10/2025,10346,6369,3690,32206,0,2949,4256,1201,3055,31422,21046,14852,17089,0,0,0,4960,14724,5236,4286
07/10/2025,10346,6369,3690,32206,0,2949,4256,1201,3055,31422,21046,14852,17089,0,0,0,4960,14724,5236,4286
08/10/2025,10346,6369,3690,32206,0,2949,4256,1201,3055,31422,21046,14852,17089,0,0,0,4960,14724,5236,4286
09/10/2025,10346,6369,3690,32206,0,2949,4256,1201,3055,31422,21046,14852,17089,0,0,0,4960,14724,5236,4286
10/10/2025,10346,6369,3690,32206,0,2949,4256,1201,3055,31422,21046,14852,17089,0,0,0,4960,14724,5236,4286
11/10/2025,10346,6369,3690,32206,0,2949,4256,1201,3055,31422,21046,14852,17089,0,0,0,4960,14724,5236,4286
12/10/2025,10346,6369,3690,32206,0,2949,4256,1201,3055,31422,21046,14852,17089,0,0,0,4960,14724,5236,4286
13/10/2025,10346,6369,3690,32206,0,2949,4256,1201,3055,31422,21046,14852,17089,0,0,0,4960,14724,5236,4286
14/10/2025,10346,6369,3690,32206,0,2949,4256,1201,3055,31422,21046,14852,17089,0,0,0,4960,14724,5236,4286
15/10/2025,10346,6369,3690,32206,0,2949,4256,1201,3055,31422,21046,14852,17089,0,0,0,4960,14724,5236,4286
16/10/2025,10346,6369,3690,32206,0,2949,4256,1201,3055,31422,21046,14852,17089,0,0,0,4960,14724,5236,4286
17/10/2025,10346,6369,3690,32206,0,2949,4256,1201,3055,31422,21046,14852,17089,0,0,0,4960,14724,5236,4286
18/10/2025,10346,6369,3690,32206,0,2949,4256,1201,3055,31422,21046,14852,17089,0,0,0,4960,14724,5236,4286
19/10/2025,10346,6369,3690,32206,0,2949,4256,1201,3055,31422,21046,14852,17089,0,0,0,4960,14724,5236,4286
20/10/2025,10346,6369,3690,32206,0,2949,4256,1201,3055,31422,21046,14852,17089,0,0,0,4960,14724,5236,4286
21/10/2025,10346,6369,3690,32206,0,2949,4256,1201,3055,31422,21046,14852,17089,0,0,0,4960,14724,5236,4286
22/10/2025,10346,6369,3690,32206,0,2949,4256,1201,3055,31422,21046,14852,17089,0,0,0,4960,14724,5236,4286
23/10/2025,10346,6369,3690,32206,0,2949,4256,1201,3055,31422,21046,14852,17089,0,0,0,4960,14724,5236,4286
24/10/2025,10346,6369,3690,32206,0,2949,4256,1201,3055,31422,21046,14852,17089,0,0,0,4960,14724,5236,4286
25/10/2025,10346,6369,3690,32206,0,2949,4256,1201,3055,31422,21046,14852,17089,0,0,0,4960,14724,5236,4286
26/10/2025,10346,6369,3690,32206,0,2949,4256,1201,3055,31422,21046,14852,17089,0,0,0,4960,14724,5236,4286
27/10/2025,10346,6369,3690,32206,0,2949,4256,1201,3055,31422,21046,14852,17089,0,0,0,4960,14724,5236,4286
28/10/2025,10346,6369,3690,32206,0,2949,4256,1201,3055,31422,21046,14852,17089,0,0,0,4960,14724,5236,4286
29/10/2025,10346,6369,3690,32206,0,2949,4256,1201,3055,31422,21046,14852,17089,0,0,0,4960,14724,5236,4286
30/10/2025,10346,6369,3690,32206,0,2949,4256,1201,3055,31422,21046,14852,17089,0,0,0,4960,14724,5236,4286
31/10/2025,10346,6369,3690,32206,0,2949,4256,1201,3055,31422,21046,14852,17089,0,0,0,4960,14724,5236,4286
01/11/2025,10346,6369,3690,32206,0,2949,4256,1201,3055,31444,21122,14874,17089,0,0,0,4960,14724,5236,4286
02/11/2025,10346,6369,3690,32206,0,2949,4256,1201,3055,31444,21122,14874,17089,0,0,0,4960,14724,5236,4286
03/11/2025,10346,6369,3690,32206,0,2949,4256,1201,3055,31444,21122,14874,17089,0,0,0,4960,14724,5236,4286
04/11/2025,10346,6369,3690,32206,0,2949,4256,1201,3055,31444,21122,14874,17089,0,0,0,4960,14724,5236,4286
05/11/2025,10346,6369,3690,32206,0,2949,4256,1201,3055,31444,21122,14874,17089,0,0,0,4960,14724,5236,4286
06/11/2025,10346,6369,3690,32206,0,2949,4256,1201,3055,31444,21122,14874,17089,0,0,0,4960,14724,5236,4286
07/11/2025,10346,6369,3690,32206,0,2949,4256,1201,3055,31444,21122,14874,17089,0,0,0,4960,14724,5236,4286
08/11/2025,10346,6369,3690,32206,0,2949,4256,1201,3055,31444,21122,14874,17089,0,0,0,4960,14724,5236,4286
09/11/2025,10346,6369,3690,32206,0,2949,4256,1201,3055,31444,21122,14874,17089,0,0,0,4960,14724,5236,4286
10/11/2025,10346,6369,3690,32206,0,2949,4256,1201,3055,31444,21122,14874,17089,0,0,0,4960,14724,5236,4286
11/11/2025,10346,6369,3690,32206,0,2949,4256,1201,3055,31444,21122,14874,17089,0,0,0,4960,14724,5236,4286
12/11/2025,10346,6369,3690,32206,0,2950,4256,1201,3055,31444,21122,14874,17089,0,0,0,4960,14724,5236,4286
13/11/2025,10346,6369,3690,32206,0,2951,4256,1201,3055,31444,21122,14874,17089,0,0,0,4960,14724,5236,4286
14/11/2025,10346,6369,3690,32206,0,2951,4256,1201,3055,31444,21122,14874,17089,0,0,0,4960,14724,5236,4286
15/11/2025,10346,6369,3690,32206,0,2951,4256,1201,3055,31444,21122,14874,17089,0,0,0,4960,14724,5236,4286
16/11/2025,10346,6369,3690,32206,0,2951,4256,1201,3055,31444,21122,14874,17089,0,0,0,4960,14724,5236,4286
17/11/2025,10346,6369,3690,32206,0,2951,4256,1201,3055,31444,21122,14874,17089,0,0,0,4960,14724,5236,4286
18/11/2025,10346,6369,3690,32206,0,2951,4256,1201,3055,31444,21122,14874,17089,0,0,0,4960,14724,5236,4286
19/11/2025,10346,6369,3690,32206,0,2951,4256,1201,3055,31444,21122,14874,17089,0,0,0,4960,14724,5236,4286
20/11/2025,10346,6369,3690,32206,0,2951,4256,1201,3055,31444,21122,14874,17089,0,0,0,4960,14724,5236,4286
21/11/2025,10346,6369,3690,32206,0,2951,4256,1201,3055,31444,21122,14874,17089,0,0,0,4960,14724,5236,4286
22/11/2025,10346,6369,3690,32206,0,2951,4256,1201,3055,31444,21122,14874,17089,0,0,0,4960,14724,5236,4286
23/11/2025,10346,6369,3690,32206,0,2951,4256,1201,3055,31444,21122,14874,17089,0,0,0,4960,14724,5236,4286
24/11/2025,10346,6369,3690,32206,0,2951,4256,1201,3055,31444,21122,14874,17089,0,0,0,4960,14724,5236,4286
25/11/2025,10346,6369,3690,32206,0,2951,4256,1201,3055,31444,21122,14874,17089,0,0,0,4960,14724,5236,4286
26/11/2025,10346,6369,3690,32206,0,2951,4256,1201,3055,31444,21122,14874,17089,0,0,0,4960,14724,5236,4286
27/11/2025,10346,6369,3690,32206,0,2951,4256,1201,3055,31444,21122,14874,17089,0,0,0,4960,14724,5236,4286
28/11/2025,10346,6369,3690,32206,0,2951,4256,1201,3055,31444,21122,14874,17089,0,0,0,4960,14724,5236,4286
29/11/2025,10346,6369,3690,32206,0,2951,4256,1201,3055,31444,21122,14874,17089,0,0,0,4960,14724,5236,4286
30/11/2025,10346,6369,3690,32206,0,2951,4256,1201,3055,31444,21122,14874,17089,0,0,0,4960,14724,5236,4286
01/12/2025,10346,6369,3690,32206,0,2951,4256,1201,3055,31467,21192,14897,17089,0,0,0,4960,14724,5236,4286
02/12/2025,10346,6369,3690,32206,0,2951,4256,1201,3055,31467,21192,14897,17089,0,0,0,4960,14724,5236,4286
03/12/2025,10346,6369,3690,32206,0,2951,4256,1201,3055,31467,21192,14897,17089,0,0,0,4960,14724,5236,4286
04/12/2025,10346,6369,3690,32206,0,2951,4256,1201,3055,31467,21192,14897,17089,0,0,0,4960,14724,5236,4286
05/12/2025,10346,6369,3690,32206,0,2951,4256,1201,3055,31467,21192,14897,17089,0,0,0,4960,14724,5236,4286
06/12/2025,10346,6369,3690,32206,0,2951,4256,1201,3055,31467,21192,14897,17089,0,0,0,4960,14724,5236,4286
07/12/2025,10346,6369,3690,32206,0,2951,4256,1201,3055,31467,21192,14897,17089,0,0,0,4960,14724,5236,4286
08/12/2025,10346,6369,3690,32206,0,2951,4256,1201,3055,31467,21192,14897,17089,0,0,0,4960,14724,5236,4286
09/12/2025,10346,6369,3690,32206,0,2951,4256,1201,3055,31467,21192,14897,17089,0,0,0,4960,14724,5236,4286
10/12/2025,10346,6369,3690,32206,0,2951,4256,1201,3055,31467,21192,14897,17089,0,0,0,4960,14724,5236,4286
11/12/2025,10346,6369,3690,32206,0,2951,4256,1201,3055,31467,21192,14897,17089,0,0,0,4960,14724,5236,4286
12/12/2025,10346,6369,3690,32206,0,2951,4256,1201,3055,31467,21192,14897,17089,0,0,0,4960,14724,5236,4286
13/12/2025,10346,6369,3690,32206,0,2951,4256,1201,3055,31467,21192,14897,17089,0,0,0,4960,14724,5236,4286
14/12/2025,10346,6369,3690,32206,0,2951,4256,1201,3055,31467,21192,14897,17089,0,0,0,4960,14724,5236,4286
15/12/2025,10346,6369,3690,32206,0,2971,4256,1201,3055,31467,21192,14897,17089,0,0,0,4960,14724,5236,4286
16/12/2025,10346,6369,3690,32206,0,2971,4256,1201,3055,31467,21192,14897,17089,0,0,0,4960,14724,5236,4286
17/12/2025,10346,6369,3690,32206,0,2971,4256,1201,3055,31467,21192,14897,17089,0,0,0,4960,14724,5236,4286
18/12/2025,10346,6369,3690,32206,0,2971,4256,1201,3055,31467,21192,14897,17089,0,0,0,4960,14724,5236,4286
19/12/2025,10346,6369,3690,32206,0,2971,4256,1201,3055,31467,21192,14897,17546,0,0,0,4960,14724,5236,4286
20/12/2025,10346,6369,3690,32206,0,2971,4256,1201,3055,31467,21192,14897,17546,0,0,0,4960,14724,5236,4286
21/12/2025,10346,6369,3690,32206,0,2971,4256,1201,3055,31467,21192,14897,17546,0,0,0,4960,14724,5236,4286
22/12/2025,10346,6369,3690,32206,0,2971,4256,1201,3055,31467,21192,14897,17546,0,0,0,4960,14724,5236,4286
23/12/2025,10346,6369,3690,32206,0,2971,4256,1201,3055,31467,21192,14897,17546,0,0,0,4960,14724,5236,4286
24/12/2025,10346,6369,3690,32206,0,2971,4256,1201,3055,31467,21192,14897,17546,0,0,0,4960,14724,5236,4286
25/12/2025,10346,6369,3690,32206,0,2971,4256,1201,3055,31467,21192,14897,17546,0,0,0,4960,14724,5236,4286
26/12/2025,10346,6369,3690,32206,0,2971,4256,1201,3055,31467,21192,14897,17546,0,0,0,4960,14724,5236,4286
27/12/2025,10346,6369,3690,32206,0,2971,4256,1201,3055,31467,21192,14897,17546,0,0,0,4960,14724,5236,4286
28/12/2025,10346,6369,3690,32206,0,2971,4256,1201,3055,31467,21192,14897,17546,0,0,0,4960,14724,5236,4286
29/12/2025,10346,6369,3690,32206,0,2971,4256,1201,3055,31467,21192,14897,17546,0,0,0,4960,14724,5236,4286
30/12/2025,10346,6369,3690,32206,0,2971,4256,1201,3055,31467,21192,14897,17546,0,0,0,4960,14724,5236,4286
31/12/2025,10346,6369,3690,32206,0,2971,4256,1201,3055,31467,21192,14897,17546,0,0,0,4960,14724,5236,4286
