Date,Coal,Oil,Gas,Carbon_ETS,Carbon_CPF,Wood
01/01/2009,8.66,18.8,19.79,12.31,0,40.02
02/01/2009,8.66,18.8,19.79,12.31,0,40.02
03/01/2009,8.66,18.8,19.79,12.31,0,40.02
04/01/2009,8.66,18.8,19.79,12.31,0,40.02
05/01/2009,8.66,18.8,19.79,12.31,0,40.02
06/01/2009,8.66,18.8,19.79,12.31,0,40.02
07/01/2009,8.66,18.8,19.79,12.31,0,40.02
08/01/2009,8.66,18.8,19.79,12.31,0,40.02
09/01/2009,8.66,18.8,19.79,12.31,0,40.02
10/01/2009,8.66,18.8,19.79,12.31,0,40.02
11/01/2009,8.66,18.8,19.79,12.31,0,40.02
12/01/2009,8.66,18.8,19.79,12.31,0,40.02
13/01/2009,8.66,18.8,19.79,12.31,0,40.02
14/01/2009,8.66,18.8,19.79,12.31,0,40.02
15/01/2009,8.66,18.8,19.79,12.31,0,40.02
16/01/2009,8.66,18.8,19.79,12.31,0,40.02
17/01/2009,8.66,18.8,19.79,12.31,0,40.02
18/01/2009,8.66,18.8,19.79,12.31,0,40.02
19/01/2009,8.66,18.8,19.79,12.31,0,40.02
20/01/2009,8.66,18.8,19.79,12.31,0,40.02
21/01/2009,8.66,18.8,19.79,12.31,0,40.02
22/01/2009,8.66,18.8,19.79,12.31,0,40.02
23/01/2009,8.66,18.8,19.79,12.31,0,40.02
24/01/2009,8.66,18.8,19.79,12.31,0,40.02
25/01/2009,8.66,18.8,19.79,12.31,0,40.02
26/01/2009,8.66,18.8,19.79,12.31,0,40.02
27/01/2009,8.66,18.8,19.79,12.31,0,40.02
28/01/2009,8.66,18.8,19.79,12.31,0,40.02
29/01/2009,8.66,18.8,19.79,12.31,0,40.02
30/01/2009,8.66,18.8,19.79,12.31,0,40.02
31/01/2009,8.66,18.8,19.79,12.31,0,40.02
01/02/2009,8.39,19.04,15.84,8.74,0,40.02
02/02/2009,8.39,19.04,15.84,8.74,0,40.02
03/02/2009,8.39,19.04,15.84,8.74,0,40.02
04/02/2009,8.39,19.04,15.84,8.74,0,40.02
05/02/2009,8.39,19.04,15.84,8.74,0,40.02
06/02/2009,8.39,19.04,15.84,8.74,0,40.02
07/02/2009,8.39,19.04,15.84,8.74,0,40.02
08/02/2009,8.39,19.04,15.84,8.74,0,40.02
09/02/2009,8.39,19.04,15.84,8.74,0,40.02
10/02/2009,8.39,19.04,15.84,8.74,0,40.02
11/02/2009,8.39,19.04,15.84,8.74,0,40.02
12/02/2009,8.39,19.04,15.84,8.74,0,40.02
13/02/2009,8.39,19.04,15.84,8.74,0,40.02
14/02/2009,8.39,19.04,15.84,8.74,0,40.02
15/02/2009,8.39,19.04,15.84,8.74,0,40.02
16/02/2009,8.39,19.04,15.84,8.74,0,40.02
17/02/2009,8.39,19.04,15.84,8.74,0,40.02
18/02/2009,8.39,19.04,15.84,8.74,0,40.02
19/02/2009,8.39,19.04,15.84,8.74,0,40.02
20/02/2009,8.39,19.04,15.84,8.74,0,40.02
21/02/2009,8.39,19.04,15.84,8.74,0,40.02
22/02/2009,8.39,19.04,15.84,8.74,0,40.02
23/02/2009,8.39,19.04,15.84,8.74,0,40.02
24/02/2009,8.39,19.04,15.84,8.74,0,40.02
25/02/2009,8.39,19.04,15.84,8.74,0,40.02
26/02/2009,8.39,19.04,15.84,8.74,0,40.02
27/02/2009,8.39,19.04,15.84,8.74,0,40.02
28/02/2009,8.39,19.04,15.84,8.74,0,40.02
01/03/2009,6.85,20.71,10.97,10.49,0,40.02
02/03/2009,6.85,20.71,10.97,10.49,0,40.02
03/03/2009,6.85,20.71,10.97,10.49,0,40.02
04/03/2009,6.85,20.71,10.97,10.49,0,40.02
05/03/2009,6.85,20.71,10.97,10.49,0,40.02
06/03/2009,6.85,20.71,10.97,10.49,0,40.02
07/03/2009,6.85,20.71,10.97,10.49,0,40.02
08/03/2009,6.85,20.71,10.97,10.49,0,40.02
09/03/2009,6.85,20.71,10.97,10.49,0,40.02
10/03/2009,6.85,20.71,10.97,10.49,0,40.02
11/03/2009,6.85,20.71,10.97,10.49,0,40.02
12/03/2009,6.85,20.71,10.97,10.49,0,40.02
13/03/2009,6.85,20.71,10.97,10.49,0,40.02
14/03/2009,6.85,20.71,10.97,10.49,0,40.02
15/03/2009,6.85,20.71,10.97,10.49,0,40.02
16/03/2009,6.85,20.71,10.97,10.49,0,40.02
17/03/2009,6.85,20.71,10.97,10.49,0,40.02
18/03/2009,6.85,20.71,10.97,10.49,0,40.02
19/03/2009,6.85,20.71,10.97,10.49,0,40.02
20/03/2009,6.85,20.71,10.97,10.49,0,40.02
21/03/2009,6.85,20.71,10.97,10.49,0,40.02
22/03/2009,6.85,20.71,10.97,10.49,0,40.02
23/03/2009,6.85,20.71,10.97,10.49,0,40.02
24/03/2009,6.85,20.71,10.97,10.49,0,40.02
25/03/2009,6.85,20.71,10.97,10.49,0,40.02
26/03/2009,6.85,20.71,10.97,10.49,0,40.02
27/03/2009,6.85,20.71,10.97,10.49,0,40.02
28/03/2009,6.85,20.71,10.97,10.49,0,40.02
29/03/2009,6.85,20.71,10.97,10.49,0,40.02
30/03/2009,6.85,20.71,10.97,10.49,0,40.02
31/03/2009,6.85,20.71,10.97,10.49,0,40.02
01/04/2009,6.68,21.72,9.94,11.86,0,37.39
02/04/2009,6.68,21.72,9.94,11.86,0,37.39
03/04/2009,6.68,21.72,9.94,11.86,0,37.39
04/04/2009,6.68,21.72,9.94,11.86,0,37.39
05/04/2009,6.68,21.72,9.94,11.86,0,37.39
06/04/2009,6.68,21.72,9.94,11.86,0,37.39
07/04/2009,6.68,21.72,9.94,11.86,0,37.39
08/04/2009,6.68,21.72,9.94,11.86,0,37.39
09/04/2009,6.68,21.72,9.94,11.86,0,37.39
10/04/2009,6.68,21.72,9.94,11.86,0,37.39
11/04/2009,6.68,21.72,9.94,11.86,0,37.39
12/04/2009,6.68,21.72,9.94,11.86,0,37.39
13/04/2009,6.68,21.72,9.94,11.86,0,37.39
14/04/2009,6.68,21.72,9.94,11.86,0,37.39
15/04/2009,6.68,21.72,9.94,11.86,0,37.39
16/04/2009,6.68,21.72,9.94,11.86,0,37.39
17/04/2009,6.68,21.72,9.94,11.86,0,37.39
18/04/2009,6.68,21.72,9.94,11.86,0,37.39
19/04/2009,6.68,21.72,9.94,11.86,0,37.39
20/04/2009,6.68,21.72,9.94,11.86,0,37.39
21/04/2009,6.68,21.72,9.94,11.86,0,37.39
22/04/2009,6.68,21.72,9.94,11.86,0,37.39
23/04/2009,6.68,21.72,9.94,11.86,0,37.39
24/04/2009,6.68,21.72,9.94,11.86,0,37.39
25/04/2009,6.68,21.72,9.94,11.86,0,37.39
26/04/2009,6.68,21.72,9.94,11.86,0,37.39
27/04/2009,6.68,21.72,9.94,11.86,0,37.39
28/04/2009,6.68,21.72,9.94,11.86,0,37.39
29/04/2009,6.68,21.72,9.94,11.86,0,37.39
30/04/2009,6.68,21.72,9.94,11.86,0,37.39
01/05/2009,6.49,23.57,9.4,13.23,0,37.39
02/05/2009,6.49,23.57,9.4,13.23,0,37.39
03/05/2009,6.49,23.57,9.4,13.23,0,37.39
04/05/2009,6.49,23.57,9.4,13.23,0,37.39
05/05/2009,6.49,23.57,9.4,13.23,0,37.39
06/05/2009,6.49,23.57,9.4,13.23,0,37.39
07/05/2009,6.49,23.57,9.4,13.23,0,37.39
08/05/2009,6.49,23.57,9.4,13.23,0,37.39
09/05/2009,6.49,23.57,9.4,13.23,0,37.39
10/05/2009,6.49,23.57,9.4,13.23,0,37.39
11/05/2009,6.49,23.57,9.4,13.23,0,37.39
12/05/2009,6.49,23.57,9.4,13.23,0,37.39
13/05/2009,6.49,23.57,9.4,13.23,0,37.39
14/05/2009,6.49,23.57,9.4,13.23,0,37.39
15/05/2009,6.49,23.57,9.4,13.23,0,37.39
16/05/2009,6.49,23.57,9.4,13.23,0,37.39
17/05/2009,6.49,23.57,9.4,13.23,0,37.39
18/05/2009,6.49,23.57,9.4,13.23,0,37.39
19/05/2009,6.49,23.57,9.4,13.23,0,37.39
20/05/2009,6.49,23.57,9.4,13.23,0,37.39
21/05/2009,6.49,23.57,9.4,13.23,0,37.39
22/05/2009,6.49,23.57,9.4,13.23,0,37.39
23/05/2009,6.49,23.57,9.4,13.23,0,37.39
24/05/2009,6.49,23.57,9.4,13.23,0,37.39
25/05/2009,6.49,23.57,9.4,13.23,0,37.39
26/05/2009,6.49,23.57,9.4,13.23,0,37.39
27/05/2009,6.49,23.57,9.4,13.23,0,37.39
28/05/2009,6.49,23.57,9.4,13.23,0,37.39
29/05/2009,6.49,23.57,9.4,13.23,0,37.39
30/05/2009,6.49,23.57,9.4,13.23,0,37.39
31/05/2009,6.49,23.57,9.4,13.23,0,37.39
01/06/2009,6.95,26.54,8.91,11.59,0,37.39
02/06/2009,6.95,26.54,8.91,11.59,0,37.39
03/06/2009,6.95,26.54,8.91,11.59,0,37.39
04/06/2009,6.95,26.54,8.91,11.59,0,37.39
05/06/2009,6.95,26.54,8.91,11.59,0,37.39
06/06/2009,6.95,26.54,8.91,11.59,0,37.39
07/06/2009,6.95,26.54,8.91,11.59,0,37.39
08/06/2009,6.95,26.54,8.91,11.59,0,37.39
09/06/2009,6.95,26.54,8.91,11.59,0,37.39
10/06/2009,6.95,26.54,8.91,11.59,0,37.39
11/06/2009,6.95,26.54,8.91,11.59,0,37.39
12/06/2009,6.95,26.54,8.91,11.59,0,37.39
13/06/2009,6.95,26.54,8.91,11.59,0,37.39
14/06/2009,6.95,26.54,8.91,11.59,0,37.39
15/06/2009,6.95,26.54,8.91,11.59,0,37.39
16/06/2009,6.95,26.54,8.91,11.59,0,37.39
17/06/2009,6.95,26.54,8.91,11.59,0,37.39
18/06/2009,6.95,26.54,8.91,11.59,0,37.39
19/06/2009,6.95,26.54,8.91,11.59,0,37.39
20/06/2009,6.95,26.54,8.91,11.59,0,37.39
21/06/2009,6.95,26.54,8.91,11.59,0,37.39
22/06/2009,6.95,26.54,8.91,11.59,0,37.39
23/06/2009,6.95,26.54,8.91,11.59,0,37.39
24/06/2009,6.95,26.54,8.91,11.59,0,37.39
25/06/2009,6.95,26.54,8.91,11.59,0,37.39
26/06/2009,6.95,26.54,8.91,11.59,0,37.39
27/06/2009,6.95,26.54,8.91,11.59,0,37.39
28/06/2009,6.95,26.54,8.91,11.59,0,37.39
29/06/2009,6.95,26.54,8.91,11.59,0,37.39
30/06/2009,6.95,26.54,8.91,11.59,0,37.39
01/07/2009,6.93,24.82,7.77,11.97,0,37.45
02/07/2009,6.93,24.82,7.77,11.97,0,37.45
03/07/2009,6.93,24.82,7.77,11.97,0,37.45
04/07/2009,6.93,24.82,7.77,11.97,0,37.45
05/07/2009,6.93,24.82,7.77,11.97,0,37.45
06/07/2009,6.93,24.82,7.77,11.97,0,37.45
07/07/2009,6.93,24.82,7.77,11.97,0,37.45
08/07/2009,6.93,24.82,7.77,11.97,0,37.45
09/07/2009,6.93,24.82,7.77,11.97,0,37.45
10/07/2009,6.93,24.82,7.77,11.97,0,37.45
11/07/2009,6.93,24.82,7.77,11.97,0,37.45
12/07/2009,6.93,24.82,7.77,11.97,0,37.45
13/07/2009,6.93,24.82,7.77,11.97,0,37.45
14/07/2009,6.93,24.82,7.77,11.97,0,37.45
15/07/2009,6.93,24.82,7.77,11.97,0,37.45
16/07/2009,6.93,24.82,7.77,11.97,0,37.45
17/07/2009,6.93,24.82,7.77,11.97,0,37.45
18/07/2009,6.93,24.82,7.77,11.97,0,37.45
19/07/2009,6.93,24.82,7.77,11.97,0,37.45
20/07/2009,6.93,24.82,7.77,11.97,0,37.45
21/07/2009,6.93,24.82,7.77,11.97,0,37.45
22/07/2009,6.93,24.82,7.77,11.97,0,37.45
23/07/2009,6.93,24.82,7.77,11.97,0,37.45
24/07/2009,6.93,24.82,7.77,11.97,0,37.45
25/07/2009,6.93,24.82,7.77,11.97,0,37.45
26/07/2009,6.93,24.82,7.77,11.97,0,37.45
27/07/2009,6.93,24.82,7.77,11.97,0,37.45
28/07/2009,6.93,24.82,7.77,11.97,0,37.45
29/07/2009,6.93,24.82,7.77,11.97,0,37.45
30/07/2009,6.93,24.82,7.77,11.97,0,37.45
31/07/2009,6.93,24.82,7.77,11.97,0,37.45
01/08/2009,6.92,27.69,7.77,12.67,0,37.45
02/08/2009,6.92,27.69,7.77,12.67,0,37.45
03/08/2009,6.92,27.69,7.77,12.67,0,37.45
04/08/2009,6.92,27.69,7.77,12.67,0,37.45
05/08/2009,6.92,27.69,7.77,12.67,0,37.45
06/08/2009,6.92,27.69,7.77,12.67,0,37.45
07/08/2009,6.92,27.69,7.77,12.67,0,37.45
08/08/2009,6.92,27.69,7.77,12.67,0,37.45
09/08/2009,6.92,27.69,7.77,12.67,0,37.45
10/08/2009,6.92,27.69,7.77,12.67,0,37.45
11/08/2009,6.92,27.69,7.77,12.67,0,37.45
12/08/2009,6.92,27.69,7.77,12.67,0,37.45
13/08/2009,6.92,27.69,7.77,12.67,0,37.45
14/08/2009,6.92,27.69,7.77,12.67,0,37.45
15/08/2009,6.92,27.69,7.77,12.67,0,37.45
16/08/2009,6.92,27.69,7.77,12.67,0,37.45
17/08/2009,6.92,27.69,7.77,12.67,0,37.45
18/08/2009,6.92,27.69,7.77,12.67,0,37.45
19/08/2009,6.92,27.69,7.77,12.67,0,37.45
20/08/2009,6.92,27.69,7.77,12.67,0,37.45
21/08/2009,6.92,27.69,7.77,12.67,0,37.45
22/08/2009,6.92,27.69,7.77,12.67,0,37.45
23/08/2009,6.92,27.69,7.77,12.67,0,37.45
24/08/2009,6.92,27.69,7.77,12.67,0,37.45
25/08/2009,6.92,27.69,7.77,12.67,0,37.45
26/08/2009,6.92,27.69,7.77,12.67,0,37.45
27/08/2009,6.92,27.69,7.77,12.67,0,37.45
28/08/2009,6.92,27.69,7.77,12.67,0,37.45
29/08/2009,6.92,27.69,7.77,12.67,0,37.45
30/08/2009,6.92,27.69,7.77,12.67,0,37.45
31/08/2009,6.92,27.69,7.77,12.67,0,37.45
01/09/2009,6.49,26.1,8.3,12.69,0,37.45
02/09/2009,6.49,26.1,8.3,12.69,0,37.45
03/09/2009,6.49,26.1,8.3,12.69,0,37.45
04/09/2009,6.49,26.1,8.3,12.69,0,37.45
05/09/2009,6.49,26.1,8.3,12.69,0,37.45
06/09/2009,6.49,26.1,8.3,12.69,0,37.45
07/09/2009,6.49,26.1,8.3,12.69,0,37.45
08/09/2009,6.49,26.1,8.3,12.69,0,37.45
09/09/2009,6.49,26.1,8.3,12.69,0,37.45
10/09/2009,6.49,26.1,8.3,12.69,0,37.45
11/09/2009,6.49,26.1,8.3,12.69,0,37.45
12/09/2009,6.49,26.1,8.3,12.69,0,37.45
13/09/2009,6.49,26.1,8.3,12.69,0,37.45
14/09/2009,6.49,26.1,8.3,12.69,0,37.45
15/09/2009,6.49,26.1,8.3,12.69,0,37.45
16/09/2009,6.49,26.1,8.3,12.69,0,37.45
17/09/2009,6.49,26.1,8.3,12.69,0,37.45
18/09/2009,6.49,26.1,8.3,12.69,0,37.45
19/09/2009,6.49,26.1,8.3,12.69,0,37.45
20/09/2009,6.49,26.1,8.3,12.69,0,37.45
21/09/2009,6.49,26.1,8.3,12.69,0,37.45
22/09/2009,6.49,26.1,8.3,12.69,0,37.45
23/09/2009,6.49,26.1,8.3,12.69,0,37.45
24/09/2009,6.49,26.1,8.3,12.69,0,37.45
25/09/2009,6.49,26.1,8.3,12.69,0,37.45
26/09/2009,6.49,26.1,8.3,12.69,0,37.45
27/09/2009,6.49,26.1,8.3,12.69,0,37.45
28/09/2009,6.49,26.1,8.3,12.69,0,37.45
29/09/2009,6.49,26.1,8.3,12.69,0,37.45
30/09/2009,6.49,26.1,8.3,12.69,0,37.45
01/10/2009,6.92,28.31,11.34,12.87,0,39.98
02/10/2009,6.92,28.31,11.34,12.87,0,39.98
03/10/2009,6.92,28.31,11.34,12.87,0,39.98
04/10/2009,6.92,28.31,11.34,12.87,0,39.98
05/10/2009,6.92,28.31,11.34,12.87,0,39.98
06/10/2009,6.92,28.31,11.34,12.87,0,39.98
07/10/2009,6.92,28.31,11.34,12.87,0,39.98
08/10/2009,6.92,28.31,11.34,12.87,0,39.98
09/10/2009,6.92,28.31,11.34,12.87,0,39.98
10/10/2009,6.92,28.31,11.34,12.87,0,39.98
11/10/2009,6.92,28.31,11.34,12.87,0,39.98
12/10/2009,6.92,28.31,11.34,12.87,0,39.98
13/10/2009,6.92,28.31,11.34,12.87,0,39.98
14/10/2009,6.92,28.31,11.34,12.87,0,39.98
15/10/2009,6.92,28.31,11.34,12.87,0,39.98
16/10/2009,6.92,28.31,11.34,12.87,0,39.98
17/10/2009,6.92,28.31,11.34,12.87,0,39.98
18/10/2009,6.92,28.31,11.34,12.87,0,39.98
19/10/2009,6.92,28.31,11.34,12.87,0,39.98
20/10/2009,6.92,28.31,11.34,12.87,0,39.98
21/10/2009,6.92,28.31,11.34,12.87,0,39.98
22/10/2009,6.92,28.31,11.34,12.87,0,39.98
23/10/2009,6.92,28.31,11.34,12.87,0,39.98
24/10/2009,6.92,28.31,11.34,12.87,0,39.98
25/10/2009,6.92,28.31,11.34,12.87,0,39.98
26/10/2009,6.92,28.31,11.34,12.87,0,39.98
27/10/2009,6.92,28.31,11.34,12.87,0,39.98
28/10/2009,6.92,28.31,11.34,12.87,0,39.98
29/10/2009,6.92,28.31,11.34,12.87,0,39.98
30/10/2009,6.92,28.31,11.34,12.87,0,39.98
31/10/2009,6.92,28.31,11.34,12.87,0,39.98
01/11/2009,7.39,29.05,10.45,12.15,0,39.98
02/11/2009,7.39,29.05,10.45,12.15,0,39.98
03/11/2009,7.39,29.05,10.45,12.15,0,39.98
04/11/2009,7.39,29.05,10.45,12.15,0,39.98
05/11/2009,7.39,29.05,10.45,12.15,0,39.98
06/11/2009,7.39,29.05,10.45,12.15,0,39.98
07/11/2009,7.39,29.05,10.45,12.15,0,39.98
08/11/2009,7.39,29.05,10.45,12.15,0,39.98
09/11/2009,7.39,29.05,10.45,12.15,0,39.98
10/11/2009,7.39,29.05,10.45,12.15,0,39.98
11/11/2009,7.39,29.05,10.45,12.15,0,39.98
12/11/2009,7.39,29.05,10.45,12.15,0,39.98
13/11/2009,7.39,29.05,10.45,12.15,0,39.98
14/11/2009,7.39,29.05,10.45,12.15,0,39.98
15/11/2009,7.39,29.05,10.45,12.15,0,39.98
16/11/2009,7.39,29.05,10.45,12.15,0,39.98
17/11/2009,7.39,29.05,10.45,12.15,0,39.98
18/11/2009,7.39,29.05,10.45,12.15,0,39.98
19/11/2009,7.39,29.05,10.45,12.15,0,39.98
20/11/2009,7.39,29.05,10.45,12.15,0,39.98
21/11/2009,7.39,29.05,10.45,12.15,0,39.98
22/11/2009,7.39,29.05,10.45,12.15,0,39.98
23/11/2009,7.39,29.05,10.45,12.15,0,39.98
24/11/2009,7.39,29.05,10.45,12.15,0,39.98
25/11/2009,7.39,29.05,10.45,12.15,0,39.98
26/11/2009,7.39,29.05,10.45,12.15,0,39.98
27/11/2009,7.39,29.05,10.45,12.15,0,39.98
28/11/2009,7.39,29.05,10.45,12.15,0,39.98
29/11/2009,7.39,29.05,10.45,12.15,0,39.98
30/11/2009,7.39,29.05,10.45,12.15,0,39.98
01/12/2009,7.92,28.92,10.68,12.24,0,39.98
02/12/2009,7.92,28.92,10.68,12.24,0,39.98
03/12/2009,7.92,28.92,10.68,12.24,0,39.98
04/12/2009,7.92,28.92,10.68,12.24,0,39.98
05/12/2009,7.92,28.92,10.68,12.24,0,39.98
06/12/2009,7.92,28.92,10.68,12.24,0,39.98
07/12/2009,7.92,28.92,10.68,12.24,0,39.98
08/12/2009,7.92,28.92,10.68,12.24,0,39.98
09/12/2009,7.92,28.92,10.68,12.24,0,39.98
10/12/2009,7.92,28.92,10.68,12.24,0,39.98
11/12/2009,7.92,28.92,10.68,12.24,0,39.98
12/12/2009,7.92,28.92,10.68,12.24,0,39.98
13/12/2009,7.92,28.92,10.68,12.24,0,39.98
14/12/2009,7.92,28.92,10.68,12.24,0,39.98
15/12/2009,7.92,28.92,10.68,12.24,0,39.98
16/12/2009,7.92,28.92,10.68,12.24,0,39.98
17/12/2009,7.92,28.92,10.68,12.24,0,39.98
18/12/2009,7.92,28.92,10.68,12.24,0,39.98
19/12/2009,7.92,28.92,10.68,12.24,0,39.98
20/12/2009,7.92,28.92,10.68,12.24,0,39.98
21/12/2009,7.92,28.92,10.68,12.24,0,39.98
22/12/2009,7.92,28.92,10.68,12.24,0,39.98
23/12/2009,7.92,28.92,10.68,12.24,0,39.98
24/12/2009,7.92,28.92,10.68,12.24,0,39.98
25/12/2009,7.92,28.92,10.68,12.24,0,39.98
26/12/2009,7.92,28.92,10.68,12.24,0,39.98
27/12/2009,7.92,28.92,10.68,12.24,0,39.98
28/12/2009,7.92,28.92,10.68,12.24,0,39.98
29/12/2009,7.92,28.92,10.68,12.24,0,39.98
30/12/2009,7.92,28.92,10.68,12.24,0,39.98
31/12/2009,7.92,28.92,10.68,12.24,0,39.98
01/01/2010,9.32,29.74,12.19,11.58,0,39.4
02/01/2010,9.32,29.74,12.19,11.58,0,39.4
03/01/2010,9.32,29.74,12.19,11.58,0,39.4
04/01/2010,9.32,29.74,12.19,11.58,0,39.4
05/01/2010,9.32,29.74,12.19,11.58,0,39.4
06/01/2010,9.32,29.74,12.19,11.58,0,39.4
07/01/2010,9.32,29.74,12.19,11.58,0,39.4
08/01/2010,9.32,29.74,12.19,11.58,0,39.4
09/01/2010,9.32,29.74,12.19,11.58,0,39.4
10/01/2010,9.32,29.74,12.19,11.58,0,39.4
11/01/2010,9.32,29.74,12.19,11.58,0,39.4
12/01/2010,9.32,29.74,12.19,11.58,0,39.4
13/01/2010,9.32,29.74,12.19,11.58,0,39.4
14/01/2010,9.32,29.74,12.19,11.58,0,39.4
15/01/2010,9.32,29.74,12.19,11.58,0,39.4
16/01/2010,9.32,29.74,12.19,11.58,0,39.4
17/01/2010,9.32,29.74,12.19,11.58,0,39.4
18/01/2010,9.32,29.74,12.19,11.58,0,39.4
19/01/2010,9.32,29.74,12.19,11.58,0,39.4
20/01/2010,9.32,29.74,12.19,11.58,0,39.4
21/01/2010,9.32,29.74,12.19,11.58,0,39.4
22/01/2010,9.32,29.74,12.19,11.58,0,39.4
23/01/2010,9.32,29.74,12.19,11.58,0,39.4
24/01/2010,9.32,29.74,12.19,11.58,0,39.4
25/01/2010,9.32,29.74,12.19,11.58,0,39.4
26/01/2010,9.32,29.74,12.19,11.58,0,39.4
27/01/2010,9.32,29.74,12.19,11.58,0,39.4
28/01/2010,9.32,29.74,12.19,11.58,0,39.4
29/01/2010,9.32,29.74,12.19,11.58,0,39.4
30/01/2010,9.32,29.74,12.19,11.58,0,39.4
31/01/2010,9.32,29.74,12.19,11.58,0,39.4
01/02/2010,9.23,29.78,11.65,11.4,0,39.4
02/02/2010,9.23,29.78,11.65,11.4,0,39.4
03/02/2010,9.23,29.78,11.65,11.4,0,39.4
04/02/2010,9.23,29.78,11.65,11.4,0,39.4
05/02/2010,9.23,29.78,11.65,11.4,0,39.4
06/02/2010,9.23,29.78,11.65,11.4,0,39.4
07/02/2010,9.23,29.78,11.65,11.4,0,39.4
08/02/2010,9.23,29.78,11.65,11.4,0,39.4
09/02/2010,9.23,29.78,11.65,11.4,0,39.4
10/02/2010,9.23,29.78,11.65,11.4,0,39.4
11/02/2010,9.23,29.78,11.65,11.4,0,39.4
12/02/2010,9.23,29.78,11.65,11.4,0,39.4
13/02/2010,9.23,29.78,11.65,11.4,0,39.4
14/02/2010,9.23,29.78,11.65,11.4,0,39.4
15/02/2010,9.23,29.78,11.65,11.4,0,39.4
16/02/2010,9.23,29.78,11.65,11.4,0,39.4
17/02/2010,9.23,29.78,11.65,11.4,0,39.4
18/02/2010,9.23,29.78,11.65,11.4,0,39.4
19/02/2010,9.23,29.78,11.65,11.4,0,39.4
20/02/2010,9.23,29.78,11.65,11.4,0,39.4
21/02/2010,9.23,29.78,11.65,11.4,0,39.4
22/02/2010,9.23,29.78,11.65,11.4,0,39.4
23/02/2010,9.23,29.78,11.65,11.4,0,39.4
24/02/2010,9.23,29.78,11.65,11.4,0,39.4
25/02/2010,9.23,29.78,11.65,11.4,0,39.4
26/02/2010,9.23,29.78,11.65,11.4,0,39.4
27/02/2010,9.23,29.78,11.65,11.4,0,39.4
28/02/2010,9.23,29.78,11.65,11.4,0,39.4
01/03/2010,9.85,33.06,10.25,11.77,0,39.4
02/03/2010,9.85,33.06,10.25,11.77,0,39.4
03/03/2010,9.85,33.06,10.25,11.77,0,39.4
04/03/2010,9.85,33.06,10.25,11.77,0,39.4
05/03/2010,9.85,33.06,10.25,11.77,0,39.4
06/03/2010,9.85,33.06,10.25,11.77,0,39.4
07/03/2010,9.85,33.06,10.25,11.77,0,39.4
08/03/2010,9.85,33.06,10.25,11.77,0,39.4
09/03/2010,9.85,33.06,10.25,11.77,0,39.4
10/03/2010,9.85,33.06,10.25,11.77,0,39.4
11/03/2010,9.85,33.06,10.25,11.77,0,39.4
12/03/2010,9.85,33.06,10.25,11.77,0,39.4
13/03/2010,9.85,33.06,10.25,11.77,0,39.4
14/03/2010,9.85,33.06,10.25,11.77,0,39.4
15/03/2010,9.85,33.06,10.25,11.77,0,39.4
16/03/2010,9.85,33.06,10.25,11.77,0,39.4
17/03/2010,9.85,33.06,10.25,11.77,0,39.4
18/03/2010,9.85,33.06,10.25,11.77,0,39.4
19/03/2010,9.85,33.06,10.25,11.77,0,39.4
20/03/2010,9.85,33.06,10.25,11.77,0,39.4
21/03/2010,9.85,33.06,10.25,11.77,0,39.4
22/03/2010,9.85,33.06,10.25,11.77,0,39.4
23/03/2010,9.85,33.06,10.25,11.77,0,39.4
24/03/2010,9.85,33.06,10.25,11.77,0,39.4
25/03/2010,9.85,33.06,10.25,11.77,0,39.4
26/03/2010,9.85,33.06,10.25,11.77,0,39.4
27/03/2010,9.85,33.06,10.25,11.77,0,39.4
28/03/2010,9.85,33.06,10.25,11.77,0,39.4
29/03/2010,9.85,33.06,10.25,11.77,0,39.4
30/03/2010,9.85,33.06,10.25,11.77,0,39.4
31/03/2010,9.85,33.06,10.25,11.77,0,39.4
01/04/2010,10.16,34.82,10.67,12.38,0,36.84
02/04/2010,10.16,34.82,10.67,12.38,0,36.84
03/04/2010,10.16,34.82,10.67,12.38,0,36.84
04/04/2010,10.16,34.82,10.67,12.38,0,36.84
05/04/2010,10.16,34.82,10.67,12.38,0,36.84
06/04/2010,10.16,34.82,10.67,12.38,0,36.84
07/04/2010,10.16,34.82,10.67,12.38,0,36.84
08/04/2010,10.16,34.82,10.67,12.38,0,36.84
09/04/2010,10.16,34.82,10.67,12.38,0,36.84
10/04/2010,10.16,34.82,10.67,12.38,0,36.84
11/04/2010,10.16,34.82,10.67,12.38,0,36.84
12/04/2010,10.16,34.82,10.67,12.38,0,36.84
13/04/2010,10.16,34.82,10.67,12.38,0,36.84
14/04/2010,10.16,34.82,10.67,12.38,0,36.84
15/04/2010,10.16,34.82,10.67,12.38,0,36.84
16/04/2010,10.16,34.82,10.67,12.38,0,36.84
17/04/2010,10.16,34.82,10.67,12.38,0,36.84
18/04/2010,10.16,34.82,10.67,12.38,0,36.84
19/04/2010,10.16,34.82,10.67,12.38,0,36.84
20/04/2010,10.16,34.82,10.67,12.38,0,36.84
21/04/2010,10.16,34.82,10.67,12.38,0,36.84
22/04/2010,10.16,34.82,10.67,12.38,0,36.84
23/04/2010,10.16,34.82,10.67,12.38,0,36.84
24/04/2010,10.16,34.82,10.67,12.38,0,36.84
25/04/2010,10.16,34.82,10.67,12.38,0,36.84
26/04/2010,10.16,34.82,10.67,12.38,0,36.84
27/04/2010,10.16,34.82,10.67,12.38,0,36.84
28/04/2010,10.16,34.82,10.67,12.38,0,36.84
29/04/2010,10.16,34.82,10.67,12.38,0,36.84
30/04/2010,10.16,34.82,10.67,12.38,0,36.84
01/05/2010,10.88,32.58,12.85,13.29,0,36.84
02/05/2010,10.88,32.58,12.85,13.29,0,36.84
03/05/2010,10.88,32.58,12.85,13.29,0,36.84
04/05/2010,10.88,32.58,12.85,13.29,0,36.84
05/05/2010,10.88,32.58,12.85,13.29,0,36.84
06/05/2010,10.88,32.58,12.85,13.29,0,36.84
07/05/2010,10.88,32.58,12.85,13.29,0,36.84
08/05/2010,10.88,32.58,12.85,13.29,0,36.84
09/05/2010,10.88,32.58,12.85,13.29,0,36.84
10/05/2010,10.88,32.58,12.85,13.29,0,36.84
11/05/2010,10.88,32.58,12.85,13.29,0,36.84
12/05/2010,10.88,32.58,12.85,13.29,0,36.84
13/05/2010,10.88,32.58,12.85,13.29,0,36.84
14/05/2010,10.88,32.58,12.85,13.29,0,36.84
15/05/2010,10.88,32.58,12.85,13.29,0,36.84
16/05/2010,10.88,32.58,12.85,13.29,0,36.84
17/05/2010,10.88,32.58,12.85,13.29,0,36.84
18/05/2010,10.88,32.58,12.85,13.29,0,36.84
19/05/2010,10.88,32.58,12.85,13.29,0,36.84
20/05/2010,10.88,32.58,12.85,13.29,0,36.84
21/05/2010,10.88,32.58,12.85,13.29,0,36.84
22/05/2010,10.88,32.58,12.85,13.29,0,36.84
23/05/2010,10.88,32.58,12.85,13.29,0,36.84
24/05/2010,10.88,32.58,12.85,13.29,0,36.84
25/05/2010,10.88,32.58,12.85,13.29,0,36.84
26/05/2010,10.88,32.58,12.85,13.29,0,36.84
27/05/2010,10.88,32.58,12.85,13.29,0,36.84
28/05/2010,10.88,32.58,12.85,13.29,0,36.84
29/05/2010,10.88,32.58,12.85,13.29,0,36.84
30/05/2010,10.88,32.58,12.85,13.29,0,36.84
31/05/2010,10.88,32.58,12.85,13.29,0,36.84
01/06/2010,10.57,31.99,14.42,12.83,0,36.84
02/06/2010,10.57,31.99,14.42,12.83,0,36.84
03/06/2010,10.57,31.99,14.42,12.83,0,36.84
04/06/2010,10.57,31.99,14.42,12.83,0,36.84
05/06/2010,10.57,31.99,14.42,12.83,0,36.84
06/06/2010,10.57,31.99,14.42,12.83,0,36.84
07/06/2010,10.57,31.99,14.42,12.83,0,36.84
08/06/2010,10.57,31.99,14.42,12.83,0,36.84
09/06/2010,10.57,31.99,14.42,12.83,0,36.84
10/06/2010,10.57,31.99,14.42,12.83,0,36.84
11/06/2010,10.57,31.99,14.42,12.83,0,36.84
12/06/2010,10.57,31.99,14.42,12.83,0,36.84
13/06/2010,10.57,31.99,14.42,12.83,0,36.84
14/06/2010,10.57,31.99,14.42,12.83,0,36.84
15/06/2010,10.57,31.99,14.42,12.83,0,36.84
16/06/2010,10.57,31.99,14.42,12.83,0,36.84
17/06/2010,10.57,31.99,14.42,12.83,0,36.84
18/06/2010,10.57,31.99,14.42,12.83,0,36.84
19/06/2010,10.57,31.99,14.42,12.83,0,36.84
20/06/2010,10.57,31.99,14.42,12.83,0,36.84
21/06/2010,10.57,31.99,14.42,12.83,0,36.84
22/06/2010,10.57,31.99,14.42,12.83,0,36.84
23/06/2010,10.57,31.99,14.42,12.83,0,36.84
24/06/2010,10.57,31.99,14.42,12.83,0,36.84
25/06/2010,10.57,31.99,14.42,12.83,0,36.84
26/06/2010,10.57,31.99,14.42,12.83,0,36.84
27/06/2010,10.57,31.99,14.42,12.83,0,36.84
28/06/2010,10.57,31.99,14.42,12.83,0,36.84
29/06/2010,10.57,31.99,14.42,12.83,0,36.84
30/06/2010,10.57,31.99,14.42,12.83,0,36.84
01/07/2010,9.92,31.18,15.44,12.02,0,36.52
02/07/2010,9.92,31.18,15.44,12.02,0,36.52
03/07/2010,9.92,31.18,15.44,12.02,0,36.52
04/07/2010,9.92,31.18,15.44,12.02,0,36.52
05/07/2010,9.92,31.18,15.44,12.02,0,36.52
06/07/2010,9.92,31.18,15.44,12.02,0,36.52
07/07/2010,9.92,31.18,15.44,12.02,0,36.52
08/07/2010,9.92,31.18,15.44,12.02,0,36.52
09/07/2010,9.92,31.18,15.44,12.02,0,36.52
10/07/2010,9.92,31.18,15.44,12.02,0,36.52
11/07/2010,9.92,31.18,15.44,12.02,0,36.52
12/07/2010,9.92,31.18,15.44,12.02,0,36.52
13/07/2010,9.92,31.18,15.44,12.02,0,36.52
14/07/2010,9.92,31.18,15.44,12.02,0,36.52
15/07/2010,9.92,31.18,15.44,12.02,0,36.52
16/07/2010,9.92,31.18,15.44,12.02,0,36.52
17/07/2010,9.92,31.18,15.44,12.02,0,36.52
18/07/2010,9.92,31.18,15.44,12.02,0,36.52
19/07/2010,9.92,31.18,15.44,12.02,0,36.52
20/07/2010,9.92,31.18,15.44,12.02,0,36.52
21/07/2010,9.92,31.18,15.44,12.02,0,36.52
22/07/2010,9.92,31.18,15.44,12.02,0,36.52
23/07/2010,9.92,31.18,15.44,12.02,0,36.52
24/07/2010,9.92,31.18,15.44,12.02,0,36.52
25/07/2010,9.92,31.18,15.44,12.02,0,36.52
26/07/2010,9.92,31.18,15.44,12.02,0,36.52
27/07/2010,9.92,31.18,15.44,12.02,0,36.52
28/07/2010,9.92,31.18,15.44,12.02,0,36.52
29/07/2010,9.92,31.18,15.44,12.02,0,36.52
30/07/2010,9.92,31.18,15.44,12.02,0,36.52
31/07/2010,9.92,31.18,15.44,12.02,0,36.52
01/08/2010,9.05,30.98,13.45,12.11,0,36.52
02/08/2010,9.05,30.98,13.45,12.11,0,36.52
03/08/2010,9.05,30.98,13.45,12.11,0,36.52
04/08/2010,9.05,30.98,13.45,12.11,0,36.52
05/08/2010,9.05,30.98,13.45,12.11,0,36.52
06/08/2010,9.05,30.98,13.45,12.11,0,36.52
07/08/2010,9.05,30.98,13.45,12.11,0,36.52
08/08/2010,9.05,30.98,13.45,12.11,0,36.52
09/08/2010,9.05,30.98,13.45,12.11,0,36.52
10/08/2010,9.05,30.98,13.45,12.11,0,36.52
11/08/2010,9.05,30.98,13.45,12.11,0,36.52
12/08/2010,9.05,30.98,13.45,12.11,0,36.52
13/08/2010,9.05,30.98,13.45,12.11,0,36.52
14/08/2010,9.05,30.98,13.45,12.11,0,36.52
15/08/2010,9.05,30.98,13.45,12.11,0,36.52
16/08/2010,9.05,30.98,13.45,12.11,0,36.52
17/08/2010,9.05,30.98,13.45,12.11,0,36.52
18/08/2010,9.05,30.98,13.45,12.11,0,36.52
19/08/2010,9.05,30.98,13.45,12.11,0,36.52
20/08/2010,9.05,30.98,13.45,12.11,0,36.52
21/08/2010,9.05,30.98,13.45,12.11,0,36.52
22/08/2010,9.05,30.98,13.45,12.11,0,36.52
23/08/2010,9.05,30.98,13.45,12.11,0,36.52
24/08/2010,9.05,30.98,13.45,12.11,0,36.52
25/08/2010,9.05,30.98,13.45,12.11,0,36.52
26/08/2010,9.05,30.98,13.45,12.11,0,36.52
27/08/2010,9.05,30.98,13.45,12.11,0,36.52
28/08/2010,9.05,30.98,13.45,12.11,0,36.52
29/08/2010,9.05,30.98,13.45,12.11,0,36.52
30/08/2010,9.05,30.98,13.45,12.11,0,36.52
31/08/2010,9.05,30.98,13.45,12.11,0,36.52
01/09/2010,9.49,31.5,14.73,12.9,0,36.52
02/09/2010,9.49,31.5,14.73,12.9,0,36.52
03/09/2010,9.49,31.5,14.73,12.9,0,36.52
04/09/2010,9.49,31.5,14.73,12.9,0,36.52
05/09/2010,9.49,31.5,14.73,12.9,0,36.52
06/09/2010,9.49,31.5,14.73,12.9,0,36.52
07/09/2010,9.49,31.5,14.73,12.9,0,36.52
08/09/2010,9.49,31.5,14.73,12.9,0,36.52
09/09/2010,9.49,31.5,14.73,12.9,0,36.52
10/09/2010,9.49,31.5,14.73,12.9,0,36.52
11/09/2010,9.49,31.5,14.73,12.9,0,36.52
12/09/2010,9.49,31.5,14.73,12.9,0,36.52
13/09/2010,9.49,31.5,14.73,12.9,0,36.52
14/09/2010,9.49,31.5,14.73,12.9,0,36.52
15/09/2010,9.49,31.5,14.73,12.9,0,36.52
16/09/2010,9.49,31.5,14.73,12.9,0,36.52
17/09/2010,9.49,31.5,14.73,12.9,0,36.52
18/09/2010,9.49,31.5,14.73,12.9,0,36.52
19/09/2010,9.49,31.5,14.73,12.9,0,36.52
20/09/2010,9.49,31.5,14.73,12.9,0,36.52
21/09/2010,9.49,31.5,14.73,12.9,0,36.52
22/09/2010,9.49,31.5,14.73,12.9,0,36.52
23/09/2010,9.49,31.5,14.73,12.9,0,36.52
24/09/2010,9.49,31.5,14.73,12.9,0,36.52
25/09/2010,9.49,31.5,14.73,12.9,0,36.52
26/09/2010,9.49,31.5,14.73,12.9,0,36.52
27/09/2010,9.49,31.5,14.73,12.9,0,36.52
28/09/2010,9.49,31.5,14.73,12.9,0,36.52
29/09/2010,9.49,31.5,14.73,12.9,0,36.52
30/09/2010,9.49,31.5,14.73,12.9,0,36.52
01/10/2010,9.55,32.91,16.12,13.37,0,38.86
02/10/2010,9.55,32.91,16.12,13.37,0,38.86
03/10/2010,9.55,32.91,16.12,13.37,0,38.86
04/10/2010,9.55,32.91,16.12,13.37,0,38.86
05/10/2010,9.55,32.91,16.12,13.37,0,38.86
06/10/2010,9.55,32.91,16.12,13.37,0,38.86
07/10/2010,9.55,32.91,16.12,13.37,0,38.86
08/10/2010,9.55,32.91,16.12,13.37,0,38.86
09/10/2010,9.55,32.91,16.12,13.37,0,38.86
10/10/2010,9.55,32.91,16.12,13.37,0,38.86
11/10/2010,9.55,32.91,16.12,13.37,0,38.86
12/10/2010,9.55,32.91,16.12,13.37,0,38.86
13/10/2010,9.55,32.91,16.12,13.37,0,38.86
14/10/2010,9.55,32.91,16.12,13.37,0,38.86
15/10/2010,9.55,32.91,16.12,13.37,0,38.86
16/10/2010,9.55,32.91,16.12,13.37,0,38.86
17/10/2010,9.55,32.91,16.12,13.37,0,38.86
18/10/2010,9.55,32.91,16.12,13.37,0,38.86
19/10/2010,9.55,32.91,16.12,13.37,0,38.86
20/10/2010,9.55,32.91,16.12,13.37,0,38.86
21/10/2010,9.55,32.91,16.12,13.37,0,38.86
22/10/2010,9.55,32.91,16.12,13.37,0,38.86
23/10/2010,9.55,32.91,16.12,13.37,0,38.86
24/10/2010,9.55,32.91,16.12,13.37,0,38.86
25/10/2010,9.55,32.91,16.12,13.37,0,38.86
26/10/2010,9.55,32.91,16.12,13.37,0,38.86
27/10/2010,9.55,32.91,16.12,13.37,0,38.86
28/10/2010,9.55,32.91,16.12,13.37,0,38.86
29/10/2010,9.55,32.91,16.12,13.37,0,38.86
30/10/2010,9.55,32.91,16.12,13.37,0,38.86
31/10/2010,9.55,32.91,16.12,13.37,0,38.86
01/11/2010,10.6,33.67,16.8,12.66,0,38.86
02/11/2010,10.6,33.67,16.8,12.66,0,38.86
03/11/2010,10.6,33.67,16.8,12.66,0,38.86
04/11/2010,10.6,33.67,16.8,12.66,0,38.86
05/11/2010,10.6,33.67,16.8,12.66,0,38.86
06/11/2010,10.6,33.67,16.8,12.66,0,38.86
07/11/2010,10.6,33.67,16.8,12.66,0,38.86
08/11/2010,10.6,33.67,16.8,12.66,0,38.86
09/11/2010,10.6,33.67,16.8,12.66,0,38.86
10/11/2010,10.6,33.67,16.8,12.66,0,38.86
11/11/2010,10.6,33.67,16.8,12.66,0,38.86
12/11/2010,10.6,33.67,16.8,12.66,0,38.86
13/11/2010,10.6,33.67,16.8,12.66,0,38.86
14/11/2010,10.6,33.67,16.8,12.66,0,38.86
15/11/2010,10.6,33.67,16.8,12.66,0,38.86
16/11/2010,10.6,33.67,16.8,12.66,0,38.86
17/11/2010,10.6,33.67,16.8,12.66,0,38.86
18/11/2010,10.6,33.67,16.8,12.66,0,38.86
19/11/2010,10.6,33.67,16.8,12.66,0,38.86
20/11/2010,10.6,33.67,16.8,12.66,0,38.86
21/11/2010,10.6,33.67,16.8,12.66,0,38.86
22/11/2010,10.6,33.67,16.8,12.66,0,38.86
23/11/2010,10.6,33.67,16.8,12.66,0,38.86
24/11/2010,10.6,33.67,16.8,12.66,0,38.86
25/11/2010,10.6,33.67,16.8,12.66,0,38.86
26/11/2010,10.6,33.67,16.8,12.66,0,38.86
27/11/2010,10.6,33.67,16.8,12.66,0,38.86
28/11/2010,10.6,33.67,16.8,12.66,0,38.86
29/11/2010,10.6,33.67,16.8,12.66,0,38.86
30/11/2010,10.6,33.67,16.8,12.66,0,38.86
01/12/2010,11.67,37.07,20.12,12.18,0,38.86
02/12/2010,11.67,37.07,20.12,12.18,0,38.86
03/12/2010,11.67,37.07,20.12,12.18,0,38.86
04/12/2010,11.67,37.07,20.12,12.18,0,38.86
05/12/2010,11.67,37.07,20.12,12.18,0,38.86
06/12/2010,11.67,37.07,20.12,12.18,0,38.86
07/12/2010,11.67,37.07,20.12,12.18,0,38.86
08/12/2010,11.67,37.07,20.12,12.18,0,38.86
09/12/2010,11.67,37.07,20.12,12.18,0,38.86
10/12/2010,11.67,37.07,20.12,12.18,0,38.86
11/12/2010,11.67,37.07,20.12,12.18,0,38.86
12/12/2010,11.67,37.07,20.12,12.18,0,38.86
13/12/2010,11.67,37.07,20.12,12.18,0,38.86
14/12/2010,11.67,37.07,20.12,12.18,0,38.86
15/12/2010,11.67,37.07,20.12,12.18,0,38.86
16/12/2010,11.67,37.07,20.12,12.18,0,38.86
17/12/2010,11.67,37.07,20.12,12.18,0,38.86
18/12/2010,11.67,37.07,20.12,12.18,0,38.86
19/12/2010,11.67,37.07,20.12,12.18,0,38.86
20/12/2010,11.67,37.07,20.12,12.18,0,38.86
21/12/2010,11.67,37.07,20.12,12.18,0,38.86
22/12/2010,11.67,37.07,20.12,12.18,0,38.86
23/12/2010,11.67,37.07,20.12,12.18,0,38.86
24/12/2010,11.67,37.07,20.12,12.18,0,38.86
25/12/2010,11.67,37.07,20.12,12.18,0,38.86
26/12/2010,11.67,37.07,20.12,12.18,0,38.86
27/12/2010,11.67,37.07,20.12,12.18,0,38.86
28/12/2010,11.67,37.07,20.12,12.18,0,38.86
29/12/2010,11.67,37.07,20.12,12.18,0,38.86
30/12/2010,11.67,37.07,20.12,12.18,0,38.86
31/12/2010,11.67,37.07,20.12,12.18,0,38.86
01/01/2011,13.21,38.67,19.1,12.28,0,40.8
02/01/2011,13.21,38.67,19.1,12.28,0,40.8
03/01/2011,13.21,38.67,19.1,12.28,0,40.8
04/01/2011,13.21,38.67,19.1,12.28,0,40.8
05/01/2011,13.21,38.67,19.1,12.28,0,40.8
06/01/2011,13.21,38.67,19.1,12.28,0,40.8
07/01/2011,13.21,38.67,19.1,12.28,0,40.8
08/01/2011,13.21,38.67,19.1,12.28,0,40.8
09/01/2011,13.21,38.67,19.1,12.28,0,40.8
10/01/2011,13.21,38.67,19.1,12.28,0,40.8
11/01/2011,13.21,38.67,19.1,12.28,0,40.8
12/01/2011,13.21,38.67,19.1,12.28,0,40.8
13/01/2011,13.21,38.67,19.1,12.28,0,40.8
14/01/2011,13.21,38.67,19.1,12.28,0,40.8
15/01/2011,13.21,38.67,19.1,12.28,0,40.8
16/01/2011,13.21,38.67,19.1,12.28,0,40.8
17/01/2011,13.21,38.67,19.1,12.28,0,40.8
18/01/2011,13.21,38.67,19.1,12.28,0,40.8
19/01/2011,13.21,38.67,19.1,12.28,0,40.8
20/01/2011,13.21,38.67,19.1,12.28,0,40.8
21/01/2011,13.21,38.67,19.1,12.28,0,40.8
22/01/2011,13.21,38.67,19.1,12.28,0,40.8
23/01/2011,13.21,38.67,19.1,12.28,0,40.8
24/01/2011,13.21,38.67,19.1,12.28,0,40.8
25/01/2011,13.21,38.67,19.1,12.28,0,40.8
26/01/2011,13.21,38.67,19.1,12.28,0,40.8
27/01/2011,13.21,38.67,19.1,12.28,0,40.8
28/01/2011,13.21,38.67,19.1,12.28,0,40.8
29/01/2011,13.21,38.67,19.1,12.28,0,40.8
30/01/2011,13.21,38.67,19.1,12.28,0,40.8
31/01/2011,13.21,38.67,19.1,12.28,0,40.8
01/02/2011,12.25,40.55,18.3,12.67,0,40.8
02/02/2011,12.25,40.55,18.3,12.67,0,40.8
03/02/2011,12.25,40.55,18.3,12.67,0,40.8
04/02/2011,12.25,40.55,18.3,12.67,0,40.8
05/02/2011,12.25,40.55,18.3,12.67,0,40.8
06/02/2011,12.25,40.55,18.3,12.67,0,40.8
07/02/2011,12.25,40.55,18.3,12.67,0,40.8
08/02/2011,12.25,40.55,18.3,12.67,0,40.8
09/02/2011,12.25,40.55,18.3,12.67,0,40.8
10/02/2011,12.25,40.55,18.3,12.67,0,40.8
11/02/2011,12.25,40.55,18.3,12.67,0,40.8
12/02/2011,12.25,40.55,18.3,12.67,0,40.8
13/02/2011,12.25,40.55,18.3,12.67,0,40.8
14/02/2011,12.25,40.55,18.3,12.67,0,40.8
15/02/2011,12.25,40.55,18.3,12.67,0,40.8
16/02/2011,12.25,40.55,18.3,12.67,0,40.8
17/02/2011,12.25,40.55,18.3,12.67,0,40.8
18/02/2011,12.25,40.55,18.3,12.67,0,40.8
19/02/2011,12.25,40.55,18.3,12.67,0,40.8
20/02/2011,12.25,40.55,18.3,12.67,0,40.8
21/02/2011,12.25,40.55,18.3,12.67,0,40.8
22/02/2011,12.25,40.55,18.3,12.67,0,40.8
23/02/2011,12.25,40.55,18.3,12.67,0,40.8
24/02/2011,12.25,40.55,18.3,12.67,0,40.8
25/02/2011,12.25,40.55,18.3,12.67,0,40.8
26/02/2011,12.25,40.55,18.3,12.67,0,40.8
27/02/2011,12.25,40.55,18.3,12.67,0,40.8
28/02/2011,12.25,40.55,18.3,12.67,0,40.8
01/03/2011,12.31,44.81,20.64,14.25,0,40.8
02/03/2011,12.31,44.81,20.64,14.25,0,40.8
03/03/2011,12.31,44.81,20.64,14.25,0,40.8
04/03/2011,12.31,44.81,20.64,14.25,0,40.8
05/03/2011,12.31,44.81,20.64,14.25,0,40.8
06/03/2011,12.31,44.81,20.64,14.25,0,40.8
07/03/2011,12.31,44.81,20.64,14.25,0,40.8
08/03/2011,12.31,44.81,20.64,14.25,0,40.8
09/03/2011,12.31,44.81,20.64,14.25,0,40.8
10/03/2011,12.31,44.81,20.64,14.25,0,40.8
11/03/2011,12.31,44.81,20.64,14.25,0,40.8
12/03/2011,12.31,44.81,20.64,14.25,0,40.8
13/03/2011,12.31,44.81,20.64,14.25,0,40.8
14/03/2011,12.31,44.81,20.64,14.25,0,40.8
15/03/2011,12.31,44.81,20.64,14.25,0,40.8
16/03/2011,12.31,44.81,20.64,14.25,0,40.8
17/03/2011,12.31,44.81,20.64,14.25,0,40.8
18/03/2011,12.31,44.81,20.64,14.25,0,40.8
19/03/2011,12.31,44.81,20.64,14.25,0,40.8
20/03/2011,12.31,44.81,20.64,14.25,0,40.8
21/03/2011,12.31,44.81,20.64,14.25,0,40.8
22/03/2011,12.31,44.81,20.64,14.25,0,40.8
23/03/2011,12.31,44.81,20.64,14.25,0,40.8
24/03/2011,12.31,44.81,20.64,14.25,0,40.8
25/03/2011,12.31,44.81,20.64,14.25,0,40.8
26/03/2011,12.31,44.81,20.64,14.25,0,40.8
27/03/2011,12.31,44.81,20.64,14.25,0,40.8
28/03/2011,12.31,44.81,20.64,14.25,0,40.8
29/03/2011,12.31,44.81,20.64,14.25,0,40.8
30/03/2011,12.31,44.81,20.64,14.25,0,40.8
31/03/2011,12.31,44.81,20.64,14.25,0,40.8
01/04/2011,11.76,47.71,20.3,15.01,0,41.14
02/04/2011,11.76,47.71,20.3,15.01,0,41.14
03/04/2011,11.76,47.71,20.3,15.01,0,41.14
04/04/2011,11.76,47.71,20.3,15.01,0,41.14
05/04/2011,11.76,47.71,20.3,15.01,0,41.14
06/04/2011,11.76,47.71,20.3,15.01,0,41.14
07/04/2011,11.76,47.71,20.3,15.01,0,41.14
08/04/2011,11.76,47.71,20.3,15.01,0,41.14
09/04/2011,11.76,47.71,20.3,15.01,0,41.14
10/04/2011,11.76,47.71,20.3,15.01,0,41.14
11/04/2011,11.76,47.71,20.3,15.01,0,41.14
12/04/2011,11.76,47.71,20.3,15.01,0,41.14
13/04/2011,11.76,47.71,20.3,15.01,0,41.14
14/04/2011,11.76,47.71,20.3,15.01,0,41.14
15/04/2011,11.76,47.71,20.3,15.01,0,41.14
16/04/2011,11.76,47.71,20.3,15.01,0,41.14
17/04/2011,11.76,47.71,20.3,15.01,0,41.14
18/04/2011,11.76,47.71,20.3,15.01,0,41.14
19/04/2011,11.76,47.71,20.3,15.01,0,41.14
20/04/2011,11.76,47.71,20.3,15.01,0,41.14
21/04/2011,11.76,47.71,20.3,15.01,0,41.14
22/04/2011,11.76,47.71,20.3,15.01,0,41.14
23/04/2011,11.76,47.71,20.3,15.01,0,41.14
24/04/2011,11.76,47.71,20.3,15.01,0,41.14
25/04/2011,11.76,47.71,20.3,15.01,0,41.14
26/04/2011,11.76,47.71,20.3,15.01,0,41.14
27/04/2011,11.76,47.71,20.3,15.01,0,41.14
28/04/2011,11.76,47.71,20.3,15.01,0,41.14
29/04/2011,11.76,47.71,20.3,15.01,0,41.14
30/04/2011,11.76,47.71,20.3,15.01,0,41.14
01/05/2011,11.58,44.37,19.53,14.69,0,41.14
02/05/2011,11.58,44.37,19.53,14.69,0,41.14
03/05/2011,11.58,44.37,19.53,14.69,0,41.14
04/05/2011,11.58,44.37,19.53,14.69,0,41.14
05/05/2011,11.58,44.37,19.53,14.69,0,41.14
06/05/2011,11.58,44.37,19.53,14.69,0,41.14
07/05/2011,11.58,44.37,19.53,14.69,0,41.14
08/05/2011,11.58,44.37,19.53,14.69,0,41.14
09/05/2011,11.58,44.37,19.53,14.69,0,41.14
10/05/2011,11.58,44.37,19.53,14.69,0,41.14
11/05/2011,11.58,44.37,19.53,14.69,0,41.14
12/05/2011,11.58,44.37,19.53,14.69,0,41.14
13/05/2011,11.58,44.37,19.53,14.69,0,41.14
14/05/2011,11.58,44.37,19.53,14.69,0,41.14
15/05/2011,11.58,44.37,19.53,14.69,0,41.14
16/05/2011,11.58,44.37,19.53,14.69,0,41.14
17/05/2011,11.58,44.37,19.53,14.69,0,41.14
18/05/2011,11.58,44.37,19.53,14.69,0,41.14
19/05/2011,11.58,44.37,19.53,14.69,0,41.14
20/05/2011,11.58,44.37,19.53,14.69,0,41.14
21/05/2011,11.58,44.37,19.53,14.69,0,41.14
22/05/2011,11.58,44.37,19.53,14.69,0,41.14
23/05/2011,11.58,44.37,19.53,14.69,0,41.14
24/05/2011,11.58,44.37,19.53,14.69,0,41.14
25/05/2011,11.58,44.37,19.53,14.69,0,41.14
26/05/2011,11.58,44.37,19.53,14.69,0,41.14
27/05/2011,11.58,44.37,19.53,14.69,0,41.14
28/05/2011,11.58,44.37,19.53,14.69,0,41.14
29/05/2011,11.58,44.37,19.53,14.69,0,41.14
30/05/2011,11.58,44.37,19.53,14.69,0,41.14
31/05/2011,11.58,44.37,19.53,14.69,0,41.14
01/06/2011,11.66,44.22,19.67,13.69,0,41.14
02/06/2011,11.66,44.22,19.67,13.69,0,41.14
03/06/2011,11.66,44.22,19.67,13.69,0,41.14
04/06/2011,11.66,44.22,19.67,13.69,0,41.14
05/06/2011,11.66,44.22,19.67,13.69,0,41.14
06/06/2011,11.66,44.22,19.67,13.69,0,41.14
07/06/2011,11.66,44.22,19.67,13.69,0,41.14
08/06/2011,11.66,44.22,19.67,13.69,0,41.14
09/06/2011,11.66,44.22,19.67,13.69,0,41.14
10/06/2011,11.66,44.22,19.67,13.69,0,41.14
11/06/2011,11.66,44.22,19.67,13.69,0,41.14
12/06/2011,11.66,44.22,19.67,13.69,0,41.14
13/06/2011,11.66,44.22,19.67,13.69,0,41.14
14/06/2011,11.66,44.22,19.67,13.69,0,41.14
15/06/2011,11.66,44.22,19.67,13.69,0,41.14
16/06/2011,11.66,44.22,19.67,13.69,0,41.14
17/06/2011,11.66,44.22,19.67,13.69,0,41.14
18/06/2011,11.66,44.22,19.67,13.69,0,41.14
19/06/2011,11.66,44.22,19.67,13.69,0,41.14
20/06/2011,11.66,44.22,19.67,13.69,0,41.14
21/06/2011,11.66,44.22,19.67,13.69,0,41.14
22/06/2011,11.66,44.22,19.67,13.69,0,41.14
23/06/2011,11.66,44.22,19.67,13.69,0,41.14
24/06/2011,11.66,44.22,19.67,13.69,0,41.14
25/06/2011,11.66,44.22,19.67,13.69,0,41.14
26/06/2011,11.66,44.22,19.67,13.69,0,41.14
27/06/2011,11.66,44.22,19.67,13.69,0,41.14
28/06/2011,11.66,44.22,19.67,13.69,0,41.14
29/06/2011,11.66,44.22,19.67,13.69,0,41.14
30/06/2011,11.66,44.22,19.67,13.69,0,41.14
01/07/2011,11.74,45.55,18.72,11.23,0,40.08
02/07/2011,11.74,45.55,18.72,11.23,0,40.08
03/07/2011,11.74,45.55,18.72,11.23,0,40.08
04/07/2011,11.74,45.55,18.72,11.23,0,40.08
05/07/2011,11.74,45.55,18.72,11.23,0,40.08
06/07/2011,11.74,45.55,18.72,11.23,0,40.08
07/07/2011,11.74,45.55,18.72,11.23,0,40.08
08/07/2011,11.74,45.55,18.72,11.23,0,40.08
09/07/2011,11.74,45.55,18.72,11.23,0,40.08
10/07/2011,11.74,45.55,18.72,11.23,0,40.08
11/07/2011,11.74,45.55,18.72,11.23,0,40.08
12/07/2011,11.74,45.55,18.72,11.23,0,40.08
13/07/2011,11.74,45.55,18.72,11.23,0,40.08
14/07/2011,11.74,45.55,18.72,11.23,0,40.08
15/07/2011,11.74,45.55,18.72,11.23,0,40.08
16/07/2011,11.74,45.55,18.72,11.23,0,40.08
17/07/2011,11.74,45.55,18.72,11.23,0,40.08
18/07/2011,11.74,45.55,18.72,11.23,0,40.08
19/07/2011,11.74,45.55,18.72,11.23,0,40.08
20/07/2011,11.74,45.55,18.72,11.23,0,40.08
21/07/2011,11.74,45.55,18.72,11.23,0,40.08
22/07/2011,11.74,45.55,18.72,11.23,0,40.08
23/07/2011,11.74,45.55,18.72,11.23,0,40.08
24/07/2011,11.74,45.55,18.72,11.23,0,40.08
25/07/2011,11.74,45.55,18.72,11.23,0,40.08
26/07/2011,11.74,45.55,18.72,11.23,0,40.08
27/07/2011,11.74,45.55,18.72,11.23,0,40.08
28/07/2011,11.74,45.55,18.72,11.23,0,40.08
29/07/2011,11.74,45.55,18.72,11.23,0,40.08
30/07/2011,11.74,45.55,18.72,11.23,0,40.08
31/07/2011,11.74,45.55,18.72,11.23,0,40.08
01/08/2011,11.52,42.51,18.13,10.72,0,40.08
02/08/2011,11.52,42.51,18.13,10.72,0,40.08
03/08/2011,11.52,42.51,18.13,10.72,0,40.08
04/08/2011,11.52,42.51,18.13,10.72,0,40.08
05/08/2011,11.52,42.51,18.13,10.72,0,40.08
06/08/2011,11.52,42.51,18.13,10.72,0,40.08
07/08/2011,11.52,42.51,18.13,10.72,0,40.08
08/08/2011,11.52,42.51,18.13,10.72,0,40.08
09/08/2011,11.52,42.51,18.13,10.72,0,40.08
10/08/2011,11.52,42.51,18.13,10.72,0,40.08
11/08/2011,11.52,42.51,18.13,10.72,0,40.08
12/08/2011,11.52,42.51,18.13,10.72,0,40.08
13/08/2011,11.52,42.51,18.13,10.72,0,40.08
14/08/2011,11.52,42.51,18.13,10.72,0,40.08
15/08/2011,11.52,42.51,18.13,10.72,0,40.08
16/08/2011,11.52,42.51,18.13,10.72,0,40.08
17/08/2011,11.52,42.51,18.13,10.72,0,40.08
18/08/2011,11.52,42.51,18.13,10.72,0,40.08
19/08/2011,11.52,42.51,18.13,10.72,0,40.08
20/08/2011,11.52,42.51,18.13,10.72,0,40.08
21/08/2011,11.52,42.51,18.13,10.72,0,40.08
22/08/2011,11.52,42.51,18.13,10.72,0,40.08
23/08/2011,11.52,42.51,18.13,10.72,0,40.08
24/08/2011,11.52,42.51,18.13,10.72,0,40.08
25/08/2011,11.52,42.51,18.13,10.72,0,40.08
26/08/2011,11.52,42.51,18.13,10.72,0,40.08
27/08/2011,11.52,42.51,18.13,10.72,0,40.08
28/08/2011,11.52,42.51,18.13,10.72,0,40.08
29/08/2011,11.52,42.51,18.13,10.72,0,40.08
30/08/2011,11.52,42.51,18.13,10.72,0,40.08
31/08/2011,11.52,42.51,18.13,10.72,0,40.08
01/09/2011,12.21,45.24,21.5,10.34,0,40.08
02/09/2011,12.21,45.24,21.5,10.34,0,40.08
03/09/2011,12.21,45.24,21.5,10.34,0,40.08
04/09/2011,12.21,45.24,21.5,10.34,0,40.08
05/09/2011,12.21,45.24,21.5,10.34,0,40.08
06/09/2011,12.21,45.24,21.5,10.34,0,40.08
07/09/2011,12.21,45.24,21.5,10.34,0,40.08
08/09/2011,12.21,45.24,21.5,10.34,0,40.08
09/09/2011,12.21,45.24,21.5,10.34,0,40.08
10/09/2011,12.21,45.24,21.5,10.34,0,40.08
11/09/2011,12.21,45.24,21.5,10.34,0,40.08
12/09/2011,12.21,45.24,21.5,10.34,0,40.08
13/09/2011,12.21,45.24,21.5,10.34,0,40.08
14/09/2011,12.21,45.24,21.5,10.34,0,40.08
15/09/2011,12.21,45.24,21.5,10.34,0,40.08
16/09/2011,12.21,45.24,21.5,10.34,0,40.08
17/09/2011,12.21,45.24,21.5,10.34,0,40.08
18/09/2011,12.21,45.24,21.5,10.34,0,40.08
19/09/2011,12.21,45.24,21.5,10.34,0,40.08
20/09/2011,12.21,45.24,21.5,10.34,0,40.08
21/09/2011,12.21,45.24,21.5,10.34,0,40.08
22/09/2011,12.21,45.24,21.5,10.34,0,40.08
23/09/2011,12.21,45.24,21.5,10.34,0,40.08
24/09/2011,12.21,45.24,21.5,10.34,0,40.08
25/09/2011,12.21,45.24,21.5,10.34,0,40.08
26/09/2011,12.21,45.24,21.5,10.34,0,40.08
27/09/2011,12.21,45.24,21.5,10.34,0,40.08
28/09/2011,12.21,45.24,21.5,10.34,0,40.08
29/09/2011,12.21,45.24,21.5,10.34,0,40.08
30/09/2011,12.21,45.24,21.5,10.34,0,40.08
01/10/2011,11.97,43.97,22.03,9.03,0,40.21
02/10/2011,11.97,43.97,22.03,9.03,0,40.21
03/10/2011,11.97,43.97,22.03,9.03,0,40.21
04/10/2011,11.97,43.97,22.03,9.03,0,40.21
05/10/2011,11.97,43.97,22.03,9.03,0,40.21
06/10/2011,11.97,43.97,22.03,9.03,0,40.21
07/10/2011,11.97,43.97,22.03,9.03,0,40.21
08/10/2011,11.97,43.97,22.03,9.03,0,40.21
09/10/2011,11.97,43.97,22.03,9.03,0,40.21
10/10/2011,11.97,43.97,22.03,9.03,0,40.21
11/10/2011,11.97,43.97,22.03,9.03,0,40.21
12/10/2011,11.97,43.97,22.03,9.03,0,40.21
13/10/2011,11.97,43.97,22.03,9.03,0,40.21
14/10/2011,11.97,43.97,22.03,9.03,0,40.21
15/10/2011,11.97,43.97,22.03,9.03,0,40.21
16/10/2011,11.97,43.97,22.03,9.03,0,40.21
17/10/2011,11.97,43.97,22.03,9.03,0,40.21
18/10/2011,11.97,43.97,22.03,9.03,0,40.21
19/10/2011,11.97,43.97,22.03,9.03,0,40.21
20/10/2011,11.97,43.97,22.03,9.03,0,40.21
21/10/2011,11.97,43.97,22.03,9.03,0,40.21
22/10/2011,11.97,43.97,22.03,9.03,0,40.21
23/10/2011,11.97,43.97,22.03,9.03,0,40.21
24/10/2011,11.97,43.97,22.03,9.03,0,40.21
25/10/2011,11.97,43.97,22.03,9.03,0,40.21
26/10/2011,11.97,43.97,22.03,9.03,0,40.21
27/10/2011,11.97,43.97,22.03,9.03,0,40.21
28/10/2011,11.97,43.97,22.03,9.03,0,40.21
29/10/2011,11.97,43.97,22.03,9.03,0,40.21
30/10/2011,11.97,43.97,22.03,9.03,0,40.21
31/10/2011,11.97,43.97,22.03,9.03,0,40.21
01/11/2011,11.42,44.1,21.37,7.9,0,40.21
02/11/2011,11.42,44.1,21.37,7.9,0,40.21
03/11/2011,11.42,44.1,21.37,7.9,0,40.21
04/11/2011,11.42,44.1,21.37,7.9,0,40.21
05/11/2011,11.42,44.1,21.37,7.9,0,40.21
06/11/2011,11.42,44.1,21.37,7.9,0,40.21
07/11/2011,11.42,44.1,21.37,7.9,0,40.21
08/11/2011,11.42,44.1,21.37,7.9,0,40.21
09/11/2011,11.42,44.1,21.37,7.9,0,40.21
10/11/2011,11.42,44.1,21.37,7.9,0,40.21
11/11/2011,11.42,44.1,21.37,7.9,0,40.21
12/11/2011,11.42,44.1,21.37,7.9,0,40.21
13/11/2011,11.42,44.1,21.37,7.9,0,40.21
14/11/2011,11.42,44.1,21.37,7.9,0,40.21
15/11/2011,11.42,44.1,21.37,7.9,0,40.21
16/11/2011,11.42,44.1,21.37,7.9,0,40.21
17/11/2011,11.42,44.1,21.37,7.9,0,40.21
18/11/2011,11.42,44.1,21.37,7.9,0,40.21
19/11/2011,11.42,44.1,21.37,7.9,0,40.21
20/11/2011,11.42,44.1,21.37,7.9,0,40.21
21/11/2011,11.42,44.1,21.37,7.9,0,40.21
22/11/2011,11.42,44.1,21.37,7.9,0,40.21
23/11/2011,11.42,44.1,21.37,7.9,0,40.21
24/11/2011,11.42,44.1,21.37,7.9,0,40.21
25/11/2011,11.42,44.1,21.37,7.9,0,40.21
26/11/2011,11.42,44.1,21.37,7.9,0,40.21
27/11/2011,11.42,44.1,21.37,7.9,0,40.21
28/11/2011,11.42,44.1,21.37,7.9,0,40.21
29/11/2011,11.42,44.1,21.37,7.9,0,40.21
30/11/2011,11.42,44.1,21.37,7.9,0,40.21
01/12/2011,11.16,43.7,19.46,6.41,0,40.21
02/12/2011,11.16,43.7,19.46,6.41,0,40.21
03/12/2011,11.16,43.7,19.46,6.41,0,40.21
04/12/2011,11.16,43.7,19.46,6.41,0,40.21
05/12/2011,11.16,43.7,19.46,6.41,0,40.21
06/12/2011,11.16,43.7,19.46,6.41,0,40.21
07/12/2011,11.16,43.7,19.46,6.41,0,40.21
08/12/2011,11.16,43.7,19.46,6.41,0,40.21
09/12/2011,11.16,43.7,19.46,6.41,0,40.21
10/12/2011,11.16,43.7,19.46,6.41,0,40.21
11/12/2011,11.16,43.7,19.46,6.41,0,40.21
12/12/2011,11.16,43.7,19.46,6.41,0,40.21
13/12/2011,11.16,43.7,19.46,6.41,0,40.21
14/12/2011,11.16,43.7,19.46,6.41,0,40.21
15/12/2011,11.16,43.7,19.46,6.41,0,40.21
16/12/2011,11.16,43.7,19.46,6.41,0,40.21
17/12/2011,11.16,43.7,19.46,6.41,0,40.21
18/12/2011,11.16,43.7,19.46,6.41,0,40.21
19/12/2011,11.16,43.7,19.46,6.41,0,40.21
20/12/2011,11.16,43.7,19.46,6.41,0,40.21
21/12/2011,11.16,43.7,19.46,6.41,0,40.21
22/12/2011,11.16,43.7,19.46,6.41,0,40.21
23/12/2011,11.16,43.7,19.46,6.41,0,40.21
24/12/2011,11.16,43.7,19.46,6.41,0,40.21
25/12/2011,11.16,43.7,19.46,6.41,0,40.21
26/12/2011,11.16,43.7,19.46,6.41,0,40.21
27/12/2011,11.16,43.7,19.46,6.41,0,40.21
28/12/2011,11.16,43.7,19.46,6.41,0,40.21
29/12/2011,11.16,43.7,19.46,6.41,0,40.21
30/12/2011,11.16,43.7,19.46,6.41,0,40.21
31/12/2011,11.16,43.7,19.46,6.41,0,40.21
01/01/2012,11.6,44.97,18.52,5.99,0,39.25
02/01/2012,11.6,44.97,18.52,5.99,0,39.25
03/01/2012,11.6,44.97,18.52,5.99,0,39.25
04/01/2012,11.6,44.97,18.52,5.99,0,39.25
05/01/2012,11.6,44.97,18.52,5.99,0,39.25
06/01/2012,11.6,44.97,18.52,5.99,0,39.25
07/01/2012,11.6,44.97,18.52,5.99,0,39.25
08/01/2012,11.6,44.97,18.52,5.99,0,39.25
09/01/2012,11.6,44.97,18.52,5.99,0,39.25
10/01/2012,11.6,44.97,18.52,5.99,0,39.25
11/01/2012,11.6,44.97,18.52,5.99,0,39.25
12/01/2012,11.6,44.97,18.52,5.99,0,39.25
13/01/2012,11.6,44.97,18.52,5.99,0,39.25
14/01/2012,11.6,44.97,18.52,5.99,0,39.25
15/01/2012,11.6,44.97,18.52,5.99,0,39.25
16/01/2012,11.6,44.97,18.52,5.99,0,39.25
17/01/2012,11.6,44.97,18.52,5.99,0,39.25
18/01/2012,11.6,44.97,18.52,5.99,0,39.25
19/01/2012,11.6,44.97,18.52,5.99,0,39.25
20/01/2012,11.6,44.97,18.52,5.99,0,39.25
21/01/2012,11.6,44.97,18.52,5.99,0,39.25
22/01/2012,11.6,44.97,18.52,5.99,0,39.25
23/01/2012,11.6,44.97,18.52,5.99,0,39.25
24/01/2012,11.6,44.97,18.52,5.99,0,39.25
25/01/2012,11.6,44.97,18.52,5.99,0,39.25
26/01/2012,11.6,44.97,18.52,5.99,0,39.25
27/01/2012,11.6,44.97,18.52,5.99,0,39.25
28/01/2012,11.6,44.97,18.52,5.99,0,39.25
29/01/2012,11.6,44.97,18.52,5.99,0,39.25
30/01/2012,11.6,44.97,18.52,5.99,0,39.25
31/01/2012,11.6,44.97,18.52,5.99,0,39.25
01/02/2012,11.64,47.71,20.02,7.27,0,39.25
02/02/2012,11.64,47.71,20.02,7.27,0,39.25
03/02/2012,11.64,47.71,20.02,7.27,0,39.25
04/02/2012,11.64,47.71,20.02,7.27,0,39.25
05/02/2012,11.64,47.71,20.02,7.27,0,39.25
06/02/2012,11.64,47.71,20.02,7.27,0,39.25
07/02/2012,11.64,47.71,20.02,7.27,0,39.25
08/02/2012,11.64,47.71,20.02,7.27,0,39.25
09/02/2012,11.64,47.71,20.02,7.27,0,39.25
10/02/2012,11.64,47.71,20.02,7.27,0,39.25
11/02/2012,11.64,47.71,20.02,7.27,0,39.25
12/02/2012,11.64,47.71,20.02,7.27,0,39.25
13/02/2012,11.64,47.71,20.02,7.27,0,39.25
14/02/2012,11.64,47.71,20.02,7.27,0,39.25
15/02/2012,11.64,47.71,20.02,7.27,0,39.25
16/02/2012,11.64,47.71,20.02,7.27,0,39.25
17/02/2012,11.64,47.71,20.02,7.27,0,39.25
18/02/2012,11.64,47.71,20.02,7.27,0,39.25
19/02/2012,11.64,47.71,20.02,7.27,0,39.25
20/02/2012,11.64,47.71,20.02,7.27,0,39.25
21/02/2012,11.64,47.71,20.02,7.27,0,39.25
22/02/2012,11.64,47.71,20.02,7.27,0,39.25
23/02/2012,11.64,47.71,20.02,7.27,0,39.25
24/02/2012,11.64,47.71,20.02,7.27,0,39.25
25/02/2012,11.64,47.71,20.02,7.27,0,39.25
26/02/2012,11.64,47.71,20.02,7.27,0,39.25
27/02/2012,11.64,47.71,20.02,7.27,0,39.25
28/02/2012,11.64,47.71,20.02,7.27,0,39.25
29/02/2012,11.64,47.71,20.02,7.27,0,39.25
01/03/2012,10.67,50.1,20.24,6.56,0,39.25
02/03/2012,10.67,50.1,20.24,6.56,0,39.25
03/03/2012,10.67,50.1,20.24,6.56,0,39.25
04/03/2012,10.67,50.1,20.24,6.56,0,39.25
05/03/2012,10.67,50.1,20.24,6.56,0,39.25
06/03/2012,10.67,50.1,20.24,6.56,0,39.25
07/03/2012,10.67,50.1,20.24,6.56,0,39.25
08/03/2012,10.67,50.1,20.24,6.56,0,39.25
09/03/2012,10.67,50.1,20.24,6.56,0,39.25
10/03/2012,10.67,50.1,20.24,6.56,0,39.25
11/03/2012,10.67,50.1,20.24,6.56,0,39.25
12/03/2012,10.67,50.1,20.24,6.56,0,39.25
13/03/2012,10.67,50.1,20.24,6.56,0,39.25
14/03/2012,10.67,50.1,20.24,6.56,0,39.25
15/03/2012,10.67,50.1,20.24,6.56,0,39.25
16/03/2012,10.67,50.1,20.24,6.56,0,39.25
17/03/2012,10.67,50.1,20.24,6.56,0,39.25
18/03/2012,10.67,50.1,20.24,6.56,0,39.25
19/03/2012,10.67,50.1,20.24,6.56,0,39.25
20/03/2012,10.67,50.1,20.24,6.56,0,39.25
21/03/2012,10.67,50.1,20.24,6.56,0,39.25
22/03/2012,10.67,50.1,20.24,6.56,0,39.25
23/03/2012,10.67,50.1,20.24,6.56,0,39.25
24/03/2012,10.67,50.1,20.24,6.56,0,39.25
25/03/2012,10.67,50.1,20.24,6.56,0,39.25
26/03/2012,10.67,50.1,20.24,6.56,0,39.25
27/03/2012,10.67,50.1,20.24,6.56,0,39.25
28/03/2012,10.67,50.1,20.24,6.56,0,39.25
29/03/2012,10.67,50.1,20.24,6.56,0,39.25
30/03/2012,10.67,50.1,20.24,6.56,0,39.25
31/03/2012,10.67,50.1,20.24,6.56,0,39.25
01/04/2012,10.24,47.48,19.96,5.78,0,37.24
02/04/2012,10.24,47.48,19.96,5.78,0,37.24
03/04/2012,10.24,47.48,19.96,5.78,0,37.24
04/04/2012,10.24,47.48,19.96,5.78,0,37.24
05/04/2012,10.24,47.48,19.96,5.78,0,37.24
06/04/2012,10.24,47.48,19.96,5.78,0,37.24
07/04/2012,10.24,47.48,19.96,5.78,0,37.24
08/04/2012,10.24,47.48,19.96,5.78,0,37.24
09/04/2012,10.24,47.48,19.96,5.78,0,37.24
10/04/2012,10.24,47.48,19.96,5.78,0,37.24
11/04/2012,10.24,47.48,19.96,5.78,0,37.24
12/04/2012,10.24,47.48,19.96,5.78,0,37.24
13/04/2012,10.24,47.48,19.96,5.78,0,37.24
14/04/2012,10.24,47.48,19.96,5.78,0,37.24
15/04/2012,10.24,47.48,19.96,5.78,0,37.24
16/04/2012,10.24,47.48,19.96,5.78,0,37.24
17/04/2012,10.24,47.48,19.96,5.78,0,37.24
18/04/2012,10.24,47.48,19.96,5.78,0,37.24
19/04/2012,10.24,47.48,19.96,5.78,0,37.24
20/04/2012,10.24,47.48,19.96,5.78,0,37.24
21/04/2012,10.24,47.48,19.96,5.78,0,37.24
22/04/2012,10.24,47.48,19.96,5.78,0,37.24
23/04/2012,10.24,47.48,19.96,5.78,0,37.24
24/04/2012,10.24,47.48,19.96,5.78,0,37.24
25/04/2012,10.24,47.48,19.96,5.78,0,37.24
26/04/2012,10.24,47.48,19.96,5.78,0,37.24
27/04/2012,10.24,47.48,19.96,5.78,0,37.24
28/04/2012,10.24,47.48,19.96,5.78,0,37.24
29/04/2012,10.24,47.48,19.96,5.78,0,37.24
30/04/2012,10.24,47.48,19.96,5.78,0,37.24
01/05/2012,9.62,43.64,18.8,5.45,0,37.24
02/05/2012,9.62,43.64,18.8,5.45,0,37.24
03/05/2012,9.62,43.64,18.8,5.45,0,37.24
04/05/2012,9.62,43.64,18.8,5.45,0,37.24
05/05/2012,9.62,43.64,18.8,5.45,0,37.24
06/05/2012,9.62,43.64,18.8,5.45,0,37.24
07/05/2012,9.62,43.64,18.8,5.45,0,37.24
08/05/2012,9.62,43.64,18.8,5.45,0,37.24
09/05/2012,9.62,43.64,18.8,5.45,0,37.24
10/05/2012,9.62,43.64,18.8,5.45,0,37.24
11/05/2012,9.62,43.64,18.8,5.45,0,37.24
12/05/2012,9.62,43.64,18.8,5.45,0,37.24
13/05/2012,9.62,43.64,18.8,5.45,0,37.24
14/05/2012,9.62,43.64,18.8,5.45,0,37.24
15/05/2012,9.62,43.64,18.8,5.45,0,37.24
16/05/2012,9.62,43.64,18.8,5.45,0,37.24
17/05/2012,9.62,43.64,18.8,5.45,0,37.24
18/05/2012,9.62,43.64,18.8,5.45,0,37.24
19/05/2012,9.62,43.64,18.8,5.45,0,37.24
20/05/2012,9.62,43.64,18.8,5.45,0,37.24
21/05/2012,9.62,43.64,18.8,5.45,0,37.24
22/05/2012,9.62,43.64,18.8,5.45,0,37.24
23/05/2012,9.62,43.64,18.8,5.45,0,37.24
24/05/2012,9.62,43.64,18.8,5.45,0,37.24
25/05/2012,9.62,43.64,18.8,5.45,0,37.24
26/05/2012,9.62,43.64,18.8,5.45,0,37.24
27/05/2012,9.62,43.64,18.8,5.45,0,37.24
28/05/2012,9.62,43.64,18.8,5.45,0,37.24
29/05/2012,9.62,43.64,18.8,5.45,0,37.24
30/05/2012,9.62,43.64,18.8,5.45,0,37.24
31/05/2012,9.62,43.64,18.8,5.45,0,37.24
01/06/2012,8.93,38.72,18.59,5.77,0,37.24
02/06/2012,8.93,38.72,18.59,5.77,0,37.24
03/06/2012,8.93,38.72,18.59,5.77,0,37.24
04/06/2012,8.93,38.72,18.59,5.77,0,37.24
05/06/2012,8.93,38.72,18.59,5.77,0,37.24
06/06/2012,8.93,38.72,18.59,5.77,0,37.24
07/06/2012,8.93,38.72,18.59,5.77,0,37.24
08/06/2012,8.93,38.72,18.59,5.77,0,37.24
09/06/2012,8.93,38.72,18.59,5.77,0,37.24
10/06/2012,8.93,38.72,18.59,5.77,0,37.24
11/06/2012,8.93,38.72,18.59,5.77,0,37.24
12/06/2012,8.93,38.72,18.59,5.77,0,37.24
13/06/2012,8.93,38.72,18.59,5.77,0,37.24
14/06/2012,8.93,38.72,18.59,5.77,0,37.24
15/06/2012,8.93,38.72,18.59,5.77,0,37.24
16/06/2012,8.93,38.72,18.59,5.77,0,37.24
17/06/2012,8.93,38.72,18.59,5.77,0,37.24
18/06/2012,8.93,38.72,18.59,5.77,0,37.24
19/06/2012,8.93,38.72,18.59,5.77,0,37.24
20/06/2012,8.93,38.72,18.59,5.77,0,37.24
21/06/2012,8.93,38.72,18.59,5.77,0,37.24
22/06/2012,8.93,38.72,18.59,5.77,0,37.24
23/06/2012,8.93,38.72,18.59,5.77,0,37.24
24/06/2012,8.93,38.72,18.59,5.77,0,37.24
25/06/2012,8.93,38.72,18.59,5.77,0,37.24
26/06/2012,8.93,38.72,18.59,5.77,0,37.24
27/06/2012,8.93,38.72,18.59,5.77,0,37.24
28/06/2012,8.93,38.72,18.59,5.77,0,37.24
29/06/2012,8.93,38.72,18.59,5.77,0,37.24
30/06/2012,8.93,38.72,18.59,5.77,0,37.24
01/07/2012,8.86,41.5,18.75,5.92,0,36.14
02/07/2012,8.86,41.5,18.75,5.92,0,36.14
03/07/2012,8.86,41.5,18.75,5.92,0,36.14
04/07/2012,8.86,41.5,18.75,5.92,0,36.14
05/07/2012,8.86,41.5,18.75,5.92,0,36.14
06/07/2012,8.86,41.5,18.75,5.92,0,36.14
07/07/2012,8.86,41.5,18.75,5.92,0,36.14
08/07/2012,8.86,41.5,18.75,5.92,0,36.14
09/07/2012,8.86,41.5,18.75,5.92,0,36.14
10/07/2012,8.86,41.5,18.75,5.92,0,36.14
11/07/2012,8.86,41.5,18.75,5.92,0,36.14
12/07/2012,8.86,41.5,18.75,5.92,0,36.14
13/07/2012,8.86,41.5,18.75,5.92,0,36.14
14/07/2012,8.86,41.5,18.75,5.92,0,36.14
15/07/2012,8.86,41.5,18.75,5.92,0,36.14
16/07/2012,8.86,41.5,18.75,5.92,0,36.14
17/07/2012,8.86,41.5,18.75,5.92,0,36.14
18/07/2012,8.86,41.5,18.75,5.92,0,36.14
19/07/2012,8.86,41.5,18.75,5.92,0,36.14
20/07/2012,8.86,41.5,18.75,5.92,0,36.14
21/07/2012,8.86,41.5,18.75,5.92,0,36.14
22/07/2012,8.86,41.5,18.75,5.92,0,36.14
23/07/2012,8.86,41.5,18.75,5.92,0,36.14
24/07/2012,8.86,41.5,18.75,5.92,0,36.14
25/07/2012,8.86,41.5,18.75,5.92,0,36.14
26/07/2012,8.86,41.5,18.75,5.92,0,36.14
27/07/2012,8.86,41.5,18.75,5.92,0,36.14
28/07/2012,8.86,41.5,18.75,5.92,0,36.14
29/07/2012,8.86,41.5,18.75,5.92,0,36.14
30/07/2012,8.86,41.5,18.75,5.92,0,36.14
31/07/2012,8.86,41.5,18.75,5.92,0,36.14
01/08/2012,9.11,45.59,19.22,5.97,0,36.14
02/08/2012,9.11,45.59,19.22,5.97,0,36.14
03/08/2012,9.11,45.59,19.22,5.97,0,36.14
04/08/2012,9.11,45.59,19.22,5.97,0,36.14
05/08/2012,9.11,45.59,19.22,5.97,0,36.14
06/08/2012,9.11,45.59,19.22,5.97,0,36.14
07/08/2012,9.11,45.59,19.22,5.97,0,36.14
08/08/2012,9.11,45.59,19.22,5.97,0,36.14
09/08/2012,9.11,45.59,19.22,5.97,0,36.14
10/08/2012,9.11,45.59,19.22,5.97,0,36.14
11/08/2012,9.11,45.59,19.22,5.97,0,36.14
12/08/2012,9.11,45.59,19.22,5.97,0,36.14
13/08/2012,9.11,45.59,19.22,5.97,0,36.14
14/08/2012,9.11,45.59,19.22,5.97,0,36.14
15/08/2012,9.11,45.59,19.22,5.97,0,36.14
16/08/2012,9.11,45.59,19.22,5.97,0,36.14
17/08/2012,9.11,45.59,19.22,5.97,0,36.14
18/08/2012,9.11,45.59,19.22,5.97,0,36.14
19/08/2012,9.11,45.59,19.22,5.97,0,36.14
20/08/2012,9.11,45.59,19.22,5.97,0,36.14
21/08/2012,9.11,45.59,19.22,5.97,0,36.14
22/08/2012,9.11,45.59,19.22,5.97,0,36.14
23/08/2012,9.11,45.59,19.22,5.97,0,36.14
24/08/2012,9.11,45.59,19.22,5.97,0,36.14
25/08/2012,9.11,45.59,19.22,5.97,0,36.14
26/08/2012,9.11,45.59,19.22,5.97,0,36.14
27/08/2012,9.11,45.59,19.22,5.97,0,36.14
28/08/2012,9.11,45.59,19.22,5.97,0,36.14
29/08/2012,9.11,45.59,19.22,5.97,0,36.14
30/08/2012,9.11,45.59,19.22,5.97,0,36.14
31/08/2012,9.11,45.59,19.22,5.97,0,36.14
01/09/2012,8.8,44.43,20.45,6.22,0,36.14
02/09/2012,8.8,44.43,20.45,6.22,0,36.14
03/09/2012,8.8,44.43,20.45,6.22,0,36.14
04/09/2012,8.8,44.43,20.45,6.22,0,36.14
05/09/2012,8.8,44.43,20.45,6.22,0,36.14
06/09/2012,8.8,44.43,20.45,6.22,0,36.14
07/09/2012,8.8,44.43,20.45,6.22,0,36.14
08/09/2012,8.8,44.43,20.45,6.22,0,36.14
09/09/2012,8.8,44.43,20.45,6.22,0,36.14
10/09/2012,8.8,44.43,20.45,6.22,0,36.14
11/09/2012,8.8,44.43,20.45,6.22,0,36.14
12/09/2012,8.8,44.43,20.45,6.22,0,36.14
13/09/2012,8.8,44.43,20.45,6.22,0,36.14
14/09/2012,8.8,44.43,20.45,6.22,0,36.14
15/09/2012,8.8,44.43,20.45,6.22,0,36.14
16/09/2012,8.8,44.43,20.45,6.22,0,36.14
17/09/2012,8.8,44.43,20.45,6.22,0,36.14
18/09/2012,8.8,44.43,20.45,6.22,0,36.14
19/09/2012,8.8,44.43,20.45,6.22,0,36.14
20/09/2012,8.8,44.43,20.45,6.22,0,36.14
21/09/2012,8.8,44.43,20.45,6.22,0,36.14
22/09/2012,8.8,44.43,20.45,6.22,0,36.14
23/09/2012,8.8,44.43,20.45,6.22,0,36.14
24/09/2012,8.8,44.43,20.45,6.22,0,36.14
25/09/2012,8.8,44.43,20.45,6.22,0,36.14
26/09/2012,8.8,44.43,20.45,6.22,0,36.14
27/09/2012,8.8,44.43,20.45,6.22,0,36.14
28/09/2012,8.8,44.43,20.45,6.22,0,36.14
29/09/2012,8.8,44.43,20.45,6.22,0,36.14
30/09/2012,8.8,44.43,20.45,6.22,0,36.14
01/10/2012,8.18,43.88,22.23,6.37,0,39.19
02/10/2012,8.18,43.88,22.23,6.37,0,39.19
03/10/2012,8.18,43.88,22.23,6.37,0,39.19
04/10/2012,8.18,43.88,22.23,6.37,0,39.19
05/10/2012,8.18,43.88,22.23,6.37,0,39.19
06/10/2012,8.18,43.88,22.23,6.37,0,39.19
07/10/2012,8.18,43.88,22.23,6.37,0,39.19
08/10/2012,8.18,43.88,22.23,6.37,0,39.19
09/10/2012,8.18,43.88,22.23,6.37,0,39.19
10/10/2012,8.18,43.88,22.23,6.37,0,39.19
11/10/2012,8.18,43.88,22.23,6.37,0,39.19
12/10/2012,8.18,43.88,22.23,6.37,0,39.19
13/10/2012,8.18,43.88,22.23,6.37,0,39.19
14/10/2012,8.18,43.88,22.23,6.37,0,39.19
15/10/2012,8.18,43.88,22.23,6.37,0,39.19
16/10/2012,8.18,43.88,22.23,6.37,0,39.19
17/10/2012,8.18,43.88,22.23,6.37,0,39.19
18/10/2012,8.18,43.88,22.23,6.37,0,39.19
19/10/2012,8.18,43.88,22.23,6.37,0,39.19
20/10/2012,8.18,43.88,22.23,6.37,0,39.19
21/10/2012,8.18,43.88,22.23,6.37,0,39.19
22/10/2012,8.18,43.88,22.23,6.37,0,39.19
23/10/2012,8.18,43.88,22.23,6.37,0,39.19
24/10/2012,8.18,43.88,22.23,6.37,0,39.19
25/10/2012,8.18,43.88,22.23,6.37,0,39.19
26/10/2012,8.18,43.88,22.23,6.37,0,39.19
27/10/2012,8.18,43.88,22.23,6.37,0,39.19
28/10/2012,8.18,43.88,22.23,6.37,0,39.19
29/10/2012,8.18,43.88,22.23,6.37,0,39.19
30/10/2012,8.18,43.88,22.23,6.37,0,39.19
31/10/2012,8.18,43.88,22.23,6.37,0,39.19
01/11/2012,8.3,43.06,22.77,6,0,39.19
02/11/2012,8.3,43.06,22.77,6,0,39.19
03/11/2012,8.3,43.06,22.77,6,0,39.19
04/11/2012,8.3,43.06,22.77,6,0,39.19
05/11/2012,8.3,43.06,22.77,6,0,39.19
06/11/2012,8.3,43.06,22.77,6,0,39.19
07/11/2012,8.3,43.06,22.77,6,0,39.19
08/11/2012,8.3,43.06,22.77,6,0,39.19
09/11/2012,8.3,43.06,22.77,6,0,39.19
10/11/2012,8.3,43.06,22.77,6,0,39.19
11/11/2012,8.3,43.06,22.77,6,0,39.19
12/11/2012,8.3,43.06,22.77,6,0,39.19
13/11/2012,8.3,43.06,22.77,6,0,39.19
14/11/2012,8.3,43.06,22.77,6,0,39.19
15/11/2012,8.3,43.06,22.77,6,0,39.19
16/11/2012,8.3,43.06,22.77,6,0,39.19
17/11/2012,8.3,43.06,22.77,6,0,39.19
18/11/2012,8.3,43.06,22.77,6,0,39.19
19/11/2012,8.3,43.06,22.77,6,0,39.19
20/11/2012,8.3,43.06,22.77,6,0,39.19
21/11/2012,8.3,43.06,22.77,6,0,39.19
22/11/2012,8.3,43.06,22.77,6,0,39.19
23/11/2012,8.3,43.06,22.77,6,0,39.19
24/11/2012,8.3,43.06,22.77,6,0,39.19
25/11/2012,8.3,43.06,22.77,6,0,39.19
26/11/2012,8.3,43.06,22.77,6,0,39.19
27/11/2012,8.3,43.06,22.77,6,0,39.19
28/11/2012,8.3,43.06,22.77,6,0,39.19
29/11/2012,8.3,43.06,22.77,6,0,39.19
30/11/2012,8.3,43.06,22.77,6,0,39.19
01/12/2012,9.02,42.83,22.77,5.45,0,39.19
02/12/2012,9.02,42.83,22.77,5.45,0,39.19
03/12/2012,9.02,42.83,22.77,5.45,0,39.19
04/12/2012,9.02,42.83,22.77,5.45,0,39.19
05/12/2012,9.02,42.83,22.77,5.45,0,39.19
06/12/2012,9.02,42.83,22.77,5.45,0,39.19
07/12/2012,9.02,42.83,22.77,5.45,0,39.19
08/12/2012,9.02,42.83,22.77,5.45,0,39.19
09/12/2012,9.02,42.83,22.77,5.45,0,39.19
10/12/2012,9.02,42.83,22.77,5.45,0,39.19
11/12/2012,9.02,42.83,22.77,5.45,0,39.19
12/12/2012,9.02,42.83,22.77,5.45,0,39.19
13/12/2012,9.02,42.83,22.77,5.45,0,39.19
14/12/2012,9.02,42.83,22.77,5.45,0,39.19
15/12/2012,9.02,42.83,22.77,5.45,0,39.19
16/12/2012,9.02,42.83,22.77,5.45,0,39.19
17/12/2012,9.02,42.83,22.77,5.45,0,39.19
18/12/2012,9.02,42.83,22.77,5.45,0,39.19
19/12/2012,9.02,42.83,22.77,5.45,0,39.19
20/12/2012,9.02,42.83,22.77,5.45,0,39.19
21/12/2012,9.02,42.83,22.77,5.45,0,39.19
22/12/2012,9.02,42.83,22.77,5.45,0,39.19
23/12/2012,9.02,42.83,22.77,5.45,0,39.19
24/12/2012,9.02,42.83,22.77,5.45,0,39.19
25/12/2012,9.02,42.83,22.77,5.45,0,39.19
26/12/2012,9.02,42.83,22.77,5.45,0,39.19
27/12/2012,9.02,42.83,22.77,5.45,0,39.19
28/12/2012,9.02,42.83,22.77,5.45,0,39.19
29/12/2012,9.02,42.83,22.77,5.45,0,39.19
30/12/2012,9.02,42.83,22.77,5.45,0,39.19
31/12/2012,9.02,42.83,22.77,5.45,0,39.19
01/01/2013,9.18,44.48,22.79,4.51,0,44.91
02/01/2013,9.18,44.48,22.79,4.51,0,44.91
03/01/2013,9.18,44.48,22.79,4.51,0,44.91
04/01/2013,9.18,44.48,22.79,4.51,0,44.91
05/01/2013,9.18,44.48,22.79,4.51,0,44.91
06/01/2013,9.18,44.48,22.79,4.51,0,44.91
07/01/2013,9.18,44.48,22.79,4.51,0,44.91
08/01/2013,9.18,44.48,22.79,4.51,0,44.91
09/01/2013,9.18,44.48,22.79,4.51,0,44.91
10/01/2013,9.18,44.48,22.79,4.51,0,44.91
11/01/2013,9.18,44.48,22.79,4.51,0,44.91
12/01/2013,9.18,44.48,22.79,4.51,0,44.91
13/01/2013,9.18,44.48,22.79,4.51,0,44.91
14/01/2013,9.18,44.48,22.79,4.51,0,44.91
15/01/2013,9.18,44.48,22.79,4.51,0,44.91
16/01/2013,9.18,44.48,22.79,4.51,0,44.91
17/01/2013,9.18,44.48,22.79,4.51,0,44.91
18/01/2013,9.18,44.48,22.79,4.51,0,44.91
19/01/2013,9.18,44.48,22.79,4.51,0,44.91
20/01/2013,9.18,44.48,22.79,4.51,0,44.91
21/01/2013,9.18,44.48,22.79,4.51,0,44.91
22/01/2013,9.18,44.48,22.79,4.51,0,44.91
23/01/2013,9.18,44.48,22.79,4.51,0,44.91
24/01/2013,9.18,44.48,22.79,4.51,0,44.91
25/01/2013,9.18,44.48,22.79,4.51,0,44.91
26/01/2013,9.18,44.48,22.79,4.51,0,44.91
27/01/2013,9.18,44.48,22.79,4.51,0,44.91
28/01/2013,9.18,44.48,22.79,4.51,0,44.91
29/01/2013,9.18,44.48,22.79,4.51,0,44.91
30/01/2013,9.18,44.48,22.79,4.51,0,44.91
31/01/2013,9.18,44.48,22.79,4.51,0,44.91
01/02/2013,9.58,47.29,22.69,4.01,0,44.91
02/02/2013,9.58,47.29,22.69,4.01,0,44.91
03/02/2013,9.58,47.29,22.69,4.01,0,44.91
04/02/2013,9.58,47.29,22.69,4.01,0,44.91
05/02/2013,9.58,47.29,22.69,4.01,0,44.91
06/02/2013,9.58,47.29,22.69,4.01,0,44.91
07/02/2013,9.58,47.29,22.69,4.01,0,44.91
08/02/2013,9.58,47.29,22.69,4.01,0,44.91
09/02/2013,9.58,47.29,22.69,4.01,0,44.91
10/02/2013,9.58,47.29,22.69,4.01,0,44.91
11/02/2013,9.58,47.29,22.69,4.01,0,44.91
12/02/2013,9.58,47.29,22.69,4.01,0,44.91
13/02/2013,9.58,47.29,22.69,4.01,0,44.91
14/02/2013,9.58,47.29,22.69,4.01,0,44.91
15/02/2013,9.58,47.29,22.69,4.01,0,44.91
16/02/2013,9.58,47.29,22.69,4.01,0,44.91
17/02/2013,9.58,47.29,22.69,4.01,0,44.91
18/02/2013,9.58,47.29,22.69,4.01,0,44.91
19/02/2013,9.58,47.29,22.69,4.01,0,44.91
20/02/2013,9.58,47.29,22.69,4.01,0,44.91
21/02/2013,9.58,47.29,22.69,4.01,0,44.91
22/02/2013,9.58,47.29,22.69,4.01,0,44.91
23/02/2013,9.58,47.29,22.69,4.01,0,44.91
24/02/2013,9.58,47.29,22.69,4.01,0,44.91
25/02/2013,9.58,47.29,22.69,4.01,0,44.91
26/02/2013,9.58,47.29,22.69,4.01,0,44.91
27/02/2013,9.58,47.29,22.69,4.01,0,44.91
28/02/2013,9.58,47.29,22.69,4.01,0,44.91
01/03/2013,9.55,45.41,23.56,3.68,0,44.91
02/03/2013,9.55,45.41,23.56,3.68,0,44.91
03/03/2013,9.55,45.41,23.56,3.68,0,44.91
04/03/2013,9.55,45.41,23.56,3.68,0,44.91
05/03/2013,9.55,45.41,23.56,3.68,0,44.91
06/03/2013,9.55,45.41,23.56,3.68,0,44.91
07/03/2013,9.55,45.41,23.56,3.68,0,44.91
08/03/2013,9.55,45.41,23.56,3.68,0,44.91
09/03/2013,9.55,45.41,23.56,3.68,0,44.91
10/03/2013,9.55,45.41,23.56,3.68,0,44.91
11/03/2013,9.55,45.41,23.56,3.68,0,44.91
12/03/2013,9.55,45.41,23.56,3.68,0,44.91
13/03/2013,9.55,45.41,23.56,3.68,0,44.91
14/03/2013,9.55,45.41,23.56,3.68,0,44.91
15/03/2013,9.55,45.41,23.56,3.68,0,44.91
16/03/2013,9.55,45.41,23.56,3.68,0,44.91
17/03/2013,9.55,45.41,23.56,3.68,0,44.91
18/03/2013,9.55,45.41,23.56,3.68,0,44.91
19/03/2013,9.55,45.41,23.56,3.68,0,44.91
20/03/2013,9.55,45.41,23.56,3.68,0,44.91
21/03/2013,9.55,45.41,23.56,3.68,0,44.91
22/03/2013,9.55,45.41,23.56,3.68,0,44.91
23/03/2013,9.55,45.41,23.56,3.68,0,44.91
24/03/2013,9.55,45.41,23.56,3.68,0,44.91
25/03/2013,9.55,45.41,23.56,3.68,0,44.91
26/03/2013,9.55,45.41,23.56,3.68,0,44.91
27/03/2013,9.55,45.41,23.56,3.68,0,44.91
28/03/2013,9.55,45.41,23.56,3.68,0,44.91
29/03/2013,9.55,45.41,23.56,3.68,0,44.91
30/03/2013,9.55,45.41,23.56,3.68,0,44.91
31/03/2013,9.55,45.41,23.56,3.68,0,44.91
01/04/2013,8.99,42.11,22.83,3.37,4.94,44.68
02/04/2013,8.99,42.11,22.83,3.37,4.94,44.68
03/04/2013,8.99,42.11,22.83,3.37,4.94,44.68
04/04/2013,8.99,42.11,22.83,3.37,4.94,44.68
05/04/2013,8.99,42.11,22.83,3.37,4.94,44.68
06/04/2013,8.99,42.11,22.83,3.37,4.94,44.68
07/04/2013,8.99,42.11,22.83,3.37,4.94,44.68
08/04/2013,8.99,42.11,22.83,3.37,4.94,44.68
09/04/2013,8.99,42.11,22.83,3.37,4.94,44.68
10/04/2013,8.99,42.11,22.83,3.37,4.94,44.68
11/04/2013,8.99,42.11,22.83,3.37,4.94,44.68
12/04/2013,8.99,42.11,22.83,3.37,4.94,44.68
13/04/2013,8.99,42.11,22.83,3.37,4.94,44.68
14/04/2013,8.99,42.11,22.83,3.37,4.94,44.68
15/04/2013,8.99,42.11,22.83,3.37,4.94,44.68
16/04/2013,8.99,42.11,22.83,3.37,4.94,44.68
17/04/2013,8.99,42.11,22.83,3.37,4.94,44.68
18/04/2013,8.99,42.11,22.83,3.37,4.94,44.68
19/04/2013,8.99,42.11,22.83,3.37,4.94,44.68
20/04/2013,8.99,42.11,22.83,3.37,4.94,44.68
21/04/2013,8.99,42.11,22.83,3.37,4.94,44.68
22/04/2013,8.99,42.11,22.83,3.37,4.94,44.68
23/04/2013,8.99,42.11,22.83,3.37,4.94,44.68
24/04/2013,8.99,42.11,22.83,3.37,4.94,44.68
25/04/2013,8.99,42.11,22.83,3.37,4.94,44.68
26/04/2013,8.99,42.11,22.83,3.37,4.94,44.68
27/04/2013,8.99,42.11,22.83,3.37,4.94,44.68
28/04/2013,8.99,42.11,22.83,3.37,4.94,44.68
29/04/2013,8.99,42.11,22.83,3.37,4.94,44.68
30/04/2013,8.99,42.11,22.83,3.37,4.94,44.68
01/05/2013,8.94,42.28,22.07,2.99,4.94,44.68
02/05/2013,8.94,42.28,22.07,2.99,4.94,44.68
03/05/2013,8.94,42.28,22.07,2.99,4.94,44.68
04/05/2013,8.94,42.28,22.07,2.99,4.94,44.68
05/05/2013,8.94,42.28,22.07,2.99,4.94,44.68
06/05/2013,8.94,42.28,22.07,2.99,4.94,44.68
07/05/2013,8.94,42.28,22.07,2.99,4.94,44.68
08/05/2013,8.94,42.28,22.07,2.99,4.94,44.68
09/05/2013,8.94,42.28,22.07,2.99,4.94,44.68
10/05/2013,8.94,42.28,22.07,2.99,4.94,44.68
11/05/2013,8.94,42.28,22.07,2.99,4.94,44.68
12/05/2013,8.94,42.28,22.07,2.99,4.94,44.68
13/05/2013,8.94,42.28,22.07,2.99,4.94,44.68
14/05/2013,8.94,42.28,22.07,2.99,4.94,44.68
15/05/2013,8.94,42.28,22.07,2.99,4.94,44.68
16/05/2013,8.94,42.28,22.07,2.99,4.94,44.68
17/05/2013,8.94,42.28,22.07,2.99,4.94,44.68
18/05/2013,8.94,42.28,22.07,2.99,4.94,44.68
19/05/2013,8.94,42.28,22.07,2.99,4.94,44.68
20/05/2013,8.94,42.28,22.07,2.99,4.94,44.68
21/05/2013,8.94,42.28,22.07,2.99,4.94,44.68
22/05/2013,8.94,42.28,22.07,2.99,4.94,44.68
23/05/2013,8.94,42.28,22.07,2.99,4.94,44.68
24/05/2013,8.94,42.28,22.07,2.99,4.94,44.68
25/05/2013,8.94,42.28,22.07,2.99,4.94,44.68
26/05/2013,8.94,42.28,22.07,2.99,4.94,44.68
27/05/2013,8.94,42.28,22.07,2.99,4.94,44.68
28/05/2013,8.94,42.28,22.07,2.99,4.94,44.68
29/05/2013,8.94,42.28,22.07,2.99,4.94,44.68
30/05/2013,8.94,42.28,22.07,2.99,4.94,44.68
31/05/2013,8.94,42.28,22.07,2.99,4.94,44.68
01/06/2013,8.52,41.93,21.76,3.65,4.94,44.68
02/06/2013,8.52,41.93,21.76,3.65,4.94,44.68
03/06/2013,8.52,41.93,21.76,3.65,4.94,44.68
04/06/2013,8.52,41.93,21.76,3.65,4.94,44.68
05/06/2013,8.52,41.93,21.76,3.65,4.94,44.68
06/06/2013,8.52,41.93,21.76,3.65,4.94,44.68
07/06/2013,8.52,41.93,21.76,3.65,4.94,44.68
08/06/2013,8.52,41.93,21.76,3.65,4.94,44.68
09/06/2013,8.52,41.93,21.76,3.65,4.94,44.68
10/06/2013,8.52,41.93,21.76,3.65,4.94,44.68
11/06/2013,8.52,41.93,21.76,3.65,4.94,44.68
12/06/2013,8.52,41.93,21.76,3.65,4.94,44.68
13/06/2013,8.52,41.93,21.76,3.65,4.94,44.68
14/06/2013,8.52,41.93,21.76,3.65,4.94,44.68
15/06/2013,8.52,41.93,21.76,3.65,4.94,44.68
16/06/2013,8.52,41.93,21.76,3.65,4.94,44.68
17/06/2013,8.52,41.93,21.76,3.65,4.94,44.68
18/06/2013,8.52,41.93,21.76,3.65,4.94,44.68
19/06/2013,8.52,41.93,21.76,3.65,4.94,44.68
20/06/2013,8.52,41.93,21.76,3.65,4.94,44.68
21/06/2013,8.52,41.93,21.76,3.65,4.94,44.68
22/06/2013,8.52,41.93,21.76,3.65,4.94,44.68
23/06/2013,8.52,41.93,21.76,3.65,4.94,44.68
24/06/2013,8.52,41.93,21.76,3.65,4.94,44.68
25/06/2013,8.52,41.93,21.76,3.65,4.94,44.68
26/06/2013,8.52,41.93,21.76,3.65,4.94,44.68
27/06/2013,8.52,41.93,21.76,3.65,4.94,44.68
28/06/2013,8.52,41.93,21.76,3.65,4.94,44.68
29/06/2013,8.52,41.93,21.76,3.65,4.94,44.68
30/06/2013,8.52,41.93,21.76,3.65,4.94,44.68
01/07/2013,7.94,44.93,22.4,3.64,4.94,45.93
02/07/2013,7.94,44.93,22.4,3.64,4.94,45.93
03/07/2013,7.94,44.93,22.4,3.64,4.94,45.93
04/07/2013,7.94,44.93,22.4,3.64,4.94,45.93
05/07/2013,7.94,44.93,22.4,3.64,4.94,45.93
06/07/2013,7.94,44.93,22.4,3.64,4.94,45.93
07/07/2013,7.94,44.93,22.4,3.64,4.94,45.93
08/07/2013,7.94,44.93,22.4,3.64,4.94,45.93
09/07/2013,7.94,44.93,22.4,3.64,4.94,45.93
10/07/2013,7.94,44.93,22.4,3.64,4.94,45.93
11/07/2013,7.94,44.93,22.4,3.64,4.94,45.93
12/07/2013,7.94,44.93,22.4,3.64,4.94,45.93
13/07/2013,7.94,44.93,22.4,3.64,4.94,45.93
14/07/2013,7.94,44.93,22.4,3.64,4.94,45.93
15/07/2013,7.94,44.93,22.4,3.64,4.94,45.93
16/07/2013,7.94,44.93,22.4,3.64,4.94,45.93
17/07/2013,7.94,44.93,22.4,3.64,4.94,45.93
18/07/2013,7.94,44.93,22.4,3.64,4.94,45.93
19/07/2013,7.94,44.93,22.4,3.64,4.94,45.93
20/07/2013,7.94,44.93,22.4,3.64,4.94,45.93
21/07/2013,7.94,44.93,22.4,3.64,4.94,45.93
22/07/2013,7.94,44.93,22.4,3.64,4.94,45.93
23/07/2013,7.94,44.93,22.4,3.64,4.94,45.93
24/07/2013,7.94,44.93,22.4,3.64,4.94,45.93
25/07/2013,7.94,44.93,22.4,3.64,4.94,45.93
26/07/2013,7.94,44.93,22.4,3.64,4.94,45.93
27/07/2013,7.94,44.93,22.4,3.64,4.94,45.93
28/07/2013,7.94,44.93,22.4,3.64,4.94,45.93
29/07/2013,7.94,44.93,22.4,3.64,4.94,45.93
30/07/2013,7.94,44.93,22.4,3.64,4.94,45.93
31/07/2013,7.94,44.93,22.4,3.64,4.94,45.93
01/08/2013,7.88,45.36,22.03,3.82,4.94,45.93
02/08/2013,7.88,45.36,22.03,3.82,4.94,45.93
03/08/2013,7.88,45.36,22.03,3.82,4.94,45.93
04/08/2013,7.88,45.36,22.03,3.82,4.94,45.93
05/08/2013,7.88,45.36,22.03,3.82,4.94,45.93
06/08/2013,7.88,45.36,22.03,3.82,4.94,45.93
07/08/2013,7.88,45.36,22.03,3.82,4.94,45.93
08/08/2013,7.88,45.36,22.03,3.82,4.94,45.93
09/08/2013,7.88,45.36,22.03,3.82,4.94,45.93
10/08/2013,7.88,45.36,22.03,3.82,4.94,45.93
11/08/2013,7.88,45.36,22.03,3.82,4.94,45.93
12/08/2013,7.88,45.36,22.03,3.82,4.94,45.93
13/08/2013,7.88,45.36,22.03,3.82,4.94,45.93
14/08/2013,7.88,45.36,22.03,3.82,4.94,45.93
15/08/2013,7.88,45.36,22.03,3.82,4.94,45.93
16/08/2013,7.88,45.36,22.03,3.82,4.94,45.93
17/08/2013,7.88,45.36,22.03,3.82,4.94,45.93
18/08/2013,7.88,45.36,22.03,3.82,4.94,45.93
19/08/2013,7.88,45.36,22.03,3.82,4.94,45.93
20/08/2013,7.88,45.36,22.03,3.82,4.94,45.93
21/08/2013,7.88,45.36,22.03,3.82,4.94,45.93
22/08/2013,7.88,45.36,22.03,3.82,4.94,45.93
23/08/2013,7.88,45.36,22.03,3.82,4.94,45.93
24/08/2013,7.88,45.36,22.03,3.82,4.94,45.93
25/08/2013,7.88,45.36,22.03,3.82,4.94,45.93
26/08/2013,7.88,45.36,22.03,3.82,4.94,45.93
27/08/2013,7.88,45.36,22.03,3.82,4.94,45.93
28/08/2013,7.88,45.36,22.03,3.82,4.94,45.93
29/08/2013,7.88,45.36,22.03,3.82,4.94,45.93
30/08/2013,7.88,45.36,22.03,3.82,4.94,45.93
31/08/2013,7.88,45.36,22.03,3.82,4.94,45.93
01/09/2013,7.71,44.76,22.55,4.41,4.94,45.93
02/09/2013,7.71,44.76,22.55,4.41,4.94,45.93
03/09/2013,7.71,44.76,22.55,4.41,4.94,45.93
04/09/2013,7.71,44.76,22.55,4.41,4.94,45.93
05/09/2013,7.71,44.76,22.55,4.41,4.94,45.93
06/09/2013,7.71,44.76,22.55,4.41,4.94,45.93
07/09/2013,7.71,44.76,22.55,4.41,4.94,45.93
08/09/2013,7.71,44.76,22.55,4.41,4.94,45.93
09/09/2013,7.71,44.76,22.55,4.41,4.94,45.93
10/09/2013,7.71,44.76,22.55,4.41,4.94,45.93
11/09/2013,7.71,44.76,22.55,4.41,4.94,45.93
12/09/2013,7.71,44.76,22.55,4.41,4.94,45.93
13/09/2013,7.71,44.76,22.55,4.41,4.94,45.93
14/09/2013,7.71,44.76,22.55,4.41,4.94,45.93
15/09/2013,7.71,44.76,22.55,4.41,4.94,45.93
16/09/2013,7.71,44.76,22.55,4.41,4.94,45.93
17/09/2013,7.71,44.76,22.55,4.41,4.94,45.93
18/09/2013,7.71,44.76,22.55,4.41,4.94,45.93
19/09/2013,7.71,44.76,22.55,4.41,4.94,45.93
20/09/2013,7.71,44.76,22.55,4.41,4.94,45.93
21/09/2013,7.71,44.76,22.55,4.41,4.94,45.93
22/09/2013,7.71,44.76,22.55,4.41,4.94,45.93
23/09/2013,7.71,44.76,22.55,4.41,4.94,45.93
24/09/2013,7.71,44.76,22.55,4.41,4.94,45.93
25/09/2013,7.71,44.76,22.55,4.41,4.94,45.93
26/09/2013,7.71,44.76,22.55,4.41,4.94,45.93
27/09/2013,7.71,44.76,22.55,4.41,4.94,45.93
28/09/2013,7.71,44.76,22.55,4.41,4.94,45.93
29/09/2013,7.71,44.76,22.55,4.41,4.94,45.93
30/09/2013,7.71,44.76,22.55,4.41,4.94,45.93
01/10/2013,7.89,42.76,23.53,4.22,4.94,46.79
02/10/2013,7.89,42.76,23.53,4.22,4.94,46.79
03/10/2013,7.89,42.76,23.53,4.22,4.94,46.79
04/10/2013,7.89,42.76,23.53,4.22,4.94,46.79
05/10/2013,7.89,42.76,23.53,4.22,4.94,46.79
06/10/2013,7.89,42.76,23.53,4.22,4.94,46.79
07/10/2013,7.89,42.76,23.53,4.22,4.94,46.79
08/10/2013,7.89,42.76,23.53,4.22,4.94,46.79
09/10/2013,7.89,42.76,23.53,4.22,4.94,46.79
10/10/2013,7.89,42.76,23.53,4.22,4.94,46.79
11/10/2013,7.89,42.76,23.53,4.22,4.94,46.79
12/10/2013,7.89,42.76,23.53,4.22,4.94,46.79
13/10/2013,7.89,42.76,23.53,4.22,4.94,46.79
14/10/2013,7.89,42.76,23.53,4.22,4.94,46.79
15/10/2013,7.89,42.76,23.53,4.22,4.94,46.79
16/10/2013,7.89,42.76,23.53,4.22,4.94,46.79
17/10/2013,7.89,42.76,23.53,4.22,4.94,46.79
18/10/2013,7.89,42.76,23.53,4.22,4.94,46.79
19/10/2013,7.89,42.76,23.53,4.22,4.94,46.79
20/10/2013,7.89,42.76,23.53,4.22,4.94,46.79
21/10/2013,7.89,42.76,23.53,4.22,4.94,46.79
22/10/2013,7.89,42.76,23.53,4.22,4.94,46.79
23/10/2013,7.89,42.76,23.53,4.22,4.94,46.79
24/10/2013,7.89,42.76,23.53,4.22,4.94,46.79
25/10/2013,7.89,42.76,23.53,4.22,4.94,46.79
26/10/2013,7.89,42.76,23.53,4.22,4.94,46.79
27/10/2013,7.89,42.76,23.53,4.22,4.94,46.79
28/10/2013,7.89,42.76,23.53,4.22,4.94,46.79
29/10/2013,7.89,42.76,23.53,4.22,4.94,46.79
30/10/2013,7.89,42.76,23.53,4.22,4.94,46.79
31/10/2013,7.89,42.76,23.53,4.22,4.94,46.79
01/11/2013,8.21,42.33,24.15,3.82,4.94,46.79
02/11/2013,8.21,42.33,24.15,3.82,4.94,46.79
03/11/2013,8.21,42.33,24.15,3.82,4.94,46.79
04/11/2013,8.21,42.33,24.15,3.82,4.94,46.79
05/11/2013,8.21,42.33,24.15,3.82,4.94,46.79
06/11/2013,8.21,42.33,24.15,3.82,4.94,46.79
07/11/2013,8.21,42.33,24.15,3.82,4.94,46.79
08/11/2013,8.21,42.33,24.15,3.82,4.94,46.79
09/11/2013,8.21,42.33,24.15,3.82,4.94,46.79
10/11/2013,8.21,42.33,24.15,3.82,4.94,46.79
11/11/2013,8.21,42.33,24.15,3.82,4.94,46.79
12/11/2013,8.21,42.33,24.15,3.82,4.94,46.79
13/11/2013,8.21,42.33,24.15,3.82,4.94,46.79
14/11/2013,8.21,42.33,24.15,3.82,4.94,46.79
15/11/2013,8.21,42.33,24.15,3.82,4.94,46.79
16/11/2013,8.21,42.33,24.15,3.82,4.94,46.79
17/11/2013,8.21,42.33,24.15,3.82,4.94,46.79
18/11/2013,8.21,42.33,24.15,3.82,4.94,46.79
19/11/2013,8.21,42.33,24.15,3.82,4.94,46.79
20/11/2013,8.21,42.33,24.15,3.82,4.94,46.79
21/11/2013,8.21,42.33,24.15,3.82,4.94,46.79
22/11/2013,8.21,42.33,24.15,3.82,4.94,46.79
23/11/2013,8.21,42.33,24.15,3.82,4.94,46.79
24/11/2013,8.21,42.33,24.15,3.82,4.94,46.79
25/11/2013,8.21,42.33,24.15,3.82,4.94,46.79
26/11/2013,8.21,42.33,24.15,3.82,4.94,46.79
27/11/2013,8.21,42.33,24.15,3.82,4.94,46.79
28/11/2013,8.21,42.33,24.15,3.82,4.94,46.79
29/11/2013,8.21,42.33,24.15,3.82,4.94,46.79
30/11/2013,8.21,42.33,24.15,3.82,4.94,46.79
01/12/2013,8.19,42.76,24.17,4.05,4.94,46.79
02/12/2013,8.19,42.76,24.17,4.05,4.94,46.79
03/12/2013,8.19,42.76,24.17,4.05,4.94,46.79
04/12/2013,8.19,42.76,24.17,4.05,4.94,46.79
05/12/2013,8.19,42.76,24.17,4.05,4.94,46.79
06/12/2013,8.19,42.76,24.17,4.05,4.94,46.79
07/12/2013,8.19,42.76,24.17,4.05,4.94,46.79
08/12/2013,8.19,42.76,24.17,4.05,4.94,46.79
09/12/2013,8.19,42.76,24.17,4.05,4.94,46.79
10/12/2013,8.19,42.76,24.17,4.05,4.94,46.79
11/12/2013,8.19,42.76,24.17,4.05,4.94,46.79
12/12/2013,8.19,42.76,24.17,4.05,4.94,46.79
13/12/2013,8.19,42.76,24.17,4.05,4.94,46.79
14/12/2013,8.19,42.76,24.17,4.05,4.94,46.79
15/12/2013,8.19,42.76,24.17,4.05,4.94,46.79
16/12/2013,8.19,42.76,24.17,4.05,4.94,46.79
17/12/2013,8.19,42.76,24.17,4.05,4.94,46.79
18/12/2013,8.19,42.76,24.17,4.05,4.94,46.79
19/12/2013,8.19,42.76,24.17,4.05,4.94,46.79
20/12/2013,8.19,42.76,24.17,4.05,4.94,46.79
21/12/2013,8.19,42.76,24.17,4.05,4.94,46.79
22/12/2013,8.19,42.76,24.17,4.05,4.94,46.79
23/12/2013,8.19,42.76,24.17,4.05,4.94,46.79
24/12/2013,8.19,42.76,24.17,4.05,4.94,46.79
25/12/2013,8.19,42.76,24.17,4.05,4.94,46.79
26/12/2013,8.19,42.76,24.17,4.05,4.94,46.79
27/12/2013,8.19,42.76,24.17,4.05,4.94,46.79
28/12/2013,8.19,42.76,24.17,4.05,4.94,46.79
29/12/2013,8.19,42.76,24.17,4.05,4.94,46.79
30/12/2013,8.19,42.76,24.17,4.05,4.94,46.79
31/12/2013,8.19,42.76,24.17,4.05,4.94,46.79
01/01/2014,7.97,41.43,22.65,4.16,4.94,46.01
02/01/2014,7.97,41.43,22.65,4.16,4.94,46.01
03/01/2014,7.97,41.43,22.65,4.16,4.94,46.01
04/01/2014,7.97,41.43,22.65,4.16,4.94,46.01
05/01/2014,7.97,41.43,22.65,4.16,4.94,46.01
06/01/2014,7.97,41.43,22.65,4.16,4.94,46.01
07/01/2014,7.97,41.43,22.65,4.16,4.94,46.01
08/01/2014,7.97,41.43,22.65,4.16,4.94,46.01
09/01/2014,7.97,41.43,22.65,4.16,4.94,46.01
10/01/2014,7.97,41.43,22.65,4.16,4.94,46.01
11/01/2014,7.97,41.43,22.65,4.16,4.94,46.01
12/01/2014,7.97,41.43,22.65,4.16,4.94,46.01
13/01/2014,7.97,41.43,22.65,4.16,4.94,46.01
14/01/2014,7.97,41.43,22.65,4.16,4.94,46.01
15/01/2014,7.97,41.43,22.65,4.16,4.94,46.01
16/01/2014,7.97,41.43,22.65,4.16,4.94,46.01
17/01/2014,7.97,41.43,22.65,4.16,4.94,46.01
18/01/2014,7.97,41.43,22.65,4.16,4.94,46.01
19/01/2014,7.97,41.43,22.65,4.16,4.94,46.01
20/01/2014,7.97,41.43,22.65,4.16,4.94,46.01
21/01/2014,7.97,41.43,22.65,4.16,4.94,46.01
22/01/2014,7.97,41.43,22.65,4.16,4.94,46.01
23/01/2014,7.97,41.43,22.65,4.16,4.94,46.01
24/01/2014,7.97,41.43,22.65,4.16,4.94,46.01
25/01/2014,7.97,41.43,22.65,4.16,4.94,46.01
26/01/2014,7.97,41.43,22.65,4.16,4.94,46.01
27/01/2014,7.97,41.43,22.65,4.16,4.94,46.01
28/01/2014,7.97,41.43,22.65,4.16,4.94,46.01
29/01/2014,7.97,41.43,22.65,4.16,4.94,46.01
30/01/2014,7.97,41.43,22.65,4.16,4.94,46.01
31/01/2014,7.97,41.43,22.65,4.16,4.94,46.01
01/02/2014,7.38,41.58,20.19,5.4,4.94,46.01
02/02/2014,7.38,41.58,20.19,5.4,4.94,46.01
03/02/2014,7.38,41.58,20.19,5.4,4.94,46.01
04/02/2014,7.38,41.58,20.19,5.4,4.94,46.01
05/02/2014,7.38,41.58,20.19,5.4,4.94,46.01
06/02/2014,7.38,41.58,20.19,5.4,4.94,46.01
07/02/2014,7.38,41.58,20.19,5.4,4.94,46.01
08/02/2014,7.38,41.58,20.19,5.4,4.94,46.01
09/02/2014,7.38,41.58,20.19,5.4,4.94,46.01
10/02/2014,7.38,41.58,20.19,5.4,4.94,46.01
11/02/2014,7.38,41.58,20.19,5.4,4.94,46.01
12/02/2014,7.38,41.58,20.19,5.4,4.94,46.01
13/02/2014,7.38,41.58,20.19,5.4,4.94,46.01
14/02/2014,7.38,41.58,20.19,5.4,4.94,46.01
15/02/2014,7.38,41.58,20.19,5.4,4.94,46.01
16/02/2014,7.38,41.58,20.19,5.4,4.94,46.01
17/02/2014,7.38,41.58,20.19,5.4,4.94,46.01
18/02/2014,7.38,41.58,20.19,5.4,4.94,46.01
19/02/2014,7.38,41.58,20.19,5.4,4.94,46.01
20/02/2014,7.38,41.58,20.19,5.4,4.94,46.01
21/02/2014,7.38,41.58,20.19,5.4,4.94,46.01
22/02/2014,7.38,41.58,20.19,5.4,4.94,46.01
23/02/2014,7.38,41.58,20.19,5.4,4.94,46.01
24/02/2014,7.38,41.58,20.19,5.4,4.94,46.01
25/02/2014,7.38,41.58,20.19,5.4,4.94,46.01
26/02/2014,7.38,41.58,20.19,5.4,4.94,46.01
27/02/2014,7.38,41.58,20.19,5.4,4.94,46.01
28/02/2014,7.38,41.58,20.19,5.4,4.94,46.01
01/03/2014,7.02,40.88,19.35,5.17,4.94,46.01
02/03/2014,7.02,40.88,19.35,5.17,4.94,46.01
03/03/2014,7.02,40.88,19.35,5.17,4.94,46.01
04/03/2014,7.02,40.88,19.35,5.17,4.94,46.01
05/03/2014,7.02,40.88,19.35,5.17,4.94,46.01
06/03/2014,7.02,40.88,19.35,5.17,4.94,46.01
07/03/2014,7.02,40.88,19.35,5.17,4.94,46.01
08/03/2014,7.02,40.88,19.35,5.17,4.94,46.01
09/03/2014,7.02,40.88,19.35,5.17,4.94,46.01
10/03/2014,7.02,40.88,19.35,5.17,4.94,46.01
11/03/2014,7.02,40.88,19.35,5.17,4.94,46.01
12/03/2014,7.02,40.88,19.35,5.17,4.94,46.01
13/03/2014,7.02,40.88,19.35,5.17,4.94,46.01
14/03/2014,7.02,40.88,19.35,5.17,4.94,46.01
15/03/2014,7.02,40.88,19.35,5.17,4.94,46.01
16/03/2014,7.02,40.88,19.35,5.17,4.94,46.01
17/03/2014,7.02,40.88,19.35,5.17,4.94,46.01
18/03/2014,7.02,40.88,19.35,5.17,4.94,46.01
19/03/2014,7.02,40.88,19.35,5.17,4.94,46.01
20/03/2014,7.02,40.88,19.35,5.17,4.94,46.01
21/03/2014,7.02,40.88,19.35,5.17,4.94,46.01
22/03/2014,7.02,40.88,19.35,5.17,4.94,46.01
23/03/2014,7.02,40.88,19.35,5.17,4.94,46.01
24/03/2014,7.02,40.88,19.35,5.17,4.94,46.01
25/03/2014,7.02,40.88,19.35,5.17,4.94,46.01
26/03/2014,7.02,40.88,19.35,5.17,4.94,46.01
27/03/2014,7.02,40.88,19.35,5.17,4.94,46.01
28/03/2014,7.02,40.88,19.35,5.17,4.94,46.01
29/03/2014,7.02,40.88,19.35,5.17,4.94,46.01
30/03/2014,7.02,40.88,19.35,5.17,4.94,46.01
31/03/2014,7.02,40.88,19.35,5.17,4.94,46.01
01/04/2014,6.9,40.74,17.08,4.37,9.55,41.02
02/04/2014,6.9,40.74,17.08,4.37,9.55,41.02
03/04/2014,6.9,40.74,17.08,4.37,9.55,41.02
04/04/2014,6.9,40.74,17.08,4.37,9.55,41.02
05/04/2014,6.9,40.74,17.08,4.37,9.55,41.02
06/04/2014,6.9,40.74,17.08,4.37,9.55,41.02
07/04/2014,6.9,40.74,17.08,4.37,9.55,41.02
08/04/2014,6.9,40.74,17.08,4.37,9.55,41.02
09/04/2014,6.9,40.74,17.08,4.37,9.55,41.02
10/04/2014,6.9,40.74,17.08,4.37,9.55,41.02
11/04/2014,6.9,40.74,17.08,4.37,9.55,41.02
12/04/2014,6.9,40.74,17.08,4.37,9.55,41.02
13/04/2014,6.9,40.74,17.08,4.37,9.55,41.02
14/04/2014,6.9,40.74,17.08,4.37,9.55,41.02
15/04/2014,6.9,40.74,17.08,4.37,9.55,41.02
16/04/2014,6.9,40.74,17.08,4.37,9.55,41.02
17/04/2014,6.9,40.74,17.08,4.37,9.55,41.02
18/04/2014,6.9,40.74,17.08,4.37,9.55,41.02
19/04/2014,6.9,40.74,17.08,4.37,9.55,41.02
20/04/2014,6.9,40.74,17.08,4.37,9.55,41.02
21/04/2014,6.9,40.74,17.08,4.37,9.55,41.02
22/04/2014,6.9,40.74,17.08,4.37,9.55,41.02
23/04/2014,6.9,40.74,17.08,4.37,9.55,41.02
24/04/2014,6.9,40.74,17.08,4.37,9.55,41.02
25/04/2014,6.9,40.74,17.08,4.37,9.55,41.02
26/04/2014,6.9,40.74,17.08,4.37,9.55,41.02
27/04/2014,6.9,40.74,17.08,4.37,9.55,41.02
28/04/2014,6.9,40.74,17.08,4.37,9.55,41.02
29/04/2014,6.9,40.74,17.08,4.37,9.55,41.02
30/04/2014,6.9,40.74,17.08,4.37,9.55,41.02
01/05/2014,6.86,41.08,15.36,4.2,9.55,41.02
02/05/2014,6.86,41.08,15.36,4.2,9.55,41.02
03/05/2014,6.86,41.08,15.36,4.2,9.55,41.02
04/05/2014,6.86,41.08,15.36,4.2,9.55,41.02
05/05/2014,6.86,41.08,15.36,4.2,9.55,41.02
06/05/2014,6.86,41.08,15.36,4.2,9.55,41.02
07/05/2014,6.86,41.08,15.36,4.2,9.55,41.02
08/05/2014,6.86,41.08,15.36,4.2,9.55,41.02
09/05/2014,6.86,41.08,15.36,4.2,9.55,41.02
10/05/2014,6.86,41.08,15.36,4.2,9.55,41.02
11/05/2014,6.86,41.08,15.36,4.2,9.55,41.02
12/05/2014,6.86,41.08,15.36,4.2,9.55,41.02
13/05/2014,6.86,41.08,15.36,4.2,9.55,41.02
14/05/2014,6.86,41.08,15.36,4.2,9.55,41.02
15/05/2014,6.86,41.08,15.36,4.2,9.55,41.02
16/05/2014,6.86,41.08,15.36,4.2,9.55,41.02
17/05/2014,6.86,41.08,15.36,4.2,9.55,41.02
18/05/2014,6.86,41.08,15.36,4.2,9.55,41.02
19/05/2014,6.86,41.08,15.36,4.2,9.55,41.02
20/05/2014,6.86,41.08,15.36,4.2,9.55,41.02
21/05/2014,6.86,41.08,15.36,4.2,9.55,41.02
22/05/2014,6.86,41.08,15.36,4.2,9.55,41.02
23/05/2014,6.86,41.08,15.36,4.2,9.55,41.02
24/05/2014,6.86,41.08,15.36,4.2,9.55,41.02
25/05/2014,6.86,41.08,15.36,4.2,9.55,41.02
26/05/2014,6.86,41.08,15.36,4.2,9.55,41.02
27/05/2014,6.86,41.08,15.36,4.2,9.55,41.02
28/05/2014,6.86,41.08,15.36,4.2,9.55,41.02
29/05/2014,6.86,41.08,15.36,4.2,9.55,41.02
30/05/2014,6.86,41.08,15.36,4.2,9.55,41.02
31/05/2014,6.86,41.08,15.36,4.2,9.55,41.02
01/06/2014,6.68,41.82,13.82,4.51,9.55,41.02
02/06/2014,6.68,41.82,13.82,4.51,9.55,41.02
03/06/2014,6.68,41.82,13.82,4.51,9.55,41.02
04/06/2014,6.68,41.82,13.82,4.51,9.55,41.02
05/06/2014,6.68,41.82,13.82,4.51,9.55,41.02
06/06/2014,6.68,41.82,13.82,4.51,9.55,41.02
07/06/2014,6.68,41.82,13.82,4.51,9.55,41.02
08/06/2014,6.68,41.82,13.82,4.51,9.55,41.02
09/06/2014,6.68,41.82,13.82,4.51,9.55,41.02
10/06/2014,6.68,41.82,13.82,4.51,9.55,41.02
11/06/2014,6.68,41.82,13.82,4.51,9.55,41.02
12/06/2014,6.68,41.82,13.82,4.51,9.55,41.02
13/06/2014,6.68,41.82,13.82,4.51,9.55,41.02
14/06/2014,6.68,41.82,13.82,4.51,9.55,41.02
15/06/2014,6.68,41.82,13.82,4.51,9.55,41.02
16/06/2014,6.68,41.82,13.82,4.51,9.55,41.02
17/06/2014,6.68,41.82,13.82,4.51,9.55,41.02
18/06/2014,6.68,41.82,13.82,4.51,9.55,41.02
19/06/2014,6.68,41.82,13.82,4.51,9.55,41.02
20/06/2014,6.68,41.82,13.82,4.51,9.55,41.02
21/06/2014,6.68,41.82,13.82,4.51,9.55,41.02
22/06/2014,6.68,41.82,13.82,4.51,9.55,41.02
23/06/2014,6.68,41.82,13.82,4.51,9.55,41.02
24/06/2014,6.68,41.82,13.82,4.51,9.55,41.02
25/06/2014,6.68,41.82,13.82,4.51,9.55,41.02
26/06/2014,6.68,41.82,13.82,4.51,9.55,41.02
27/06/2014,6.68,41.82,13.82,4.51,9.55,41.02
28/06/2014,6.68,41.82,13.82,4.51,9.55,41.02
29/06/2014,6.68,41.82,13.82,4.51,9.55,41.02
30/06/2014,6.68,41.82,13.82,4.51,9.55,41.02
01/07/2014,6.37,39.51,12.99,4.73,9.55,38.56
02/07/2014,6.37,39.51,12.99,4.73,9.55,38.56
03/07/2014,6.37,39.51,12.99,4.73,9.55,38.56
04/07/2014,6.37,39.51,12.99,4.73,9.55,38.56
05/07/2014,6.37,39.51,12.99,4.73,9.55,38.56
06/07/2014,6.37,39.51,12.99,4.73,9.55,38.56
07/07/2014,6.37,39.51,12.99,4.73,9.55,38.56
08/07/2014,6.37,39.51,12.99,4.73,9.55,38.56
09/07/2014,6.37,39.51,12.99,4.73,9.55,38.56
10/07/2014,6.37,39.51,12.99,4.73,9.55,38.56
11/07/2014,6.37,39.51,12.99,4.73,9.55,38.56
12/07/2014,6.37,39.51,12.99,4.73,9.55,38.56
13/07/2014,6.37,39.51,12.99,4.73,9.55,38.56
14/07/2014,6.37,39.51,12.99,4.73,9.55,38.56
15/07/2014,6.37,39.51,12.99,4.73,9.55,38.56
16/07/2014,6.37,39.51,12.99,4.73,9.55,38.56
17/07/2014,6.37,39.51,12.99,4.73,9.55,38.56
18/07/2014,6.37,39.51,12.99,4.73,9.55,38.56
19/07/2014,6.37,39.51,12.99,4.73,9.55,38.56
20/07/2014,6.37,39.51,12.99,4.73,9.55,38.56
21/07/2014,6.37,39.51,12.99,4.73,9.55,38.56
22/07/2014,6.37,39.51,12.99,4.73,9.55,38.56
23/07/2014,6.37,39.51,12.99,4.73,9.55,38.56
24/07/2014,6.37,39.51,12.99,4.73,9.55,38.56
25/07/2014,6.37,39.51,12.99,4.73,9.55,38.56
26/07/2014,6.37,39.51,12.99,4.73,9.55,38.56
27/07/2014,6.37,39.51,12.99,4.73,9.55,38.56
28/07/2014,6.37,39.51,12.99,4.73,9.55,38.56
29/07/2014,6.37,39.51,12.99,4.73,9.55,38.56
30/07/2014,6.37,39.51,12.99,4.73,9.55,38.56
31/07/2014,6.37,39.51,12.99,4.73,9.55,38.56
01/08/2014,6.52,38.42,14.63,5,9.55,38.56
02/08/2014,6.52,38.42,14.63,5,9.55,38.56
03/08/2014,6.52,38.42,14.63,5,9.55,38.56
04/08/2014,6.52,38.42,14.63,5,9.55,38.56
05/08/2014,6.52,38.42,14.63,5,9.55,38.56
06/08/2014,6.52,38.42,14.63,5,9.55,38.56
07/08/2014,6.52,38.42,14.63,5,9.55,38.56
08/08/2014,6.52,38.42,14.63,5,9.55,38.56
09/08/2014,6.52,38.42,14.63,5,9.55,38.56
10/08/2014,6.52,38.42,14.63,5,9.55,38.56
11/08/2014,6.52,38.42,14.63,5,9.55,38.56
12/08/2014,6.52,38.42,14.63,5,9.55,38.56
13/08/2014,6.52,38.42,14.63,5,9.55,38.56
14/08/2014,6.52,38.42,14.63,5,9.55,38.56
15/08/2014,6.52,38.42,14.63,5,9.55,38.56
16/08/2014,6.52,38.42,14.63,5,9.55,38.56
17/08/2014,6.52,38.42,14.63,5,9.55,38.56
18/08/2014,6.52,38.42,14.63,5,9.55,38.56
19/08/2014,6.52,38.42,14.63,5,9.55,38.56
20/08/2014,6.52,38.42,14.63,5,9.55,38.56
21/08/2014,6.52,38.42,14.63,5,9.55,38.56
22/08/2014,6.52,38.42,14.63,5,9.55,38.56
23/08/2014,6.52,38.42,14.63,5,9.55,38.56
24/08/2014,6.52,38.42,14.63,5,9.55,38.56
25/08/2014,6.52,38.42,14.63,5,9.55,38.56
26/08/2014,6.52,38.42,14.63,5,9.55,38.56
27/08/2014,6.52,38.42,14.63,5,9.55,38.56
28/08/2014,6.52,38.42,14.63,5,9.55,38.56
29/08/2014,6.52,38.42,14.63,5,9.55,38.56
30/08/2014,6.52,38.42,14.63,5,9.55,38.56
31/08/2014,6.52,38.42,14.63,5,9.55,38.56
01/09/2014,6.34,37.61,17.36,4.77,9.55,38.56
02/09/2014,6.34,37.61,17.36,4.77,9.55,38.56
03/09/2014,6.34,37.61,17.36,4.77,9.55,38.56
04/09/2014,6.34,37.61,17.36,4.77,9.55,38.56
05/09/2014,6.34,37.61,17.36,4.77,9.55,38.56
06/09/2014,6.34,37.61,17.36,4.77,9.55,38.56
07/09/2014,6.34,37.61,17.36,4.77,9.55,38.56
08/09/2014,6.34,37.61,17.36,4.77,9.55,38.56
09/09/2014,6.34,37.61,17.36,4.77,9.55,38.56
10/09/2014,6.34,37.61,17.36,4.77,9.55,38.56
11/09/2014,6.34,37.61,17.36,4.77,9.55,38.56
12/09/2014,6.34,37.61,17.36,4.77,9.55,38.56
13/09/2014,6.34,37.61,17.36,4.77,9.55,38.56
14/09/2014,6.34,37.61,17.36,4.77,9.55,38.56
15/09/2014,6.34,37.61,17.36,4.77,9.55,38.56
16/09/2014,6.34,37.61,17.36,4.77,9.55,38.56
17/09/2014,6.34,37.61,17.36,4.77,9.55,38.56
18/09/2014,6.34,37.61,17.36,4.77,9.55,38.56
19/09/2014,6.34,37.61,17.36,4.77,9.55,38.56
20/09/2014,6.34,37.61,17.36,4.77,9.55,38.56
21/09/2014,6.34,37.61,17.36,4.77,9.55,38.56
22/09/2014,6.34,37.61,17.36,4.77,9.55,38.56
23/09/2014,6.34,37.61,17.36,4.77,9.55,38.56
24/09/2014,6.34,37.61,17.36,4.77,9.55,38.56
25/09/2014,6.34,37.61,17.36,4.77,9.55,38.56
26/09/2014,6.34,37.61,17.36,4.77,9.55,38.56
27/09/2014,6.34,37.61,17.36,4.77,9.55,38.56
28/09/2014,6.34,37.61,17.36,4.77,9.55,38.56
29/09/2014,6.34,37.61,17.36,4.77,9.55,38.56
30/09/2014,6.34,37.61,17.36,4.77,9.55,38.56
01/10/2014,6.27,34.39,18.56,4.79,9.55,39.13
02/10/2014,6.27,34.39,18.56,4.79,9.55,39.13
03/10/2014,6.27,34.39,18.56,4.79,9.55,39.13
04/10/2014,6.27,34.39,18.56,4.79,9.55,39.13
05/10/2014,6.27,34.39,18.56,4.79,9.55,39.13
06/10/2014,6.27,34.39,18.56,4.79,9.55,39.13
07/10/2014,6.27,34.39,18.56,4.79,9.55,39.13
08/10/2014,6.27,34.39,18.56,4.79,9.55,39.13
09/10/2014,6.27,34.39,18.56,4.79,9.55,39.13
10/10/2014,6.27,34.39,18.56,4.79,9.55,39.13
11/10/2014,6.27,34.39,18.56,4.79,9.55,39.13
12/10/2014,6.27,34.39,18.56,4.79,9.55,39.13
13/10/2014,6.27,34.39,18.56,4.79,9.55,39.13
14/10/2014,6.27,34.39,18.56,4.79,9.55,39.13
15/10/2014,6.27,34.39,18.56,4.79,9.55,39.13
16/10/2014,6.27,34.39,18.56,4.79,9.55,39.13
17/10/2014,6.27,34.39,18.56,4.79,9.55,39.13
18/10/2014,6.27,34.39,18.56,4.79,9.55,39.13
19/10/2014,6.27,34.39,18.56,4.79,9.55,39.13
20/10/2014,6.27,34.39,18.56,4.79,9.55,39.13
21/10/2014,6.27,34.39,18.56,4.79,9.55,39.13
22/10/2014,6.27,34.39,18.56,4.79,9.55,39.13
23/10/2014,6.27,34.39,18.56,4.79,9.55,39.13
24/10/2014,6.27,34.39,18.56,4.79,9.55,39.13
25/10/2014,6.27,34.39,18.56,4.79,9.55,39.13
26/10/2014,6.27,34.39,18.56,4.79,9.55,39.13
27/10/2014,6.27,34.39,18.56,4.79,9.55,39.13
28/10/2014,6.27,34.39,18.56,4.79,9.55,39.13
29/10/2014,6.27,34.39,18.56,4.79,9.55,39.13
30/10/2014,6.27,34.39,18.56,4.79,9.55,39.13
31/10/2014,6.27,34.39,18.56,4.79,9.55,39.13
01/11/2014,6.26,31.7,18.97,5.37,9.55,39.13
02/11/2014,6.26,31.7,18.97,5.37,9.55,39.13
03/11/2014,6.26,31.7,18.97,5.37,9.55,39.13
04/11/2014,6.26,31.7,18.97,5.37,9.55,39.13
05/11/2014,6.26,31.7,18.97,5.37,9.55,39.13
06/11/2014,6.26,31.7,18.97,5.37,9.55,39.13
07/11/2014,6.26,31.7,18.97,5.37,9.55,39.13
08/11/2014,6.26,31.7,18.97,5.37,9.55,39.13
09/11/2014,6.26,31.7,18.97,5.37,9.55,39.13
10/11/2014,6.26,31.7,18.97,5.37,9.55,39.13
11/11/2014,6.26,31.7,18.97,5.37,9.55,39.13
12/11/2014,6.26,31.7,18.97,5.37,9.55,39.13
13/11/2014,6.26,31.7,18.97,5.37,9.55,39.13
14/11/2014,6.26,31.7,18.97,5.37,9.55,39.13
15/11/2014,6.26,31.7,18.97,5.37,9.55,39.13
16/11/2014,6.26,31.7,18.97,5.37,9.55,39.13
17/11/2014,6.26,31.7,18.97,5.37,9.55,39.13
18/11/2014,6.26,31.7,18.97,5.37,9.55,39.13
19/11/2014,6.26,31.7,18.97,5.37,9.55,39.13
20/11/2014,6.26,31.7,18.97,5.37,9.55,39.13
21/11/2014,6.26,31.7,18.97,5.37,9.55,39.13
22/11/2014,6.26,31.7,18.97,5.37,9.55,39.13
23/11/2014,6.26,31.7,18.97,5.37,9.55,39.13
24/11/2014,6.26,31.7,18.97,5.37,9.55,39.13
25/11/2014,6.26,31.7,18.97,5.37,9.55,39.13
26/11/2014,6.26,31.7,18.97,5.37,9.55,39.13
27/11/2014,6.26,31.7,18.97,5.37,9.55,39.13
28/11/2014,6.26,31.7,18.97,5.37,9.55,39.13
29/11/2014,6.26,31.7,18.97,5.37,9.55,39.13
30/11/2014,6.26,31.7,18.97,5.37,9.55,39.13
01/12/2014,6.29,25.06,18.5,5.52,9.55,39.13
02/12/2014,6.29,25.06,18.5,5.52,9.55,39.13
03/12/2014,6.29,25.06,18.5,5.52,9.55,39.13
04/12/2014,6.29,25.06,18.5,5.52,9.55,39.13
05/12/2014,6.29,25.06,18.5,5.52,9.55,39.13
06/12/2014,6.29,25.06,18.5,5.52,9.55,39.13
07/12/2014,6.29,25.06,18.5,5.52,9.55,39.13
08/12/2014,6.29,25.06,18.5,5.52,9.55,39.13
09/12/2014,6.29,25.06,18.5,5.52,9.55,39.13
10/12/2014,6.29,25.06,18.5,5.52,9.55,39.13
11/12/2014,6.29,25.06,18.5,5.52,9.55,39.13
12/12/2014,6.29,25.06,18.5,5.52,9.55,39.13
13/12/2014,6.29,25.06,18.5,5.52,9.55,39.13
14/12/2014,6.29,25.06,18.5,5.52,9.55,39.13
15/12/2014,6.29,25.06,18.5,5.52,9.55,39.13
16/12/2014,6.29,25.06,18.5,5.52,9.55,39.13
17/12/2014,6.29,25.06,18.5,5.52,9.55,39.13
18/12/2014,6.29,25.06,18.5,5.52,9.55,39.13
19/12/2014,6.29,25.06,18.5,5.52,9.55,39.13
20/12/2014,6.29,25.06,18.5,5.52,9.55,39.13
21/12/2014,6.29,25.06,18.5,5.52,9.55,39.13
22/12/2014,6.29,25.06,18.5,5.52,9.55,39.13
23/12/2014,6.29,25.06,18.5,5.52,9.55,39.13
24/12/2014,6.29,25.06,18.5,5.52,9.55,39.13
25/12/2014,6.29,25.06,18.5,5.52,9.55,39.13
26/12/2014,6.29,25.06,18.5,5.52,9.55,39.13
27/12/2014,6.29,25.06,18.5,5.52,9.55,39.13
28/12/2014,6.29,25.06,18.5,5.52,9.55,39.13
29/12/2014,6.29,25.06,18.5,5.52,9.55,39.13
30/12/2014,6.29,25.06,18.5,5.52,9.55,39.13
31/12/2014,6.29,25.06,18.5,5.52,9.55,39.13
01/01/2015,6.32,20.11,15.82,5.42,9.55,37.34
02/01/2015,6.32,20.11,15.82,5.42,9.55,37.34
03/01/2015,6.32,20.11,15.82,5.42,9.55,37.34
04/01/2015,6.32,20.11,15.82,5.42,9.55,37.34
05/01/2015,6.32,20.11,15.82,5.42,9.55,37.34
06/01/2015,6.32,20.11,15.82,5.42,9.55,37.34
07/01/2015,6.32,20.11,15.82,5.42,9.55,37.34
08/01/2015,6.32,20.11,15.82,5.42,9.55,37.34
09/01/2015,6.32,20.11,15.82,5.42,9.55,37.34
10/01/2015,6.32,20.11,15.82,5.42,9.55,37.34
11/01/2015,6.32,20.11,15.82,5.42,9.55,37.34
12/01/2015,6.32,20.11,15.82,5.42,9.55,37.34
13/01/2015,6.32,20.11,15.82,5.42,9.55,37.34
14/01/2015,6.32,20.11,15.82,5.42,9.55,37.34
15/01/2015,6.32,20.11,15.82,5.42,9.55,37.34
16/01/2015,6.32,20.11,15.82,5.42,9.55,37.34
17/01/2015,6.32,20.11,15.82,5.42,9.55,37.34
18/01/2015,6.32,20.11,15.82,5.42,9.55,37.34
19/01/2015,6.32,20.11,15.82,5.42,9.55,37.34
20/01/2015,6.32,20.11,15.82,5.42,9.55,37.34
21/01/2015,6.32,20.11,15.82,5.42,9.55,37.34
22/01/2015,6.32,20.11,15.82,5.42,9.55,37.34
23/01/2015,6.32,20.11,15.82,5.42,9.55,37.34
24/01/2015,6.32,20.11,15.82,5.42,9.55,37.34
25/01/2015,6.32,20.11,15.82,5.42,9.55,37.34
26/01/2015,6.32,20.11,15.82,5.42,9.55,37.34
27/01/2015,6.32,20.11,15.82,5.42,9.55,37.34
28/01/2015,6.32,20.11,15.82,5.42,9.55,37.34
29/01/2015,6.32,20.11,15.82,5.42,9.55,37.34
30/01/2015,6.32,20.11,15.82,5.42,9.55,37.34
31/01/2015,6.32,20.11,15.82,5.42,9.55,37.34
01/02/2015,7.06,23.93,16.85,5.41,9.55,37.34
02/02/2015,7.06,23.93,16.85,5.41,9.55,37.34
03/02/2015,7.06,23.93,16.85,5.41,9.55,37.34
04/02/2015,7.06,23.93,16.85,5.41,9.55,37.34
05/02/2015,7.06,23.93,16.85,5.41,9.55,37.34
06/02/2015,7.06,23.93,16.85,5.41,9.55,37.34
07/02/2015,7.06,23.93,16.85,5.41,9.55,37.34
08/02/2015,7.06,23.93,16.85,5.41,9.55,37.34
09/02/2015,7.06,23.93,16.85,5.41,9.55,37.34
10/02/2015,7.06,23.93,16.85,5.41,9.55,37.34
11/02/2015,7.06,23.93,16.85,5.41,9.55,37.34
12/02/2015,7.06,23.93,16.85,5.41,9.55,37.34
13/02/2015,7.06,23.93,16.85,5.41,9.55,37.34
14/02/2015,7.06,23.93,16.85,5.41,9.55,37.34
15/02/2015,7.06,23.93,16.85,5.41,9.55,37.34
16/02/2015,7.06,23.93,16.85,5.41,9.55,37.34
17/02/2015,7.06,23.93,16.85,5.41,9.55,37.34
18/02/2015,7.06,23.93,16.85,5.41,9.55,37.34
19/02/2015,7.06,23.93,16.85,5.41,9.55,37.34
20/02/2015,7.06,23.93,16.85,5.41,9.55,37.34
21/02/2015,7.06,23.93,16.85,5.41,9.55,37.34
22/02/2015,7.06,23.93,16.85,5.41,9.55,37.34
23/02/2015,7.06,23.93,16.85,5.41,9.55,37.34
24/02/2015,7.06,23.93,16.85,5.41,9.55,37.34
25/02/2015,7.06,23.93,16.85,5.41,9.55,37.34
26/02/2015,7.06,23.93,16.85,5.41,9.55,37.34
27/02/2015,7.06,23.93,16.85,5.41,9.55,37.34
28/02/2015,7.06,23.93,16.85,5.41,9.55,37.34
01/03/2015,6.74,23.65,16.01,4.93,9.55,37.34
02/03/2015,6.74,23.65,16.01,4.93,9.55,37.34
03/03/2015,6.74,23.65,16.01,4.93,9.55,37.34
04/03/2015,6.74,23.65,16.01,4.93,9.55,37.34
05/03/2015,6.74,23.65,16.01,4.93,9.55,37.34
06/03/2015,6.74,23.65,16.01,4.93,9.55,37.34
07/03/2015,6.74,23.65,16.01,4.93,9.55,37.34
08/03/2015,6.74,23.65,16.01,4.93,9.55,37.34
09/03/2015,6.74,23.65,16.01,4.93,9.55,37.34
10/03/2015,6.74,23.65,16.01,4.93,9.55,37.34
11/03/2015,6.74,23.65,16.01,4.93,9.55,37.34
12/03/2015,6.74,23.65,16.01,4.93,9.55,37.34
13/03/2015,6.74,23.65,16.01,4.93,9.55,37.34
14/03/2015,6.74,23.65,16.01,4.93,9.55,37.34
15/03/2015,6.74,23.65,16.01,4.93,9.55,37.34
16/03/2015,6.74,23.65,16.01,4.93,9.55,37.34
17/03/2015,6.74,23.65,16.01,4.93,9.55,37.34
18/03/2015,6.74,23.65,16.01,4.93,9.55,37.34
19/03/2015,6.74,23.65,16.01,4.93,9.55,37.34
20/03/2015,6.74,23.65,16.01,4.93,9.55,37.34
21/03/2015,6.74,23.65,16.01,4.93,9.55,37.34
22/03/2015,6.74,23.65,16.01,4.93,9.55,37.34
23/03/2015,6.74,23.65,16.01,4.93,9.55,37.34
24/03/2015,6.74,23.65,16.01,4.93,9.55,37.34
25/03/2015,6.74,23.65,16.01,4.93,9.55,37.34
26/03/2015,6.74,23.65,16.01,4.93,9.55,37.34
27/03/2015,6.74,23.65,16.01,4.93,9.55,37.34
28/03/2015,6.74,23.65,16.01,4.93,9.55,37.34
29/03/2015,6.74,23.65,16.01,4.93,9.55,37.34
30/03/2015,6.74,23.65,16.01,4.93,9.55,37.34
31/03/2015,6.74,23.65,16.01,4.93,9.55,37.34
01/04/2015,5.99,25.08,15.45,5.16,18,34.27
02/04/2015,5.99,25.08,15.45,5.16,18,34.27
03/04/2015,5.99,25.08,15.45,5.16,18,34.27
04/04/2015,5.99,25.08,15.45,5.16,18,34.27
05/04/2015,5.99,25.08,15.45,5.16,18,34.27
06/04/2015,5.99,25.08,15.45,5.16,18,34.27
07/04/2015,5.99,25.08,15.45,5.16,18,34.27
08/04/2015,5.99,25.08,15.45,5.16,18,34.27
09/04/2015,5.99,25.08,15.45,5.16,18,34.27
10/04/2015,5.99,25.08,15.45,5.16,18,34.27
11/04/2015,5.99,25.08,15.45,5.16,18,34.27
12/04/2015,5.99,25.08,15.45,5.16,18,34.27
13/04/2015,5.99,25.08,15.45,5.16,18,34.27
14/04/2015,5.99,25.08,15.45,5.16,18,34.27
15/04/2015,5.99,25.08,15.45,5.16,18,34.27
16/04/2015,5.99,25.08,15.45,5.16,18,34.27
17/04/2015,5.99,25.08,15.45,5.16,18,34.27
18/04/2015,5.99,25.08,15.45,5.16,18,34.27
19/04/2015,5.99,25.08,15.45,5.16,18,34.27
20/04/2015,5.99,25.08,15.45,5.16,18,34.27
21/04/2015,5.99,25.08,15.45,5.16,18,34.27
22/04/2015,5.99,25.08,15.45,5.16,18,34.27
23/04/2015,5.99,25.08,15.45,5.16,18,34.27
24/04/2015,5.99,25.08,15.45,5.16,18,34.27
25/04/2015,5.99,25.08,15.45,5.16,18,34.27
26/04/2015,5.99,25.08,15.45,5.16,18,34.27
27/04/2015,5.99,25.08,15.45,5.16,18,34.27
28/04/2015,5.99,25.08,15.45,5.16,18,34.27
29/04/2015,5.99,25.08,15.45,5.16,18,34.27
30/04/2015,5.99,25.08,15.45,5.16,18,34.27
01/05/2015,6.18,26.18,14.36,5.4,18,34.27
02/05/2015,6.18,26.18,14.36,5.4,18,34.27
03/05/2015,6.18,26.18,14.36,5.4,18,34.27
04/05/2015,6.18,26.18,14.36,5.4,18,34.27
05/05/2015,6.18,26.18,14.36,5.4,18,34.27
06/05/2015,6.18,26.18,14.36,5.4,18,34.27
07/05/2015,6.18,26.18,14.36,5.4,18,34.27
08/05/2015,6.18,26.18,14.36,5.4,18,34.27
09/05/2015,6.18,26.18,14.36,5.4,18,34.27
10/05/2015,6.18,26.18,14.36,5.4,18,34.27
11/05/2015,6.18,26.18,14.36,5.4,18,34.27
12/05/2015,6.18,26.18,14.36,5.4,18,34.27
13/05/2015,6.18,26.18,14.36,5.4,18,34.27
14/05/2015,6.18,26.18,14.36,5.4,18,34.27
15/05/2015,6.18,26.18,14.36,5.4,18,34.27
16/05/2015,6.18,26.18,14.36,5.4,18,34.27
17/05/2015,6.18,26.18,14.36,5.4,18,34.27
18/05/2015,6.18,26.18,14.36,5.4,18,34.27
19/05/2015,6.18,26.18,14.36,5.4,18,34.27
20/05/2015,6.18,26.18,14.36,5.4,18,34.27
21/05/2015,6.18,26.18,14.36,5.4,18,34.27
22/05/2015,6.18,26.18,14.36,5.4,18,34.27
23/05/2015,6.18,26.18,14.36,5.4,18,34.27
24/05/2015,6.18,26.18,14.36,5.4,18,34.27
25/05/2015,6.18,26.18,14.36,5.4,18,34.27
26/05/2015,6.18,26.18,14.36,5.4,18,34.27
27/05/2015,6.18,26.18,14.36,5.4,18,34.27
28/05/2015,6.18,26.18,14.36,5.4,18,34.27
29/05/2015,6.18,26.18,14.36,5.4,18,34.27
30/05/2015,6.18,26.18,14.36,5.4,18,34.27
31/05/2015,6.18,26.18,14.36,5.4,18,34.27
01/06/2015,5.98,24.86,14.53,5.41,18,34.27
02/06/2015,5.98,24.86,14.53,5.41,18,34.27
03/06/2015,5.98,24.86,14.53,5.41,18,34.27
04/06/2015,5.98,24.86,14.53,5.41,18,34.27
05/06/2015,5.98,24.86,14.53,5.41,18,34.27
06/06/2015,5.98,24.86,14.53,5.41,18,34.27
07/06/2015,5.98,24.86,14.53,5.41,18,34.27
08/06/2015,5.98,24.86,14.53,5.41,18,34.27
09/06/2015,5.98,24.86,14.53,5.41,18,34.27
10/06/2015,5.98,24.86,14.53,5.41,18,34.27
11/06/2015,5.98,24.86,14.53,5.41,18,34.27
12/06/2015,5.98,24.86,14.53,5.41,18,34.27
13/06/2015,5.98,24.86,14.53,5.41,18,34.27
14/06/2015,5.98,24.86,14.53,5.41,18,34.27
15/06/2015,5.98,24.86,14.53,5.41,18,34.27
16/06/2015,5.98,24.86,14.53,5.41,18,34.27
17/06/2015,5.98,24.86,14.53,5.41,18,34.27
18/06/2015,5.98,24.86,14.53,5.41,18,34.27
19/06/2015,5.98,24.86,14.53,5.41,18,34.27
20/06/2015,5.98,24.86,14.53,5.41,18,34.27
21/06/2015,5.98,24.86,14.53,5.41,18,34.27
22/06/2015,5.98,24.86,14.53,5.41,18,34.27
23/06/2015,5.98,24.86,14.53,5.41,18,34.27
24/06/2015,5.98,24.86,14.53,5.41,18,34.27
25/06/2015,5.98,24.86,14.53,5.41,18,34.27
26/06/2015,5.98,24.86,14.53,5.41,18,34.27
27/06/2015,5.98,24.86,14.53,5.41,18,34.27
28/06/2015,5.98,24.86,14.53,5.41,18,34.27
29/06/2015,5.98,24.86,14.53,5.41,18,34.27
30/06/2015,5.98,24.86,14.53,5.41,18,34.27
01/07/2015,6.06,23.01,14.66,5.48,18,33.26
02/07/2015,6.06,23.01,14.66,5.48,18,33.26
03/07/2015,6.06,23.01,14.66,5.48,18,33.26
04/07/2015,6.06,23.01,14.66,5.48,18,33.26
05/07/2015,6.06,23.01,14.66,5.48,18,33.26
06/07/2015,6.06,23.01,14.66,5.48,18,33.26
07/07/2015,6.06,23.01,14.66,5.48,18,33.26
08/07/2015,6.06,23.01,14.66,5.48,18,33.26
09/07/2015,6.06,23.01,14.66,5.48,18,33.26
10/07/2015,6.06,23.01,14.66,5.48,18,33.26
11/07/2015,6.06,23.01,14.66,5.48,18,33.26
12/07/2015,6.06,23.01,14.66,5.48,18,33.26
13/07/2015,6.06,23.01,14.66,5.48,18,33.26
14/07/2015,6.06,23.01,14.66,5.48,18,33.26
15/07/2015,6.06,23.01,14.66,5.48,18,33.26
16/07/2015,6.06,23.01,14.66,5.48,18,33.26
17/07/2015,6.06,23.01,14.66,5.48,18,33.26
18/07/2015,6.06,23.01,14.66,5.48,18,33.26
19/07/2015,6.06,23.01,14.66,5.48,18,33.26
20/07/2015,6.06,23.01,14.66,5.48,18,33.26
21/07/2015,6.06,23.01,14.66,5.48,18,33.26
22/07/2015,6.06,23.01,14.66,5.48,18,33.26
23/07/2015,6.06,23.01,14.66,5.48,18,33.26
24/07/2015,6.06,23.01,14.66,5.48,18,33.26
25/07/2015,6.06,23.01,14.66,5.48,18,33.26
26/07/2015,6.06,23.01,14.66,5.48,18,33.26
27/07/2015,6.06,23.01,14.66,5.48,18,33.26
28/07/2015,6.06,23.01,14.66,5.48,18,33.26
29/07/2015,6.06,23.01,14.66,5.48,18,33.26
30/07/2015,6.06,23.01,14.66,5.48,18,33.26
31/07/2015,6.06,23.01,14.66,5.48,18,33.26
01/08/2015,5.95,19.08,13.7,5.78,18,33.26
02/08/2015,5.95,19.08,13.7,5.78,18,33.26
03/08/2015,5.95,19.08,13.7,5.78,18,33.26
04/08/2015,5.95,19.08,13.7,5.78,18,33.26
05/08/2015,5.95,19.08,13.7,5.78,18,33.26
06/08/2015,5.95,19.08,13.7,5.78,18,33.26
07/08/2015,5.95,19.08,13.7,5.78,18,33.26
08/08/2015,5.95,19.08,13.7,5.78,18,33.26
09/08/2015,5.95,19.08,13.7,5.78,18,33.26
10/08/2015,5.95,19.08,13.7,5.78,18,33.26
11/08/2015,5.95,19.08,13.7,5.78,18,33.26
12/08/2015,5.95,19.08,13.7,5.78,18,33.26
13/08/2015,5.95,19.08,13.7,5.78,18,33.26
14/08/2015,5.95,19.08,13.7,5.78,18,33.26
15/08/2015,5.95,19.08,13.7,5.78,18,33.26
16/08/2015,5.95,19.08,13.7,5.78,18,33.26
17/08/2015,5.95,19.08,13.7,5.78,18,33.26
18/08/2015,5.95,19.08,13.7,5.78,18,33.26
19/08/2015,5.95,19.08,13.7,5.78,18,33.26
20/08/2015,5.95,19.08,13.7,5.78,18,33.26
21/08/2015,5.95,19.08,13.7,5.78,18,33.26
22/08/2015,5.95,19.08,13.7,5.78,18,33.26
23/08/2015,5.95,19.08,13.7,5.78,18,33.26
24/08/2015,5.95,19.08,13.7,5.78,18,33.26
25/08/2015,5.95,19.08,13.7,5.78,18,33.26
26/08/2015,5.95,19.08,13.7,5.78,18,33.26
27/08/2015,5.95,19.08,13.7,5.78,18,33.26
28/08/2015,5.95,19.08,13.7,5.78,18,33.26
29/08/2015,5.95,19.08,13.7,5.78,18,33.26
30/08/2015,5.95,19.08,13.7,5.78,18,33.26
31/08/2015,5.95,19.08,13.7,5.78,18,33.26
01/09/2015,5.89,19.58,13.98,5.95,18,33.26
02/09/2015,5.89,19.58,13.98,5.95,18,33.26
03/09/2015,5.89,19.58,13.98,5.95,18,33.26
04/09/2015,5.89,19.58,13.98,5.95,18,33.26
05/09/2015,5.89,19.58,13.98,5.95,18,33.26
06/09/2015,5.89,19.58,13.98,5.95,18,33.26
07/09/2015,5.89,19.58,13.98,5.95,18,33.26
08/09/2015,5.89,19.58,13.98,5.95,18,33.26
09/09/2015,5.89,19.58,13.98,5.95,18,33.26
10/09/2015,5.89,19.58,13.98,5.95,18,33.26
11/09/2015,5.89,19.58,13.98,5.95,18,33.26
12/09/2015,5.89,19.58,13.98,5.95,18,33.26
13/09/2015,5.89,19.58,13.98,5.95,18,33.26
14/09/2015,5.89,19.58,13.98,5.95,18,33.26
15/09/2015,5.89,19.58,13.98,5.95,18,33.26
16/09/2015,5.89,19.58,13.98,5.95,18,33.26
17/09/2015,5.89,19.58,13.98,5.95,18,33.26
18/09/2015,5.89,19.58,13.98,5.95,18,33.26
19/09/2015,5.89,19.58,13.98,5.95,18,33.26
20/09/2015,5.89,19.58,13.98,5.95,18,33.26
21/09/2015,5.89,19.58,13.98,5.95,18,33.26
22/09/2015,5.89,19.58,13.98,5.95,18,33.26
23/09/2015,5.89,19.58,13.98,5.95,18,33.26
24/09/2015,5.89,19.58,13.98,5.95,18,33.26
25/09/2015,5.89,19.58,13.98,5.95,18,33.26
26/09/2015,5.89,19.58,13.98,5.95,18,33.26
27/09/2015,5.89,19.58,13.98,5.95,18,33.26
28/09/2015,5.89,19.58,13.98,5.95,18,33.26
29/09/2015,5.89,19.58,13.98,5.95,18,33.26
30/09/2015,5.89,19.58,13.98,5.95,18,33.26
01/10/2015,5.43,19.96,13.85,6.14,18,33.62
02/10/2015,5.43,19.96,13.85,6.14,18,33.62
03/10/2015,5.43,19.96,13.85,6.14,18,33.62
04/10/2015,5.43,19.96,13.85,6.14,18,33.62
05/10/2015,5.43,19.96,13.85,6.14,18,33.62
06/10/2015,5.43,19.96,13.85,6.14,18,33.62
07/10/2015,5.43,19.96,13.85,6.14,18,33.62
08/10/2015,5.43,19.96,13.85,6.14,18,33.62
09/10/2015,5.43,19.96,13.85,6.14,18,33.62
10/10/2015,5.43,19.96,13.85,6.14,18,33.62
11/10/2015,5.43,19.96,13.85,6.14,18,33.62
12/10/2015,5.43,19.96,13.85,6.14,18,33.62
13/10/2015,5.43,19.96,13.85,6.14,18,33.62
14/10/2015,5.43,19.96,13.85,6.14,18,33.62
15/10/2015,5.43,19.96,13.85,6.14,18,33.62
16/10/2015,5.43,19.96,13.85,6.14,18,33.62
17/10/2015,5.43,19.96,13.85,6.14,18,33.62
18/10/2015,5.43,19.96,13.85,6.14,18,33.62
19/10/2015,5.43,19.96,13.85,6.14,18,33.62
20/10/2015,5.43,19.96,13.85,6.14,18,33.62
21/10/2015,5.43,19.96,13.85,6.14,18,33.62
22/10/2015,5.43,19.96,13.85,6.14,18,33.62
23/10/2015,5.43,19.96,13.85,6.14,18,33.62
24/10/2015,5.43,19.96,13.85,6.14,18,33.62
25/10/2015,5.43,19.96,13.85,6.14,18,33.62
26/10/2015,5.43,19.96,13.85,6.14,18,33.62
27/10/2015,5.43,19.96,13.85,6.14,18,33.62
28/10/2015,5.43,19.96,13.85,6.14,18,33.62
29/10/2015,5.43,19.96,13.85,6.14,18,33.62
30/10/2015,5.43,19.96,13.85,6.14,18,33.62
31/10/2015,5.43,19.96,13.85,6.14,18,33.62
01/11/2015,5.41,18.33,12.89,6,18,33.62
02/11/2015,5.41,18.33,12.89,6,18,33.62
03/11/2015,5.41,18.33,12.89,6,18,33.62
04/11/2015,5.41,18.33,12.89,6,18,33.62
05/11/2015,5.41,18.33,12.89,6,18,33.62
06/11/2015,5.41,18.33,12.89,6,18,33.62
07/11/2015,5.41,18.33,12.89,6,18,33.62
08/11/2015,5.41,18.33,12.89,6,18,33.62
09/11/2015,5.41,18.33,12.89,6,18,33.62
10/11/2015,5.41,18.33,12.89,6,18,33.62
11/11/2015,5.41,18.33,12.89,6,18,33.62
12/11/2015,5.41,18.33,12.89,6,18,33.62
13/11/2015,5.41,18.33,12.89,6,18,33.62
14/11/2015,5.41,18.33,12.89,6,18,33.62
15/11/2015,5.41,18.33,12.89,6,18,33.62
16/11/2015,5.41,18.33,12.89,6,18,33.62
17/11/2015,5.41,18.33,12.89,6,18,33.62
18/11/2015,5.41,18.33,12.89,6,18,33.62
19/11/2015,5.41,18.33,12.89,6,18,33.62
20/11/2015,5.41,18.33,12.89,6,18,33.62
21/11/2015,5.41,18.33,12.89,6,18,33.62
22/11/2015,5.41,18.33,12.89,6,18,33.62
23/11/2015,5.41,18.33,12.89,6,18,33.62
24/11/2015,5.41,18.33,12.89,6,18,33.62
25/11/2015,5.41,18.33,12.89,6,18,33.62
26/11/2015,5.41,18.33,12.89,6,18,33.62
27/11/2015,5.41,18.33,12.89,6,18,33.62
28/11/2015,5.41,18.33,12.89,6,18,33.62
29/11/2015,5.41,18.33,12.89,6,18,33.62
30/11/2015,5.41,18.33,12.89,6,18,33.62
01/12/2015,5.45,16,12.01,6.03,18,33.62
02/12/2015,5.45,16,12.01,6.03,18,33.62
03/12/2015,5.45,16,12.01,6.03,18,33.62
04/12/2015,5.45,16,12.01,6.03,18,33.62
05/12/2015,5.45,16,12.01,6.03,18,33.62
06/12/2015,5.45,16,12.01,6.03,18,33.62
07/12/2015,5.45,16,12.01,6.03,18,33.62
08/12/2015,5.45,16,12.01,6.03,18,33.62
09/12/2015,5.45,16,12.01,6.03,18,33.62
10/12/2015,5.45,16,12.01,6.03,18,33.62
11/12/2015,5.45,16,12.01,6.03,18,33.62
12/12/2015,5.45,16,12.01,6.03,18,33.62
13/12/2015,5.45,16,12.01,6.03,18,33.62
14/12/2015,5.45,16,12.01,6.03,18,33.62
15/12/2015,5.45,16,12.01,6.03,18,33.62
16/12/2015,5.45,16,12.01,6.03,18,33.62
17/12/2015,5.45,16,12.01,6.03,18,33.62
18/12/2015,5.45,16,12.01,6.03,18,33.62
19/12/2015,5.45,16,12.01,6.03,18,33.62
20/12/2015,5.45,16,12.01,6.03,18,33.62
21/12/2015,5.45,16,12.01,6.03,18,33.62
22/12/2015,5.45,16,12.01,6.03,18,33.62
23/12/2015,5.45,16,12.01,6.03,18,33.62
24/12/2015,5.45,16,12.01,6.03,18,33.62
25/12/2015,5.45,16,12.01,6.03,18,33.62
26/12/2015,5.45,16,12.01,6.03,18,33.62
27/12/2015,5.45,16,12.01,6.03,18,33.62
28/12/2015,5.45,16,12.01,6.03,18,33.62
29/12/2015,5.45,16,12.01,6.03,18,33.62
30/12/2015,5.45,16,12.01,6.03,18,33.62
31/12/2015,5.45,16,12.01,6.03,18,33.62
01/01/2016,5.36,13.71,10.94,5.26,18,36.25
02/01/2016,5.36,13.71,10.94,5.26,18,36.25
03/01/2016,5.36,13.71,10.94,5.26,18,36.25
04/01/2016,5.36,13.71,10.94,5.26,18,36.25
05/01/2016,5.36,13.71,10.94,5.26,18,36.25
06/01/2016,5.36,13.71,10.94,5.26,18,36.25
07/01/2016,5.36,13.71,10.94,5.26,18,36.25
08/01/2016,5.36,13.71,10.94,5.26,18,36.25
09/01/2016,5.36,13.71,10.94,5.26,18,36.25
10/01/2016,5.36,13.71,10.94,5.26,18,36.25
11/01/2016,5.36,13.71,10.94,5.26,18,36.25
12/01/2016,5.36,13.71,10.94,5.26,18,36.25
13/01/2016,5.36,13.71,10.94,5.26,18,36.25
14/01/2016,5.36,13.71,10.94,5.26,18,36.25
15/01/2016,5.36,13.71,10.94,5.26,18,36.25
16/01/2016,5.36,13.71,10.94,5.26,18,36.25
17/01/2016,5.36,13.71,10.94,5.26,18,36.25
18/01/2016,5.36,13.71,10.94,5.26,18,36.25
19/01/2016,5.36,13.71,10.94,5.26,18,36.25
20/01/2016,5.36,13.71,10.94,5.26,18,36.25
21/01/2016,5.36,13.71,10.94,5.26,18,36.25
22/01/2016,5.36,13.71,10.94,5.26,18,36.25
23/01/2016,5.36,13.71,10.94,5.26,18,36.25
24/01/2016,5.36,13.71,10.94,5.26,18,36.25
25/01/2016,5.36,13.71,10.94,5.26,18,36.25
26/01/2016,5.36,13.71,10.94,5.26,18,36.25
27/01/2016,5.36,13.71,10.94,5.26,18,36.25
28/01/2016,5.36,13.71,10.94,5.26,18,36.25
29/01/2016,5.36,13.71,10.94,5.26,18,36.25
30/01/2016,5.36,13.71,10.94,5.26,18,36.25
31/01/2016,5.36,13.71,10.94,5.26,18,36.25
01/02/2016,5.54,14.28,9.93,4.02,18,36.25
02/02/2016,5.54,14.28,9.93,4.02,18,36.25
03/02/2016,5.54,14.28,9.93,4.02,18,36.25
04/02/2016,5.54,14.28,9.93,4.02,18,36.25
05/02/2016,5.54,14.28,9.93,4.02,18,36.25
06/02/2016,5.54,14.28,9.93,4.02,18,36.25
07/02/2016,5.54,14.28,9.93,4.02,18,36.25
08/02/2016,5.54,14.28,9.93,4.02,18,36.25
09/02/2016,5.54,14.28,9.93,4.02,18,36.25
10/02/2016,5.54,14.28,9.93,4.02,18,36.25
11/02/2016,5.54,14.28,9.93,4.02,18,36.25
12/02/2016,5.54,14.28,9.93,4.02,18,36.25
13/02/2016,5.54,14.28,9.93,4.02,18,36.25
14/02/2016,5.54,14.28,9.93,4.02,18,36.25
15/02/2016,5.54,14.28,9.93,4.02,18,36.25
16/02/2016,5.54,14.28,9.93,4.02,18,36.25
17/02/2016,5.54,14.28,9.93,4.02,18,36.25
18/02/2016,5.54,14.28,9.93,4.02,18,36.25
19/02/2016,5.54,14.28,9.93,4.02,18,36.25
20/02/2016,5.54,14.28,9.93,4.02,18,36.25
21/02/2016,5.54,14.28,9.93,4.02,18,36.25
22/02/2016,5.54,14.28,9.93,4.02,18,36.25
23/02/2016,5.54,14.28,9.93,4.02,18,36.25
24/02/2016,5.54,14.28,9.93,4.02,18,36.25
25/02/2016,5.54,14.28,9.93,4.02,18,36.25
26/02/2016,5.54,14.28,9.93,4.02,18,36.25
27/02/2016,5.54,14.28,9.93,4.02,18,36.25
28/02/2016,5.54,14.28,9.93,4.02,18,36.25
29/02/2016,5.54,14.28,9.93,4.02,18,36.25
01/03/2016,5.67,17,9.75,3.83,18,36.25
02/03/2016,5.67,17,9.75,3.83,18,36.25
03/03/2016,5.67,17,9.75,3.83,18,36.25
04/03/2016,5.67,17,9.75,3.83,18,36.25
05/03/2016,5.67,17,9.75,3.83,18,36.25
06/03/2016,5.67,17,9.75,3.83,18,36.25
07/03/2016,5.67,17,9.75,3.83,18,36.25
08/03/2016,5.67,17,9.75,3.83,18,36.25
09/03/2016,5.67,17,9.75,3.83,18,36.25
10/03/2016,5.67,17,9.75,3.83,18,36.25
11/03/2016,5.67,17,9.75,3.83,18,36.25
12/03/2016,5.67,17,9.75,3.83,18,36.25
13/03/2016,5.67,17,9.75,3.83,18,36.25
14/03/2016,5.67,17,9.75,3.83,18,36.25
15/03/2016,5.67,17,9.75,3.83,18,36.25
16/03/2016,5.67,17,9.75,3.83,18,36.25
17/03/2016,5.67,17,9.75,3.83,18,36.25
18/03/2016,5.67,17,9.75,3.83,18,36.25
19/03/2016,5.67,17,9.75,3.83,18,36.25
20/03/2016,5.67,17,9.75,3.83,18,36.25
21/03/2016,5.67,17,9.75,3.83,18,36.25
22/03/2016,5.67,17,9.75,3.83,18,36.25
23/03/2016,5.67,17,9.75,3.83,18,36.25
24/03/2016,5.67,17,9.75,3.83,18,36.25
25/03/2016,5.67,17,9.75,3.83,18,36.25
26/03/2016,5.67,17,9.75,3.83,18,36.25
27/03/2016,5.67,17,9.75,3.83,18,36.25
28/03/2016,5.67,17,9.75,3.83,18,36.25
29/03/2016,5.67,17,9.75,3.83,18,36.25
30/03/2016,5.67,17,9.75,3.83,18,36.25
31/03/2016,5.67,17,9.75,3.83,18,36.25
01/04/2016,5.53,18.31,9.54,4.47,18,35.65
02/04/2016,5.53,18.31,9.54,4.47,18,35.65
03/04/2016,5.53,18.31,9.54,4.47,18,35.65
04/04/2016,5.53,18.31,9.54,4.47,18,35.65
05/04/2016,5.53,18.31,9.54,4.47,18,35.65
06/04/2016,5.53,18.31,9.54,4.47,18,35.65
07/04/2016,5.53,18.31,9.54,4.47,18,35.65
08/04/2016,5.53,18.31,9.54,4.47,18,35.65
09/04/2016,5.53,18.31,9.54,4.47,18,35.65
10/04/2016,5.53,18.31,9.54,4.47,18,35.65
11/04/2016,5.53,18.31,9.54,4.47,18,35.65
12/04/2016,5.53,18.31,9.54,4.47,18,35.65
13/04/2016,5.53,18.31,9.54,4.47,18,35.65
14/04/2016,5.53,18.31,9.54,4.47,18,35.65
15/04/2016,5.53,18.31,9.54,4.47,18,35.65
16/04/2016,5.53,18.31,9.54,4.47,18,35.65
17/04/2016,5.53,18.31,9.54,4.47,18,35.65
18/04/2016,5.53,18.31,9.54,4.47,18,35.65
19/04/2016,5.53,18.31,9.54,4.47,18,35.65
20/04/2016,5.53,18.31,9.54,4.47,18,35.65
21/04/2016,5.53,18.31,9.54,4.47,18,35.65
22/04/2016,5.53,18.31,9.54,4.47,18,35.65
23/04/2016,5.53,18.31,9.54,4.47,18,35.65
24/04/2016,5.53,18.31,9.54,4.47,18,35.65
25/04/2016,5.53,18.31,9.54,4.47,18,35.65
26/04/2016,5.53,18.31,9.54,4.47,18,35.65
27/04/2016,5.53,18.31,9.54,4.47,18,35.65
28/04/2016,5.53,18.31,9.54,4.47,18,35.65
29/04/2016,5.53,18.31,9.54,4.47,18,35.65
30/04/2016,5.53,18.31,9.54,4.47,18,35.65
01/05/2016,5.48,20.38,10.08,4.66,18,35.65
02/05/2016,5.48,20.38,10.08,4.66,18,35.65
03/05/2016,5.48,20.38,10.08,4.66,18,35.65
04/05/2016,5.48,20.38,10.08,4.66,18,35.65
05/05/2016,5.48,20.38,10.08,4.66,18,35.65
06/05/2016,5.48,20.38,10.08,4.66,18,35.65
07/05/2016,5.48,20.38,10.08,4.66,18,35.65
08/05/2016,5.48,20.38,10.08,4.66,18,35.65
09/05/2016,5.48,20.38,10.08,4.66,18,35.65
10/05/2016,5.48,20.38,10.08,4.66,18,35.65
11/05/2016,5.48,20.38,10.08,4.66,18,35.65
12/05/2016,5.48,20.38,10.08,4.66,18,35.65
13/05/2016,5.48,20.38,10.08,4.66,18,35.65
14/05/2016,5.48,20.38,10.08,4.66,18,35.65
15/05/2016,5.48,20.38,10.08,4.66,18,35.65
16/05/2016,5.48,20.38,10.08,4.66,18,35.65
17/05/2016,5.48,20.38,10.08,4.66,18,35.65
18/05/2016,5.48,20.38,10.08,4.66,18,35.65
19/05/2016,5.48,20.38,10.08,4.66,18,35.65
20/05/2016,5.48,20.38,10.08,4.66,18,35.65
21/05/2016,5.48,20.38,10.08,4.66,18,35.65
22/05/2016,5.48,20.38,10.08,4.66,18,35.65
23/05/2016,5.48,20.38,10.08,4.66,18,35.65
24/05/2016,5.48,20.38,10.08,4.66,18,35.65
25/05/2016,5.48,20.38,10.08,4.66,18,35.65
26/05/2016,5.48,20.38,10.08,4.66,18,35.65
27/05/2016,5.48,20.38,10.08,4.66,18,35.65
28/05/2016,5.48,20.38,10.08,4.66,18,35.65
29/05/2016,5.48,20.38,10.08,4.66,18,35.65
30/05/2016,5.48,20.38,10.08,4.66,18,35.65
31/05/2016,5.48,20.38,10.08,4.66,18,35.65
01/06/2016,5.85,21.25,11.5,4.46,18,35.65
02/06/2016,5.85,21.25,11.5,4.46,18,35.65
03/06/2016,5.85,21.25,11.5,4.46,18,35.65
04/06/2016,5.85,21.25,11.5,4.46,18,35.65
05/06/2016,5.85,21.25,11.5,4.46,18,35.65
06/06/2016,5.85,21.25,11.5,4.46,18,35.65
07/06/2016,5.85,21.25,11.5,4.46,18,35.65
08/06/2016,5.85,21.25,11.5,4.46,18,35.65
09/06/2016,5.85,21.25,11.5,4.46,18,35.65
10/06/2016,5.85,21.25,11.5,4.46,18,35.65
11/06/2016,5.85,21.25,11.5,4.46,18,35.65
12/06/2016,5.85,21.25,11.5,4.46,18,35.65
13/06/2016,5.85,21.25,11.5,4.46,18,35.65
14/06/2016,5.85,21.25,11.5,4.46,18,35.65
15/06/2016,5.85,21.25,11.5,4.46,18,35.65
16/06/2016,5.85,21.25,11.5,4.46,18,35.65
17/06/2016,5.85,21.25,11.5,4.46,18,35.65
18/06/2016,5.85,21.25,11.5,4.46,18,35.65
19/06/2016,5.85,21.25,11.5,4.46,18,35.65
20/06/2016,5.85,21.25,11.5,4.46,18,35.65
21/06/2016,5.85,21.25,11.5,4.46,18,35.65
22/06/2016,5.85,21.25,11.5,4.46,18,35.65
23/06/2016,5.85,21.25,11.5,4.46,18,35.65
24/06/2016,5.85,21.25,11.5,4.46,18,35.65
25/06/2016,5.85,21.25,11.5,4.46,18,35.65
26/06/2016,5.85,21.25,11.5,4.46,18,35.65
27/06/2016,5.85,21.25,11.5,4.46,18,35.65
28/06/2016,5.85,21.25,11.5,4.46,18,35.65
29/06/2016,5.85,21.25,11.5,4.46,18,35.65
30/06/2016,5.85,21.25,11.5,4.46,18,35.65
01/07/2016,7.17,21.56,12.01,3.98,18,37.57
02/07/2016,7.17,21.56,12.01,3.98,18,37.57
03/07/2016,7.17,21.56,12.01,3.98,18,37.57
04/07/2016,7.17,21.56,12.01,3.98,18,37.57
05/07/2016,7.17,21.56,12.01,3.98,18,37.57
06/07/2016,7.17,21.56,12.01,3.98,18,37.57
07/07/2016,7.17,21.56,12.01,3.98,18,37.57
08/07/2016,7.17,21.56,12.01,3.98,18,37.57
09/07/2016,7.17,21.56,12.01,3.98,18,37.57
10/07/2016,7.17,21.56,12.01,3.98,18,37.57
11/07/2016,7.17,21.56,12.01,3.98,18,37.57
12/07/2016,7.17,21.56,12.01,3.98,18,37.57
13/07/2016,7.17,21.56,12.01,3.98,18,37.57
14/07/2016,7.17,21.56,12.01,3.98,18,37.57
15/07/2016,7.17,21.56,12.01,3.98,18,37.57
16/07/2016,7.17,21.56,12.01,3.98,18,37.57
17/07/2016,7.17,21.56,12.01,3.98,18,37.57
18/07/2016,7.17,21.56,12.01,3.98,18,37.57
19/07/2016,7.17,21.56,12.01,3.98,18,37.57
20/07/2016,7.17,21.56,12.01,3.98,18,37.57
21/07/2016,7.17,21.56,12.01,3.98,18,37.57
22/07/2016,7.17,21.56,12.01,3.98,18,37.57
23/07/2016,7.17,21.56,12.01,3.98,18,37.57
24/07/2016,7.17,21.56,12.01,3.98,18,37.57
25/07/2016,7.17,21.56,12.01,3.98,18,37.57
26/07/2016,7.17,21.56,12.01,3.98,18,37.57
27/07/2016,7.17,21.56,12.01,3.98,18,37.57
28/07/2016,7.17,21.56,12.01,3.98,18,37.57
29/07/2016,7.17,21.56,12.01,3.98,18,37.57
30/07/2016,7.17,21.56,12.01,3.98,18,37.57
31/07/2016,7.17,21.56,12.01,3.98,18,37.57
01/08/2016,8.03,22.21,10.74,4.1,18,37.57
02/08/2016,8.03,22.21,10.74,4.1,18,37.57
03/08/2016,8.03,22.21,10.74,4.1,18,37.57
04/08/2016,8.03,22.21,10.74,4.1,18,37.57
05/08/2016,8.03,22.21,10.74,4.1,18,37.57
06/08/2016,8.03,22.21,10.74,4.1,18,37.57
07/08/2016,8.03,22.21,10.74,4.1,18,37.57
08/08/2016,8.03,22.21,10.74,4.1,18,37.57
09/08/2016,8.03,22.21,10.74,4.1,18,37.57
10/08/2016,8.03,22.21,10.74,4.1,18,37.57
11/08/2016,8.03,22.21,10.74,4.1,18,37.57
12/08/2016,8.03,22.21,10.74,4.1,18,37.57
13/08/2016,8.03,22.21,10.74,4.1,18,37.57
14/08/2016,8.03,22.21,10.74,4.1,18,37.57
15/08/2016,8.03,22.21,10.74,4.1,18,37.57
16/08/2016,8.03,22.21,10.74,4.1,18,37.57
17/08/2016,8.03,22.21,10.74,4.1,18,37.57
18/08/2016,8.03,22.21,10.74,4.1,18,37.57
19/08/2016,8.03,22.21,10.74,4.1,18,37.57
20/08/2016,8.03,22.21,10.74,4.1,18,37.57
21/08/2016,8.03,22.21,10.74,4.1,18,37.57
22/08/2016,8.03,22.21,10.74,4.1,18,37.57
23/08/2016,8.03,22.21,10.74,4.1,18,37.57
24/08/2016,8.03,22.21,10.74,4.1,18,37.57
25/08/2016,8.03,22.21,10.74,4.1,18,37.57
26/08/2016,8.03,22.21,10.74,4.1,18,37.57
27/08/2016,8.03,22.21,10.74,4.1,18,37.57
28/08/2016,8.03,22.21,10.74,4.1,18,37.57
29/08/2016,8.03,22.21,10.74,4.1,18,37.57
30/08/2016,8.03,22.21,10.74,4.1,18,37.57
31/08/2016,8.03,22.21,10.74,4.1,18,37.57
01/09/2016,8.41,22.33,11.44,3.73,18,37.57
02/09/2016,8.41,22.33,11.44,3.73,18,37.57
03/09/2016,8.41,22.33,11.44,3.73,18,37.57
04/09/2016,8.41,22.33,11.44,3.73,18,37.57
05/09/2016,8.41,22.33,11.44,3.73,18,37.57
06/09/2016,8.41,22.33,11.44,3.73,18,37.57
07/09/2016,8.41,22.33,11.44,3.73,18,37.57
08/09/2016,8.41,22.33,11.44,3.73,18,37.57
09/09/2016,8.41,22.33,11.44,3.73,18,37.57
10/09/2016,8.41,22.33,11.44,3.73,18,37.57
11/09/2016,8.41,22.33,11.44,3.73,18,37.57
12/09/2016,8.41,22.33,11.44,3.73,18,37.57
13/09/2016,8.41,22.33,11.44,3.73,18,37.57
14/09/2016,8.41,22.33,11.44,3.73,18,37.57
15/09/2016,8.41,22.33,11.44,3.73,18,37.57
16/09/2016,8.41,22.33,11.44,3.73,18,37.57
17/09/2016,8.41,22.33,11.44,3.73,18,37.57
18/09/2016,8.41,22.33,11.44,3.73,18,37.57
19/09/2016,8.41,22.33,11.44,3.73,18,37.57
20/09/2016,8.41,22.33,11.44,3.73,18,37.57
21/09/2016,8.41,22.33,11.44,3.73,18,37.57
22/09/2016,8.41,22.33,11.44,3.73,18,37.57
23/09/2016,8.41,22.33,11.44,3.73,18,37.57
24/09/2016,8.41,22.33,11.44,3.73,18,37.57
25/09/2016,8.41,22.33,11.44,3.73,18,37.57
26/09/2016,8.41,22.33,11.44,3.73,18,37.57
27/09/2016,8.41,22.33,11.44,3.73,18,37.57
28/09/2016,8.41,22.33,11.44,3.73,18,37.57
29/09/2016,8.41,22.33,11.44,3.73,18,37.57
30/09/2016,8.41,22.33,11.44,3.73,18,37.57
01/10/2016,11.22,25.2,15.61,5.12,18,39.08
02/10/2016,11.22,25.2,15.61,5.12,18,39.08
03/10/2016,11.22,25.2,15.61,5.12,18,39.08
04/10/2016,11.22,25.2,15.61,5.12,18,39.08
05/10/2016,11.22,25.2,15.61,5.12,18,39.08
06/10/2016,11.22,25.2,15.61,5.12,18,39.08
07/10/2016,11.22,25.2,15.61,5.12,18,39.08
08/10/2016,11.22,25.2,15.61,5.12,18,39.08
09/10/2016,11.22,25.2,15.61,5.12,18,39.08
10/10/2016,11.22,25.2,15.61,5.12,18,39.08
11/10/2016,11.22,25.2,15.61,5.12,18,39.08
12/10/2016,11.22,25.2,15.61,5.12,18,39.08
13/10/2016,11.22,25.2,15.61,5.12,18,39.08
14/10/2016,11.22,25.2,15.61,5.12,18,39.08
15/10/2016,11.22,25.2,15.61,5.12,18,39.08
16/10/2016,11.22,25.2,15.61,5.12,18,39.08
17/10/2016,11.22,25.2,15.61,5.12,18,39.08
18/10/2016,11.22,25.2,15.61,5.12,18,39.08
19/10/2016,11.22,25.2,15.61,5.12,18,39.08
20/10/2016,11.22,25.2,15.61,5.12,18,39.08
21/10/2016,11.22,25.2,15.61,5.12,18,39.08
22/10/2016,11.22,25.2,15.61,5.12,18,39.08
23/10/2016,11.22,25.2,15.61,5.12,18,39.08
24/10/2016,11.22,25.2,15.61,5.12,18,39.08
25/10/2016,11.22,25.2,15.61,5.12,18,39.08
26/10/2016,11.22,25.2,15.61,5.12,18,39.08
27/10/2016,11.22,25.2,15.61,5.12,18,39.08
28/10/2016,11.22,25.2,15.61,5.12,18,39.08
29/10/2016,11.22,25.2,15.61,5.12,18,39.08
30/10/2016,11.22,25.2,15.61,5.12,18,39.08
31/10/2016,11.22,25.2,15.61,5.12,18,39.08
01/11/2016,13.3,22.58,16.96,4.94,18,39.08
02/11/2016,13.3,22.58,16.96,4.94,18,39.08
03/11/2016,13.3,22.58,16.96,4.94,18,39.08
04/11/2016,13.3,22.58,16.96,4.94,18,39.08
05/11/2016,13.3,22.58,16.96,4.94,18,39.08
06/11/2016,13.3,22.58,16.96,4.94,18,39.08
07/11/2016,13.3,22.58,16.96,4.94,18,39.08
08/11/2016,13.3,22.58,16.96,4.94,18,39.08
09/11/2016,13.3,22.58,16.96,4.94,18,39.08
10/11/2016,13.3,22.58,16.96,4.94,18,39.08
11/11/2016,13.3,22.58,16.96,4.94,18,39.08
12/11/2016,13.3,22.58,16.96,4.94,18,39.08
13/11/2016,13.3,22.58,16.96,4.94,18,39.08
14/11/2016,13.3,22.58,16.96,4.94,18,39.08
15/11/2016,13.3,22.58,16.96,4.94,18,39.08
16/11/2016,13.3,22.58,16.96,4.94,18,39.08
17/11/2016,13.3,22.58,16.96,4.94,18,39.08
18/11/2016,13.3,22.58,16.96,4.94,18,39.08
19/11/2016,13.3,22.58,16.96,4.94,18,39.08
20/11/2016,13.3,22.58,16.96,4.94,18,39.08
21/11/2016,13.3,22.58,16.96,4.94,18,39.08
22/11/2016,13.3,22.58,16.96,4.94,18,39.08
23/11/2016,13.3,22.58,16.96,4.94,18,39.08
24/11/2016,13.3,22.58,16.96,4.94,18,39.08
25/11/2016,13.3,22.58,16.96,4.94,18,39.08
26/11/2016,13.3,22.58,16.96,4.94,18,39.08
27/11/2016,13.3,22.58,16.96,4.94,18,39.08
28/11/2016,13.3,22.58,16.96,4.94,18,39.08
29/11/2016,13.3,22.58,16.96,4.94,18,39.08
30/11/2016,13.3,22.58,16.96,4.94,18,39.08
01/12/2016,10.85,27.03,15.99,4.47,18,39.08
02/12/2016,10.85,27.03,15.99,4.47,18,39.08
03/12/2016,10.85,27.03,15.99,4.47,18,39.08
04/12/2016,10.85,27.03,15.99,4.47,18,39.08
05/12/2016,10.85,27.03,15.99,4.47,18,39.08
06/12/2016,10.85,27.03,15.99,4.47,18,39.08
07/12/2016,10.85,27.03,15.99,4.47,18,39.08
08/12/2016,10.85,27.03,15.99,4.47,18,39.08
09/12/2016,10.85,27.03,15.99,4.47,18,39.08
10/12/2016,10.85,27.03,15.99,4.47,18,39.08
11/12/2016,10.85,27.03,15.99,4.47,18,39.08
12/12/2016,10.85,27.03,15.99,4.47,18,39.08
13/12/2016,10.85,27.03,15.99,4.47,18,39.08
14/12/2016,10.85,27.03,15.99,4.47,18,39.08
15/12/2016,10.85,27.03,15.99,4.47,18,39.08
16/12/2016,10.85,27.03,15.99,4.47,18,39.08
17/12/2016,10.85,27.03,15.99,4.47,18,39.08
18/12/2016,10.85,27.03,15.99,4.47,18,39.08
19/12/2016,10.85,27.03,15.99,4.47,18,39.08
20/12/2016,10.85,27.03,15.99,4.47,18,39.08
21/12/2016,10.85,27.03,15.99,4.47,18,39.08
22/12/2016,10.85,27.03,15.99,4.47,18,39.08
23/12/2016,10.85,27.03,15.99,4.47,18,39.08
24/12/2016,10.85,27.03,15.99,4.47,18,39.08
25/12/2016,10.85,27.03,15.99,4.47,18,39.08
26/12/2016,10.85,27.03,15.99,4.47,18,39.08
27/12/2016,10.85,27.03,15.99,4.47,18,39.08
28/12/2016,10.85,27.03,15.99,4.47,18,39.08
29/12/2016,10.85,27.03,15.99,4.47,18,39.08
30/12/2016,10.85,27.03,15.99,4.47,18,39.08
31/12/2016,10.85,27.03,15.99,4.47,18,39.08
01/01/2017,10.67,27.99,18.16,4.55,18,42.03
02/01/2017,10.67,27.99,18.16,4.55,18,42.03
03/01/2017,10.67,27.99,18.16,4.55,18,42.03
04/01/2017,10.67,27.99,18.16,4.55,18,42.03
05/01/2017,10.67,27.99,18.16,4.55,18,42.03
06/01/2017,10.67,27.99,18.16,4.55,18,42.03
07/01/2017,10.67,27.99,18.16,4.55,18,42.03
08/01/2017,10.67,27.99,18.16,4.55,18,42.03
09/01/2017,10.67,27.99,18.16,4.55,18,42.03
10/01/2017,10.67,27.99,18.16,4.55,18,42.03
11/01/2017,10.67,27.99,18.16,4.55,18,42.03
12/01/2017,10.67,27.99,18.16,4.55,18,42.03
13/01/2017,10.67,27.99,18.16,4.55,18,42.03
14/01/2017,10.67,27.99,18.16,4.55,18,42.03
15/01/2017,10.67,27.99,18.16,4.55,18,42.03
16/01/2017,10.67,27.99,18.16,4.55,18,42.03
17/01/2017,10.67,27.99,18.16,4.55,18,42.03
18/01/2017,10.67,27.99,18.16,4.55,18,42.03
19/01/2017,10.67,27.99,18.16,4.55,18,42.03
20/01/2017,10.67,27.99,18.16,4.55,18,42.03
21/01/2017,10.67,27.99,18.16,4.55,18,42.03
22/01/2017,10.67,27.99,18.16,4.55,18,42.03
23/01/2017,10.67,27.99,18.16,4.55,18,42.03
24/01/2017,10.67,27.99,18.16,4.55,18,42.03
25/01/2017,10.67,27.99,18.16,4.55,18,42.03
26/01/2017,10.67,27.99,18.16,4.55,18,42.03
27/01/2017,10.67,27.99,18.16,4.55,18,42.03
28/01/2017,10.67,27.99,18.16,4.55,18,42.03
29/01/2017,10.67,27.99,18.16,4.55,18,42.03
30/01/2017,10.67,27.99,18.16,4.55,18,42.03
31/01/2017,10.67,27.99,18.16,4.55,18,42.03
01/02/2017,10.12,27.78,17.43,4.43,18,42.03
02/02/2017,10.12,27.78,17.43,4.43,18,42.03
03/02/2017,10.12,27.78,17.43,4.43,18,42.03
04/02/2017,10.12,27.78,17.43,4.43,18,42.03
05/02/2017,10.12,27.78,17.43,4.43,18,42.03
06/02/2017,10.12,27.78,17.43,4.43,18,42.03
07/02/2017,10.12,27.78,17.43,4.43,18,42.03
08/02/2017,10.12,27.78,17.43,4.43,18,42.03
09/02/2017,10.12,27.78,17.43,4.43,18,42.03
10/02/2017,10.12,27.78,17.43,4.43,18,42.03
11/02/2017,10.12,27.78,17.43,4.43,18,42.03
12/02/2017,10.12,27.78,17.43,4.43,18,42.03
13/02/2017,10.12,27.78,17.43,4.43,18,42.03
14/02/2017,10.12,27.78,17.43,4.43,18,42.03
15/02/2017,10.12,27.78,17.43,4.43,18,42.03
16/02/2017,10.12,27.78,17.43,4.43,18,42.03
17/02/2017,10.12,27.78,17.43,4.43,18,42.03
18/02/2017,10.12,27.78,17.43,4.43,18,42.03
19/02/2017,10.12,27.78,17.43,4.43,18,42.03
20/02/2017,10.12,27.78,17.43,4.43,18,42.03
21/02/2017,10.12,27.78,17.43,4.43,18,42.03
22/02/2017,10.12,27.78,17.43,4.43,18,42.03
23/02/2017,10.12,27.78,17.43,4.43,18,42.03
24/02/2017,10.12,27.78,17.43,4.43,18,42.03
25/02/2017,10.12,27.78,17.43,4.43,18,42.03
26/02/2017,10.12,27.78,17.43,4.43,18,42.03
27/02/2017,10.12,27.78,17.43,4.43,18,42.03
28/02/2017,10.12,27.78,17.43,4.43,18,42.03
01/03/2017,10.22,26.38,14.11,4.48,18,42.03
02/03/2017,10.22,26.38,14.11,4.48,18,42.03
03/03/2017,10.22,26.38,14.11,4.48,18,42.03
04/03/2017,10.22,26.38,14.11,4.48,18,42.03
05/03/2017,10.22,26.38,14.11,4.48,18,42.03
06/03/2017,10.22,26.38,14.11,4.48,18,42.03
07/03/2017,10.22,26.38,14.11,4.48,18,42.03
08/03/2017,10.22,26.38,14.11,4.48,18,42.03
09/03/2017,10.22,26.38,14.11,4.48,18,42.03
10/03/2017,10.22,26.38,14.11,4.48,18,42.03
11/03/2017,10.22,26.38,14.11,4.48,18,42.03
12/03/2017,10.22,26.38,14.11,4.48,18,42.03
13/03/2017,10.22,26.38,14.11,4.48,18,42.03
14/03/2017,10.22,26.38,14.11,4.48,18,42.03
15/03/2017,10.22,26.38,14.11,4.48,18,42.03
16/03/2017,10.22,26.38,14.11,4.48,18,42.03
17/03/2017,10.22,26.38,14.11,4.48,18,42.03
18/03/2017,10.22,26.38,14.11,4.48,18,42.03
19/03/2017,10.22,26.38,14.11,4.48,18,42.03
20/03/2017,10.22,26.38,14.11,4.48,18,42.03
21/03/2017,10.22,26.38,14.11,4.48,18,42.03
22/03/2017,10.22,26.38,14.11,4.48,18,42.03
23/03/2017,10.22,26.38,14.11,4.48,18,42.03
24/03/2017,10.22,26.38,14.11,4.48,18,42.03
25/03/2017,10.22,26.38,14.11,4.48,18,42.03
26/03/2017,10.22,26.38,14.11,4.48,18,42.03
27/03/2017,10.22,26.38,14.11,4.48,18,42.03
28/03/2017,10.22,26.38,14.11,4.48,18,42.03
29/03/2017,10.22,26.38,14.11,4.48,18,42.03
30/03/2017,10.22,26.38,14.11,4.48,18,42.03
31/03/2017,10.22,26.38,14.11,4.48,18,42.03
01/04/2017,10.54,26.18,13.37,4.07,18,40.45
02/04/2017,10.54,26.18,13.37,4.07,18,40.45
03/04/2017,10.54,26.18,13.37,4.07,18,40.45
04/04/2017,10.54,26.18,13.37,4.07,18,40.45
05/04/2017,10.54,26.18,13.37,4.07,18,40.45
06/04/2017,10.54,26.18,13.37,4.07,18,40.45
07/04/2017,10.54,26.18,13.37,4.07,18,40.45
08/04/2017,10.54,26.18,13.37,4.07,18,40.45
09/04/2017,10.54,26.18,13.37,4.07,18,40.45
10/04/2017,10.54,26.18,13.37,4.07,18,40.45
11/04/2017,10.54,26.18,13.37,4.07,18,40.45
12/04/2017,10.54,26.18,13.37,4.07,18,40.45
13/04/2017,10.54,26.18,13.37,4.07,18,40.45
14/04/2017,10.54,26.18,13.37,4.07,18,40.45
15/04/2017,10.54,26.18,13.37,4.07,18,40.45
16/04/2017,10.54,26.18,13.37,4.07,18,40.45
17/04/2017,10.54,26.18,13.37,4.07,18,40.45
18/04/2017,10.54,26.18,13.37,4.07,18,40.45
19/04/2017,10.54,26.18,13.37,4.07,18,40.45
20/04/2017,10.54,26.18,13.37,4.07,18,40.45
21/04/2017,10.54,26.18,13.37,4.07,18,40.45
22/04/2017,10.54,26.18,13.37,4.07,18,40.45
23/04/2017,10.54,26.18,13.37,4.07,18,40.45
24/04/2017,10.54,26.18,13.37,4.07,18,40.45
25/04/2017,10.54,26.18,13.37,4.07,18,40.45
26/04/2017,10.54,26.18,13.37,4.07,18,40.45
27/04/2017,10.54,26.18,13.37,4.07,18,40.45
28/04/2017,10.54,26.18,13.37,4.07,18,40.45
29/04/2017,10.54,26.18,13.37,4.07,18,40.45
30/04/2017,10.54,26.18,13.37,4.07,18,40.45
01/05/2017,9.08,24.57,12.59,4.07,18,40.45
02/05/2017,9.08,24.57,12.59,4.07,18,40.45
03/05/2017,9.08,24.57,12.59,4.07,18,40.45
04/05/2017,9.08,24.57,12.59,4.07,18,40.45
05/05/2017,9.08,24.57,12.59,4.07,18,40.45
06/05/2017,9.08,24.57,12.59,4.07,18,40.45
07/05/2017,9.08,24.57,12.59,4.07,18,40.45
08/05/2017,9.08,24.57,12.59,4.07,18,40.45
09/05/2017,9.08,24.57,12.59,4.07,18,40.45
10/05/2017,9.08,24.57,12.59,4.07,18,40.45
11/05/2017,9.08,24.57,12.59,4.07,18,40.45
12/05/2017,9.08,24.57,12.59,4.07,18,40.45
13/05/2017,9.08,24.57,12.59,4.07,18,40.45
14/05/2017,9.08,24.57,12.59,4.07,18,40.45
15/05/2017,9.08,24.57,12.59,4.07,18,40.45
16/05/2017,9.08,24.57,12.59,4.07,18,40.45
17/05/2017,9.08,24.57,12.59,4.07,18,40.45
18/05/2017,9.08,24.57,12.59,4.07,18,40.45
19/05/2017,9.08,24.57,12.59,4.07,18,40.45
20/05/2017,9.08,24.57,12.59,4.07,18,40.45
21/05/2017,9.08,24.57,12.59,4.07,18,40.45
22/05/2017,9.08,24.57,12.59,4.07,18,40.45
23/05/2017,9.08,24.57,12.59,4.07,18,40.45
24/05/2017,9.08,24.57,12.59,4.07,18,40.45
25/05/2017,9.08,24.57,12.59,4.07,18,40.45
26/05/2017,9.08,24.57,12.59,4.07,18,40.45
27/05/2017,9.08,24.57,12.59,4.07,18,40.45
28/05/2017,9.08,24.57,12.59,4.07,18,40.45
29/05/2017,9.08,24.57,12.59,4.07,18,40.45
30/05/2017,9.08,24.57,12.59,4.07,18,40.45
31/05/2017,9.08,24.57,12.59,4.07,18,40.45
01/06/2017,9.72,22.86,12.28,4.41,18,40.45
02/06/2017,9.72,22.86,12.28,4.41,18,40.45
03/06/2017,9.72,22.86,12.28,4.41,18,40.45
04/06/2017,9.72,22.86,12.28,4.41,18,40.45
05/06/2017,9.72,22.86,12.28,4.41,18,40.45
06/06/2017,9.72,22.86,12.28,4.41,18,40.45
07/06/2017,9.72,22.86,12.28,4.41,18,40.45
08/06/2017,9.72,22.86,12.28,4.41,18,40.45
09/06/2017,9.72,22.86,12.28,4.41,18,40.45
10/06/2017,9.72,22.86,12.28,4.41,18,40.45
11/06/2017,9.72,22.86,12.28,4.41,18,40.45
12/06/2017,9.72,22.86,12.28,4.41,18,40.45
13/06/2017,9.72,22.86,12.28,4.41,18,40.45
14/06/2017,9.72,22.86,12.28,4.41,18,40.45
15/06/2017,9.72,22.86,12.28,4.41,18,40.45
16/06/2017,9.72,22.86,12.28,4.41,18,40.45
17/06/2017,9.72,22.86,12.28,4.41,18,40.45
18/06/2017,9.72,22.86,12.28,4.41,18,40.45
19/06/2017,9.72,22.86,12.28,4.41,18,40.45
20/06/2017,9.72,22.86,12.28,4.41,18,40.45
21/06/2017,9.72,22.86,12.28,4.41,18,40.45
22/06/2017,9.72,22.86,12.28,4.41,18,40.45
23/06/2017,9.72,22.86,12.28,4.41,18,40.45
24/06/2017,9.72,22.86,12.28,4.41,18,40.45
25/06/2017,9.72,22.86,12.28,4.41,18,40.45
26/06/2017,9.72,22.86,12.28,4.41,18,40.45
27/06/2017,9.72,22.86,12.28,4.41,18,40.45
28/06/2017,9.72,22.86,12.28,4.41,18,40.45
29/06/2017,9.72,22.86,12.28,4.41,18,40.45
30/06/2017,9.72,22.86,12.28,4.41,18,40.45
01/07/2017,10.19,23.5,12.39,4.7,18,40.79
02/07/2017,10.19,23.5,12.39,4.7,18,40.79
03/07/2017,10.19,23.5,12.39,4.7,18,40.79
04/07/2017,10.19,23.5,12.39,4.7,18,40.79
05/07/2017,10.19,23.5,12.39,4.7,18,40.79
06/07/2017,10.19,23.5,12.39,4.7,18,40.79
07/07/2017,10.19,23.5,12.39,4.7,18,40.79
08/07/2017,10.19,23.5,12.39,4.7,18,40.79
09/07/2017,10.19,23.5,12.39,4.7,18,40.79
10/07/2017,10.19,23.5,12.39,4.7,18,40.79
11/07/2017,10.19,23.5,12.39,4.7,18,40.79
12/07/2017,10.19,23.5,12.39,4.7,18,40.79
13/07/2017,10.19,23.5,12.39,4.7,18,40.79
14/07/2017,10.19,23.5,12.39,4.7,18,40.79
15/07/2017,10.19,23.5,12.39,4.7,18,40.79
16/07/2017,10.19,23.5,12.39,4.7,18,40.79
17/07/2017,10.19,23.5,12.39,4.7,18,40.79
18/07/2017,10.19,23.5,12.39,4.7,18,40.79
19/07/2017,10.19,23.5,12.39,4.7,18,40.79
20/07/2017,10.19,23.5,12.39,4.7,18,40.79
21/07/2017,10.19,23.5,12.39,4.7,18,40.79
22/07/2017,10.19,23.5,12.39,4.7,18,40.79
23/07/2017,10.19,23.5,12.39,4.7,18,40.79
24/07/2017,10.19,23.5,12.39,4.7,18,40.79
25/07/2017,10.19,23.5,12.39,4.7,18,40.79
26/07/2017,10.19,23.5,12.39,4.7,18,40.79
27/07/2017,10.19,23.5,12.39,4.7,18,40.79
28/07/2017,10.19,23.5,12.39,4.7,18,40.79
29/07/2017,10.19,23.5,12.39,4.7,18,40.79
30/07/2017,10.19,23.5,12.39,4.7,18,40.79
31/07/2017,10.19,23.5,12.39,4.7,18,40.79
01/08/2017,11.67,25.21,14.58,5.23,18,40.79
02/08/2017,11.67,25.21,14.58,5.23,18,40.79
03/08/2017,11.67,25.21,14.58,5.23,18,40.79
04/08/2017,11.67,25.21,14.58,5.23,18,40.79
05/08/2017,11.67,25.21,14.58,5.23,18,40.79
06/08/2017,11.67,25.21,14.58,5.23,18,40.79
07/08/2017,11.67,25.21,14.58,5.23,18,40.79
08/08/2017,11.67,25.21,14.58,5.23,18,40.79
09/08/2017,11.67,25.21,14.58,5.23,18,40.79
10/08/2017,11.67,25.21,14.58,5.23,18,40.79
11/08/2017,11.67,25.21,14.58,5.23,18,40.79
12/08/2017,11.67,25.21,14.58,5.23,18,40.79
13/08/2017,11.67,25.21,14.58,5.23,18,40.79
14/08/2017,11.67,25.21,14.58,5.23,18,40.79
15/08/2017,11.67,25.21,14.58,5.23,18,40.79
16/08/2017,11.67,25.21,14.58,5.23,18,40.79
17/08/2017,11.67,25.21,14.58,5.23,18,40.79
18/08/2017,11.67,25.21,14.58,5.23,18,40.79
19/08/2017,11.67,25.21,14.58,5.23,18,40.79
20/08/2017,11.67,25.21,14.58,5.23,18,40.79
21/08/2017,11.67,25.21,14.58,5.23,18,40.79
22/08/2017,11.67,25.21,14.58,5.23,18,40.79
23/08/2017,11.67,25.21,14.58,5.23,18,40.79
24/08/2017,11.67,25.21,14.58,5.23,18,40.79
25/08/2017,11.67,25.21,14.58,5.23,18,40.79
26/08/2017,11.67,25.21,14.58,5.23,18,40.79
27/08/2017,11.67,25.21,14.58,5.23,18,40.79
28/08/2017,11.67,25.21,14.58,5.23,18,40.79
29/08/2017,11.67,25.21,14.58,5.23,18,40.79
30/08/2017,11.67,25.21,14.58,5.23,18,40.79
31/08/2017,11.67,25.21,14.58,5.23,18,40.79
01/09/2017,11.5,26.56,15.47,6.12,18,40.79
02/09/2017,11.5,26.56,15.47,6.12,18,40.79
03/09/2017,11.5,26.56,15.47,6.12,18,40.79
04/09/2017,11.5,26.56,15.47,6.12,18,40.79
05/09/2017,11.5,26.56,15.47,6.12,18,40.79
06/09/2017,11.5,26.56,15.47,6.12,18,40.79
07/09/2017,11.5,26.56,15.47,6.12,18,40.79
08/09/2017,11.5,26.56,15.47,6.12,18,40.79
09/09/2017,11.5,26.56,15.47,6.12,18,40.79
10/09/2017,11.5,26.56,15.47,6.12,18,40.79
11/09/2017,11.5,26.56,15.47,6.12,18,40.79
12/09/2017,11.5,26.56,15.47,6.12,18,40.79
13/09/2017,11.5,26.56,15.47,6.12,18,40.79
14/09/2017,11.5,26.56,15.47,6.12,18,40.79
15/09/2017,11.5,26.56,15.47,6.12,18,40.79
16/09/2017,11.5,26.56,15.47,6.12,18,40.79
17/09/2017,11.5,26.56,15.47,6.12,18,40.79
18/09/2017,11.5,26.56,15.47,6.12,18,40.79
19/09/2017,11.5,26.56,15.47,6.12,18,40.79
20/09/2017,11.5,26.56,15.47,6.12,18,40.79
21/09/2017,11.5,26.56,15.47,6.12,18,40.79
22/09/2017,11.5,26.56,15.47,6.12,18,40.79
23/09/2017,11.5,26.56,15.47,6.12,18,40.79
24/09/2017,11.5,26.56,15.47,6.12,18,40.79
25/09/2017,11.5,26.56,15.47,6.12,18,40.79
26/09/2017,11.5,26.56,15.47,6.12,18,40.79
27/09/2017,11.5,26.56,15.47,6.12,18,40.79
28/09/2017,11.5,26.56,15.47,6.12,18,40.79
29/09/2017,11.5,26.56,15.47,6.12,18,40.79
30/09/2017,11.5,26.56,15.47,6.12,18,40.79
01/10/2017,11.5,27.53,16.76,6.56,18,41.54
02/10/2017,11.5,27.53,16.76,6.56,18,41.54
03/10/2017,11.5,27.53,16.76,6.56,18,41.54
04/10/2017,11.5,27.53,16.76,6.56,18,41.54
05/10/2017,11.5,27.53,16.76,6.56,18,41.54
06/10/2017,11.5,27.53,16.76,6.56,18,41.54
07/10/2017,11.5,27.53,16.76,6.56,18,41.54
08/10/2017,11.5,27.53,16.76,6.56,18,41.54
09/10/2017,11.5,27.53,16.76,6.56,18,41.54
10/10/2017,11.5,27.53,16.76,6.56,18,41.54
11/10/2017,11.5,27.53,16.76,6.56,18,41.54
12/10/2017,11.5,27.53,16.76,6.56,18,41.54
13/10/2017,11.5,27.53,16.76,6.56,18,41.54
14/10/2017,11.5,27.53,16.76,6.56,18,41.54
15/10/2017,11.5,27.53,16.76,6.56,18,41.54
16/10/2017,11.5,27.53,16.76,6.56,18,41.54
17/10/2017,11.5,27.53,16.76,6.56,18,41.54
18/10/2017,11.5,27.53,16.76,6.56,18,41.54
19/10/2017,11.5,27.53,16.76,6.56,18,41.54
20/10/2017,11.5,27.53,16.76,6.56,18,41.54
21/10/2017,11.5,27.53,16.76,6.56,18,41.54
22/10/2017,11.5,27.53,16.76,6.56,18,41.54
23/10/2017,11.5,27.53,16.76,6.56,18,41.54
24/10/2017,11.5,27.53,16.76,6.56,18,41.54
25/10/2017,11.5,27.53,16.76,6.56,18,41.54
26/10/2017,11.5,27.53,16.76,6.56,18,41.54
27/10/2017,11.5,27.53,16.76,6.56,18,41.54
28/10/2017,11.5,27.53,16.76,6.56,18,41.54
29/10/2017,11.5,27.53,16.76,6.56,18,41.54
30/10/2017,11.5,27.53,16.76,6.56,18,41.54
31/10/2017,11.5,27.53,16.76,6.56,18,41.54
01/11/2017,11.53,29.96,18.5,6.85,18,41.54
02/11/2017,11.53,29.96,18.5,6.85,18,41.54
03/11/2017,11.53,29.96,18.5,6.85,18,41.54
04/11/2017,11.53,29.96,18.5,6.85,18,41.54
05/11/2017,11.53,29.96,18.5,6.85,18,41.54
06/11/2017,11.53,29.96,18.5,6.85,18,41.54
07/11/2017,11.53,29.96,18.5,6.85,18,41.54
08/11/2017,11.53,29.96,18.5,6.85,18,41.54
09/11/2017,11.53,29.96,18.5,6.85,18,41.54
10/11/2017,11.53,29.96,18.5,6.85,18,41.54
11/11/2017,11.53,29.96,18.5,6.85,18,41.54
12/11/2017,11.53,29.96,18.5,6.85,18,41.54
13/11/2017,11.53,29.96,18.5,6.85,18,41.54
14/11/2017,11.53,29.96,18.5,6.85,18,41.54
15/11/2017,11.53,29.96,18.5,6.85,18,41.54
16/11/2017,11.53,29.96,18.5,6.85,18,41.54
17/11/2017,11.53,29.96,18.5,6.85,18,41.54
18/11/2017,11.53,29.96,18.5,6.85,18,41.54
19/11/2017,11.53,29.96,18.5,6.85,18,41.54
20/11/2017,11.53,29.96,18.5,6.85,18,41.54
21/11/2017,11.53,29.96,18.5,6.85,18,41.54
22/11/2017,11.53,29.96,18.5,6.85,18,41.54
23/11/2017,11.53,29.96,18.5,6.85,18,41.54
24/11/2017,11.53,29.96,18.5,6.85,18,41.54
25/11/2017,11.53,29.96,18.5,6.85,18,41.54
26/11/2017,11.53,29.96,18.5,6.85,18,41.54
27/11/2017,11.53,29.96,18.5,6.85,18,41.54
28/11/2017,11.53,29.96,18.5,6.85,18,41.54
29/11/2017,11.53,29.96,18.5,6.85,18,41.54
30/11/2017,11.53,29.96,18.5,6.85,18,41.54
01/12/2017,11.57,30.39,19.8,6.85,18,41.54
02/12/2017,11.57,30.39,19.8,6.85,18,41.54
03/12/2017,11.57,30.39,19.8,6.85,18,41.54
04/12/2017,11.57,30.39,19.8,6.85,18,41.54
05/12/2017,11.57,30.39,19.8,6.85,18,41.54
06/12/2017,11.57,30.39,19.8,6.85,18,41.54
07/12/2017,11.57,30.39,19.8,6.85,18,41.54
08/12/2017,11.57,30.39,19.8,6.85,18,41.54
09/12/2017,11.57,30.39,19.8,6.85,18,41.54
10/12/2017,11.57,30.39,19.8,6.85,18,41.54
11/12/2017,11.57,30.39,19.8,6.85,18,41.54
12/12/2017,11.57,30.39,19.8,6.85,18,41.54
13/12/2017,11.57,30.39,19.8,6.85,18,41.54
14/12/2017,11.57,30.39,19.8,6.85,18,41.54
15/12/2017,11.57,30.39,19.8,6.85,18,41.54
16/12/2017,11.57,30.39,19.8,6.85,18,41.54
17/12/2017,11.57,30.39,19.8,6.85,18,41.54
18/12/2017,11.57,30.39,19.8,6.85,18,41.54
19/12/2017,11.57,30.39,19.8,6.85,18,41.54
20/12/2017,11.57,30.39,19.8,6.85,18,41.54
21/12/2017,11.57,30.39,19.8,6.85,18,41.54
22/12/2017,11.57,30.39,19.8,6.85,18,41.54
23/12/2017,11.57,30.39,19.8,6.85,18,41.54
24/12/2017,11.57,30.39,19.8,6.85,18,41.54
25/12/2017,11.57,30.39,19.8,6.85,18,41.54
26/12/2017,11.57,30.39,19.8,6.85,18,41.54
27/12/2017,11.57,30.39,19.8,6.85,18,41.54
28/12/2017,11.57,30.39,19.8,6.85,18,41.54
29/12/2017,11.57,30.39,19.8,6.85,18,41.54
30/12/2017,11.57,30.39,19.8,6.85,18,41.54
31/12/2017,11.57,30.39,19.8,6.85,18,41.54
01/01/2018,12,31.56,17.12,7.48,18,43.7
02/01/2018,12,31.56,17.12,7.48,18,43.7
03/01/2018,12,31.56,17.12,7.48,18,43.7
04/01/2018,12,31.56,17.12,7.48,18,43.7
05/01/2018,12,31.56,17.12,7.48,18,43.7
06/01/2018,12,31.56,17.12,7.48,18,43.7
07/01/2018,12,31.56,17.12,7.48,18,43.7
08/01/2018,12,31.56,17.12,7.48,18,43.7
09/01/2018,12,31.56,17.12,7.48,18,43.7
10/01/2018,12,31.56,17.12,7.48,18,43.7
11/01/2018,12,31.56,17.12,7.48,18,43.7
12/01/2018,12,31.56,17.12,7.48,18,43.7
13/01/2018,12,31.56,17.12,7.48,18,43.7
14/01/2018,12,31.56,17.12,7.48,18,43.7
15/01/2018,12,31.56,17.12,7.48,18,43.7
16/01/2018,12,31.56,17.12,7.48,18,43.7
17/01/2018,12,31.56,17.12,7.48,18,43.7
18/01/2018,12,31.56,17.12,7.48,18,43.7
19/01/2018,12,31.56,17.12,7.48,18,43.7
20/01/2018,12,31.56,17.12,7.48,18,43.7
21/01/2018,12,31.56,17.12,7.48,18,43.7
22/01/2018,12,31.56,17.12,7.48,18,43.7
23/01/2018,12,31.56,17.12,7.48,18,43.7
24/01/2018,12,31.56,17.12,7.48,18,43.7
25/01/2018,12,31.56,17.12,7.48,18,43.7
26/01/2018,12,31.56,17.12,7.48,18,43.7
27/01/2018,12,31.56,17.12,7.48,18,43.7
28/01/2018,12,31.56,17.12,7.48,18,43.7
29/01/2018,12,31.56,17.12,7.48,18,43.7
30/01/2018,12,31.56,17.12,7.48,18,43.7
31/01/2018,12,31.56,17.12,7.48,18,43.7
01/02/2018,11.64,29.55,20.14,8.48,18,43.7
02/02/2018,11.64,29.55,20.14,8.48,18,43.7
03/02/2018,11.64,29.55,20.14,8.48,18,43.7
04/02/2018,11.64,29.55,20.14,8.48,18,43.7
05/02/2018,11.64,29.55,20.14,8.48,18,43.7
06/02/2018,11.64,29.55,20.14,8.48,18,43.7
07/02/2018,11.64,29.55,20.14,8.48,18,43.7
08/02/2018,11.64,29.55,20.14,8.48,18,43.7
09/02/2018,11.64,29.55,20.14,8.48,18,43.7
10/02/2018,11.64,29.55,20.14,8.48,18,43.7
11/02/2018,11.64,29.55,20.14,8.48,18,43.7
12/02/2018,11.64,29.55,20.14,8.48,18,43.7
13/02/2018,11.64,29.55,20.14,8.48,18,43.7
14/02/2018,11.64,29.55,20.14,8.48,18,43.7
15/02/2018,11.64,29.55,20.14,8.48,18,43.7
16/02/2018,11.64,29.55,20.14,8.48,18,43.7
17/02/2018,11.64,29.55,20.14,8.48,18,43.7
18/02/2018,11.64,29.55,20.14,8.48,18,43.7
19/02/2018,11.64,29.55,20.14,8.48,18,43.7
20/02/2018,11.64,29.55,20.14,8.48,18,43.7
21/02/2018,11.64,29.55,20.14,8.48,18,43.7
22/02/2018,11.64,29.55,20.14,8.48,18,43.7
23/02/2018,11.64,29.55,20.14,8.48,18,43.7
24/02/2018,11.64,29.55,20.14,8.48,18,43.7
25/02/2018,11.64,29.55,20.14,8.48,18,43.7
26/02/2018,11.64,29.55,20.14,8.48,18,43.7
27/02/2018,11.64,29.55,20.14,8.48,18,43.7
28/02/2018,11.64,29.55,20.14,8.48,18,43.7
01/03/2018,11.04,29.91,24.63,10.36,18,43.7
02/03/2018,11.04,29.91,24.63,10.36,18,43.7
03/03/2018,11.04,29.91,24.63,10.36,18,43.7
04/03/2018,11.04,29.91,24.63,10.36,18,43.7
05/03/2018,11.04,29.91,24.63,10.36,18,43.7
06/03/2018,11.04,29.91,24.63,10.36,18,43.7
07/03/2018,11.04,29.91,24.63,10.36,18,43.7
08/03/2018,11.04,29.91,24.63,10.36,18,43.7
09/03/2018,11.04,29.91,24.63,10.36,18,43.7
10/03/2018,11.04,29.91,24.63,10.36,18,43.7
11/03/2018,11.04,29.91,24.63,10.36,18,43.7
12/03/2018,11.04,29.91,24.63,10.36,18,43.7
13/03/2018,11.04,29.91,24.63,10.36,18,43.7
14/03/2018,11.04,29.91,24.63,10.36,18,43.7
15/03/2018,11.04,29.91,24.63,10.36,18,43.7
16/03/2018,11.04,29.91,24.63,10.36,18,43.7
17/03/2018,11.04,29.91,24.63,10.36,18,43.7
18/03/2018,11.04,29.91,24.63,10.36,18,43.7
19/03/2018,11.04,29.91,24.63,10.36,18,43.7
20/03/2018,11.04,29.91,24.63,10.36,18,43.7
21/03/2018,11.04,29.91,24.63,10.36,18,43.7
22/03/2018,11.04,29.91,24.63,10.36,18,43.7
23/03/2018,11.04,29.91,24.63,10.36,18,43.7
24/03/2018,11.04,29.91,24.63,10.36,18,43.7
25/03/2018,11.04,29.91,24.63,10.36,18,43.7
26/03/2018,11.04,29.91,24.63,10.36,18,43.7
27/03/2018,11.04,29.91,24.63,10.36,18,43.7
28/03/2018,11.04,29.91,24.63,10.36,18,43.7
29/03/2018,11.04,29.91,24.63,10.36,18,43.7
30/03/2018,11.04,29.91,24.63,10.36,18,43.7
31/03/2018,11.04,29.91,24.63,10.36,18,43.7
01/04/2018,10.42,32.32,17.54,11.82,18,42.33
02/04/2018,10.42,32.32,17.54,11.82,18,42.33
03/04/2018,10.42,32.32,17.54,11.82,18,42.33
04/04/2018,10.42,32.32,17.54,11.82,18,42.33
05/04/2018,10.42,32.32,17.54,11.82,18,42.33
06/04/2018,10.42,32.32,17.54,11.82,18,42.33
07/04/2018,10.42,32.32,17.54,11.82,18,42.33
08/04/2018,10.42,32.32,17.54,11.82,18,42.33
09/04/2018,10.42,32.32,17.54,11.82,18,42.33
10/04/2018,10.42,32.32,17.54,11.82,18,42.33
11/04/2018,10.42,32.32,17.54,11.82,18,42.33
12/04/2018,10.42,32.32,17.54,11.82,18,42.33
13/04/2018,10.42,32.32,17.54,11.82,18,42.33
14/04/2018,10.42,32.32,17.54,11.82,18,42.33
15/04/2018,10.42,32.32,17.54,11.82,18,42.33
16/04/2018,10.42,32.32,17.54,11.82,18,42.33
17/04/2018,10.42,32.32,17.54,11.82,18,42.33
18/04/2018,10.42,32.32,17.54,11.82,18,42.33
19/04/2018,10.42,32.32,17.54,11.82,18,42.33
20/04/2018,10.42,32.32,17.54,11.82,18,42.33
21/04/2018,10.42,32.32,17.54,11.82,18,42.33
22/04/2018,10.42,32.32,17.54,11.82,18,42.33
23/04/2018,10.42,32.32,17.54,11.82,18,42.33
24/04/2018,10.42,32.32,17.54,11.82,18,42.33
25/04/2018,10.42,32.32,17.54,11.82,18,42.33
26/04/2018,10.42,32.32,17.54,11.82,18,42.33
27/04/2018,10.42,32.32,17.54,11.82,18,42.33
28/04/2018,10.42,32.32,17.54,11.82,18,42.33
29/04/2018,10.42,32.32,17.54,11.82,18,42.33
30/04/2018,10.42,32.32,17.54,11.82,18,42.33
01/05/2018,12.04,36.04,18.98,13.14,18,42.33
02/05/2018,12.04,36.04,18.98,13.14,18,42.33
03/05/2018,12.04,36.04,18.98,13.14,18,42.33
04/05/2018,12.04,36.04,18.98,13.14,18,42.33
05/05/2018,12.04,36.04,18.98,13.14,18,42.33
06/05/2018,12.04,36.04,18.98,13.14,18,42.33
07/05/2018,12.04,36.04,18.98,13.14,18,42.33
08/05/2018,12.04,36.04,18.98,13.14,18,42.33
09/05/2018,12.04,36.04,18.98,13.14,18,42.33
10/05/2018,12.04,36.04,18.98,13.14,18,42.33
11/05/2018,12.04,36.04,18.98,13.14,18,42.33
12/05/2018,12.04,36.04,18.98,13.14,18,42.33
13/05/2018,12.04,36.04,18.98,13.14,18,42.33
14/05/2018,12.04,36.04,18.98,13.14,18,42.33
15/05/2018,12.04,36.04,18.98,13.14,18,42.33
16/05/2018,12.04,36.04,18.98,13.14,18,42.33
17/05/2018,12.04,36.04,18.98,13.14,18,42.33
18/05/2018,12.04,36.04,18.98,13.14,18,42.33
19/05/2018,12.04,36.04,18.98,13.14,18,42.33
20/05/2018,12.04,36.04,18.98,13.14,18,42.33
21/05/2018,12.04,36.04,18.98,13.14,18,42.33
22/05/2018,12.04,36.04,18.98,13.14,18,42.33
23/05/2018,12.04,36.04,18.98,13.14,18,42.33
24/05/2018,12.04,36.04,18.98,13.14,18,42.33
25/05/2018,12.04,36.04,18.98,13.14,18,42.33
26/05/2018,12.04,36.04,18.98,13.14,18,42.33
27/05/2018,12.04,36.04,18.98,13.14,18,42.33
28/05/2018,12.04,36.04,18.98,13.14,18,42.33
29/05/2018,12.04,36.04,18.98,13.14,18,42.33
30/05/2018,12.04,36.04,18.98,13.14,18,42.33
31/05/2018,12.04,36.04,18.98,13.14,18,42.33
01/06/2018,13.43,35.33,18.91,13.52,18,42.33
02/06/2018,13.43,35.33,18.91,13.52,18,42.33
03/06/2018,13.43,35.33,18.91,13.52,18,42.33
04/06/2018,13.43,35.33,18.91,13.52,18,42.33
05/06/2018,13.43,35.33,18.91,13.52,18,42.33
06/06/2018,13.43,35.33,18.91,13.52,18,42.33
07/06/2018,13.43,35.33,18.91,13.52,18,42.33
08/06/2018,13.43,35.33,18.91,13.52,18,42.33
09/06/2018,13.43,35.33,18.91,13.52,18,42.33
10/06/2018,13.43,35.33,18.91,13.52,18,42.33
11/06/2018,13.43,35.33,18.91,13.52,18,42.33
12/06/2018,13.43,35.33,18.91,13.52,18,42.33
13/06/2018,13.43,35.33,18.91,13.52,18,42.33
14/06/2018,13.43,35.33,18.91,13.52,18,42.33
15/06/2018,13.43,35.33,18.91,13.52,18,42.33
16/06/2018,13.43,35.33,18.91,13.52,18,42.33
17/06/2018,13.43,35.33,18.91,13.52,18,42.33
18/06/2018,13.43,35.33,18.91,13.52,18,42.33
19/06/2018,13.43,35.33,18.91,13.52,18,42.33
20/06/2018,13.43,35.33,18.91,13.52,18,42.33
21/06/2018,13.43,35.33,18.91,13.52,18,42.33
22/06/2018,13.43,35.33,18.91,13.52,18,42.33
23/06/2018,13.43,35.33,18.91,13.52,18,42.33
24/06/2018,13.43,35.33,18.91,13.52,18,42.33
25/06/2018,13.43,35.33,18.91,13.52,18,42.33
26/06/2018,13.43,35.33,18.91,13.52,18,42.33
27/06/2018,13.43,35.33,18.91,13.52,18,42.33
28/06/2018,13.43,35.33,18.91,13.52,18,42.33
29/06/2018,13.43,35.33,18.91,13.52,18,42.33
30/06/2018,13.43,35.33,18.91,13.52,18,42.33
01/07/2018,13.98,35.63,19.64,14.74,18,41.85
02/07/2018,13.98,35.63,19.64,14.74,18,41.85
03/07/2018,13.98,35.63,19.64,14.74,18,41.85
04/07/2018,13.98,35.63,19.64,14.74,18,41.85
05/07/2018,13.98,35.63,19.64,14.74,18,41.85
06/07/2018,13.98,35.63,19.64,14.74,18,41.85
07/07/2018,13.98,35.63,19.64,14.74,18,41.85
08/07/2018,13.98,35.63,19.64,14.74,18,41.85
09/07/2018,13.98,35.63,19.64,14.74,18,41.85
10/07/2018,13.98,35.63,19.64,14.74,18,41.85
11/07/2018,13.98,35.63,19.64,14.74,18,41.85
12/07/2018,13.98,35.63,19.64,14.74,18,41.85
13/07/2018,13.98,35.63,19.64,14.74,18,41.85
14/07/2018,13.98,35.63,19.64,14.74,18,41.85
15/07/2018,13.98,35.63,19.64,14.74,18,41.85
16/07/2018,13.98,35.63,19.64,14.74,18,41.85
17/07/2018,13.98,35.63,19.64,14.74,18,41.85
18/07/2018,13.98,35.63,19.64,14.74,18,41.85
19/07/2018,13.98,35.63,19.64,14.74,18,41.85
20/07/2018,13.98,35.63,19.64,14.74,18,41.85
21/07/2018,13.98,35.63,19.64,14.74,18,41.85
22/07/2018,13.98,35.63,19.64,14.74,18,41.85
23/07/2018,13.98,35.63,19.64,14.74,18,41.85
24/07/2018,13.98,35.63,19.64,14.74,18,41.85
25/07/2018,13.98,35.63,19.64,14.74,18,41.85
26/07/2018,13.98,35.63,19.64,14.74,18,41.85
27/07/2018,13.98,35.63,19.64,14.74,18,41.85
28/07/2018,13.98,35.63,19.64,14.74,18,41.85
29/07/2018,13.98,35.63,19.64,14.74,18,41.85
30/07/2018,13.98,35.63,19.64,14.74,18,41.85
31/07/2018,13.98,35.63,19.64,14.74,18,41.85
01/08/2018,14.29,35.54,21.19,17.12,18,41.85
02/08/2018,14.29,35.54,21.19,17.12,18,41.85
03/08/2018,14.29,35.54,21.19,17.12,18,41.85
04/08/2018,14.29,35.54,21.19,17.12,18,41.85
05/08/2018,14.29,35.54,21.19,17.12,18,41.85
06/08/2018,14.29,35.54,21.19,17.12,18,41.85
07/08/2018,14.29,35.54,21.19,17.12,18,41.85
08/08/2018,14.29,35.54,21.19,17.12,18,41.85
09/08/2018,14.29,35.54,21.19,17.12,18,41.85
10/08/2018,14.29,35.54,21.19,17.12,18,41.85
11/08/2018,14.29,35.54,21.19,17.12,18,41.85
12/08/2018,14.29,35.54,21.19,17.12,18,41.85
13/08/2018,14.29,35.54,21.19,17.12,18,41.85
14/08/2018,14.29,35.54,21.19,17.12,18,41.85
15/08/2018,14.29,35.54,21.19,17.12,18,41.85
16/08/2018,14.29,35.54,21.19,17.12,18,41.85
17/08/2018,14.29,35.54,21.19,17.12,18,41.85
18/08/2018,14.29,35.54,21.19,17.12,18,41.85
19/08/2018,14.29,35.54,21.19,17.12,18,41.85
20/08/2018,14.29,35.54,21.19,17.12,18,41.85
21/08/2018,14.29,35.54,21.19,17.12,18,41.85
22/08/2018,14.29,35.54,21.19,17.12,18,41.85
23/08/2018,14.29,35.54,21.19,17.12,18,41.85
24/08/2018,14.29,35.54,21.19,17.12,18,41.85
25/08/2018,14.29,35.54,21.19,17.12,18,41.85
26/08/2018,14.29,35.54,21.19,17.12,18,41.85
27/08/2018,14.29,35.54,21.19,17.12,18,41.85
28/08/2018,14.29,35.54,21.19,17.12,18,41.85
29/08/2018,14.29,35.54,21.19,17.12,18,41.85
30/08/2018,14.29,35.54,21.19,17.12,18,41.85
31/08/2018,14.29,35.54,21.19,17.12,18,41.85
01/09/2018,13.76,38.11,25.05,19.57,18,41.85
02/09/2018,13.76,38.11,25.05,19.57,18,41.85
03/09/2018,13.76,38.11,25.05,19.57,18,41.85
04/09/2018,13.76,38.11,25.05,19.57,18,41.85
05/09/2018,13.76,38.11,25.05,19.57,18,41.85
06/09/2018,13.76,38.11,25.05,19.57,18,41.85
07/09/2018,13.76,38.11,25.05,19.57,18,41.85
08/09/2018,13.76,38.11,25.05,19.57,18,41.85
09/09/2018,13.76,38.11,25.05,19.57,18,41.85
10/09/2018,13.76,38.11,25.05,19.57,18,41.85
11/09/2018,13.76,38.11,25.05,19.57,18,41.85
12/09/2018,13.76,38.11,25.05,19.57,18,41.85
13/09/2018,13.76,38.11,25.05,19.57,18,41.85
14/09/2018,13.76,38.11,25.05,19.57,18,41.85
15/09/2018,13.76,38.11,25.05,19.57,18,41.85
16/09/2018,13.76,38.11,25.05,19.57,18,41.85
17/09/2018,13.76,38.11,25.05,19.57,18,41.85
18/09/2018,13.76,38.11,25.05,19.57,18,41.85
19/09/2018,13.76,38.11,25.05,19.57,18,41.85
20/09/2018,13.76,38.11,25.05,19.57,18,41.85
21/09/2018,13.76,38.11,25.05,19.57,18,41.85
22/09/2018,13.76,38.11,25.05,19.57,18,41.85
23/09/2018,13.76,38.11,25.05,19.57,18,41.85
24/09/2018,13.76,38.11,25.05,19.57,18,41.85
25/09/2018,13.76,38.11,25.05,19.57,18,41.85
26/09/2018,13.76,38.11,25.05,19.57,18,41.85
27/09/2018,13.76,38.11,25.05,19.57,18,41.85
28/09/2018,13.76,38.11,25.05,19.57,18,41.85
29/09/2018,13.76,38.11,25.05,19.57,18,41.85
30/09/2018,13.76,38.11,25.05,19.57,18,41.85
01/10/2018,13.27,39.29,22.64,17.89,18,44.25
02/10/2018,13.27,39.29,22.64,17.89,18,44.25
03/10/2018,13.27,39.29,22.64,17.89,18,44.25
04/10/2018,13.27,39.29,22.64,17.89,18,44.25
05/10/2018,13.27,39.29,22.64,17.89,18,44.25
06/10/2018,13.27,39.29,22.64,17.89,18,44.25
07/10/2018,13.27,39.29,22.64,17.89,18,44.25
08/10/2018,13.27,39.29,22.64,17.89,18,44.25
09/10/2018,13.27,39.29,22.64,17.89,18,44.25
10/10/2018,13.27,39.29,22.64,17.89,18,44.25
11/10/2018,13.27,39.29,22.64,17.89,18,44.25
12/10/2018,13.27,39.29,22.64,17.89,18,44.25
13/10/2018,13.27,39.29,22.64,17.89,18,44.25
14/10/2018,13.27,39.29,22.64,17.89,18,44.25
15/10/2018,13.27,39.29,22.64,17.89,18,44.25
16/10/2018,13.27,39.29,22.64,17.89,18,44.25
17/10/2018,13.27,39.29,22.64,17.89,18,44.25
18/10/2018,13.27,39.29,22.64,17.89,18,44.25
19/10/2018,13.27,39.29,22.64,17.89,18,44.25
20/10/2018,13.27,39.29,22.64,17.89,18,44.25
21/10/2018,13.27,39.29,22.64,17.89,18,44.25
22/10/2018,13.27,39.29,22.64,17.89,18,44.25
23/10/2018,13.27,39.29,22.64,17.89,18,44.25
24/10/2018,13.27,39.29,22.64,17.89,18,44.25
25/10/2018,13.27,39.29,22.64,17.89,18,44.25
26/10/2018,13.27,39.29,22.64,17.89,18,44.25
27/10/2018,13.27,39.29,22.64,17.89,18,44.25
28/10/2018,13.27,39.29,22.64,17.89,18,44.25
29/10/2018,13.27,39.29,22.64,17.89,18,44.25
30/10/2018,13.27,39.29,22.64,17.89,18,44.25
31/10/2018,13.27,39.29,22.64,17.89,18,44.25
01/11/2018,12.53,31.82,21.95,17.2,18,44.25
02/11/2018,12.53,31.82,21.95,17.2,18,44.25
03/11/2018,12.53,31.82,21.95,17.2,18,44.25
04/11/2018,12.53,31.82,21.95,17.2,18,44.25
05/11/2018,12.53,31.82,21.95,17.2,18,44.25
06/11/2018,12.53,31.82,21.95,17.2,18,44.25
07/11/2018,12.53,31.82,21.95,17.2,18,44.25
08/11/2018,12.53,31.82,21.95,17.2,18,44.25
09/11/2018,12.53,31.82,21.95,17.2,18,44.25
10/11/2018,12.53,31.82,21.95,17.2,18,44.25
11/11/2018,12.53,31.82,21.95,17.2,18,44.25
12/11/2018,12.53,31.82,21.95,17.2,18,44.25
13/11/2018,12.53,31.82,21.95,17.2,18,44.25
14/11/2018,12.53,31.82,21.95,17.2,18,44.25
15/11/2018,12.53,31.82,21.95,17.2,18,44.25
16/11/2018,12.53,31.82,21.95,17.2,18,44.25
17/11/2018,12.53,31.82,21.95,17.2,18,44.25
18/11/2018,12.53,31.82,21.95,17.2,18,44.25
19/11/2018,12.53,31.82,21.95,17.2,18,44.25
20/11/2018,12.53,31.82,21.95,17.2,18,44.25
21/11/2018,12.53,31.82,21.95,17.2,18,44.25
22/11/2018,12.53,31.82,21.95,17.2,18,44.25
23/11/2018,12.53,31.82,21.95,17.2,18,44.25
24/11/2018,12.53,31.82,21.95,17.2,18,44.25
25/11/2018,12.53,31.82,21.95,17.2,18,44.25
26/11/2018,12.53,31.82,21.95,17.2,18,44.25
27/11/2018,12.53,31.82,21.95,17.2,18,44.25
28/11/2018,12.53,31.82,21.95,17.2,18,44.25
29/11/2018,12.53,31.82,21.95,17.2,18,44.25
30/11/2018,12.53,31.82,21.95,17.2,18,44.25
01/12/2018,12.58,28,21.67,20.75,18,44.25
02/12/2018,12.58,28,21.67,20.75,18,44.25
03/12/2018,12.58,28,21.67,20.75,18,44.25
04/12/2018,12.58,28,21.67,20.75,18,44.25
05/12/2018,12.58,28,21.67,20.75,18,44.25
06/12/2018,12.58,28,21.67,20.75,18,44.25
07/12/2018,12.58,28,21.67,20.75,18,44.25
08/12/2018,12.58,28,21.67,20.75,18,44.25
09/12/2018,12.58,28,21.67,20.75,18,44.25
10/12/2018,12.58,28,21.67,20.75,18,44.25
11/12/2018,12.58,28,21.67,20.75,18,44.25
12/12/2018,12.58,28,21.67,20.75,18,44.25
13/12/2018,12.58,28,21.67,20.75,18,44.25
14/12/2018,12.58,28,21.67,20.75,18,44.25
15/12/2018,12.58,28,21.67,20.75,18,44.25
16/12/2018,12.58,28,21.67,20.75,18,44.25
17/12/2018,12.58,28,21.67,20.75,18,44.25
18/12/2018,12.58,28,21.67,20.75,18,44.25
19/12/2018,12.58,28,21.67,20.75,18,44.25
20/12/2018,12.58,28,21.67,20.75,18,44.25
21/12/2018,12.58,28,21.67,20.75,18,44.25
22/12/2018,12.58,28,21.67,20.75,18,44.25
23/12/2018,12.58,28,21.67,20.75,18,44.25
24/12/2018,12.58,28,21.67,20.75,18,44.25
25/12/2018,12.58,28,21.67,20.75,18,44.25
26/12/2018,12.58,28,21.67,20.75,18,44.25
27/12/2018,12.58,28,21.67,20.75,18,44.25
28/12/2018,12.58,28,21.67,20.75,18,44.25
29/12/2018,12.58,28,21.67,20.75,18,44.25
30/12/2018,12.58,28,21.67,20.75,18,44.25
31/12/2018,12.58,28,21.67,20.75,18,44.25
01/01/2019,12.03,28.97,19.7,20.88,18,46.12
02/01/2019,12.03,28.97,19.7,20.88,18,46.12
03/01/2019,12.03,28.97,19.7,20.88,18,46.12
04/01/2019,12.03,28.97,19.7,20.88,18,46.12
05/01/2019,12.03,28.97,19.7,20.88,18,46.12
06/01/2019,12.03,28.97,19.7,20.88,18,46.12
07/01/2019,12.03,28.97,19.7,20.88,18,46.12
08/01/2019,12.03,28.97,19.7,20.88,18,46.12
09/01/2019,12.03,28.97,19.7,20.88,18,46.12
10/01/2019,12.03,28.97,19.7,20.88,18,46.12
11/01/2019,12.03,28.97,19.7,20.88,18,46.12
12/01/2019,12.03,28.97,19.7,20.88,18,46.12
13/01/2019,12.03,28.97,19.7,20.88,18,46.12
14/01/2019,12.03,28.97,19.7,20.88,18,46.12
15/01/2019,12.03,28.97,19.7,20.88,18,46.12
16/01/2019,12.03,28.97,19.7,20.88,18,46.12
17/01/2019,12.03,28.97,19.7,20.88,18,46.12
18/01/2019,12.03,28.97,19.7,20.88,18,46.12
19/01/2019,12.03,28.97,19.7,20.88,18,46.12
20/01/2019,12.03,28.97,19.7,20.88,18,46.12
21/01/2019,12.03,28.97,19.7,20.88,18,46.12
22/01/2019,12.03,28.97,19.7,20.88,18,46.12
23/01/2019,12.03,28.97,19.7,20.88,18,46.12
24/01/2019,12.03,28.97,19.7,20.88,18,46.12
25/01/2019,12.03,28.97,19.7,20.88,18,46.12
26/01/2019,12.03,28.97,19.7,20.88,18,46.12
27/01/2019,12.03,28.97,19.7,20.88,18,46.12
28/01/2019,12.03,28.97,19.7,20.88,18,46.12
29/01/2019,12.03,28.97,19.7,20.88,18,46.12
30/01/2019,12.03,28.97,19.7,20.88,18,46.12
31/01/2019,12.03,28.97,19.7,20.88,18,46.12
01/02/2019,11.56,31.06,16.16,18.38,18,46.12
02/02/2019,11.56,31.06,16.16,18.38,18,46.12
03/02/2019,11.56,31.06,16.16,18.38,18,46.12
04/02/2019,11.56,31.06,16.16,18.38,18,46.12
05/02/2019,11.56,31.06,16.16,18.38,18,46.12
06/02/2019,11.56,31.06,16.16,18.38,18,46.12
07/02/2019,11.56,31.06,16.16,18.38,18,46.12
08/02/2019,11.56,31.06,16.16,18.38,18,46.12
09/02/2019,11.56,31.06,16.16,18.38,18,46.12
10/02/2019,11.56,31.06,16.16,18.38,18,46.12
11/02/2019,11.56,31.06,16.16,18.38,18,46.12
12/02/2019,11.56,31.06,16.16,18.38,18,46.12
13/02/2019,11.56,31.06,16.16,18.38,18,46.12
14/02/2019,11.56,31.06,16.16,18.38,18,46.12
15/02/2019,11.56,31.06,16.16,18.38,18,46.12
16/02/2019,11.56,31.06,16.16,18.38,18,46.12
17/02/2019,11.56,31.06,16.16,18.38,18,46.12
18/02/2019,11.56,31.06,16.16,18.38,18,46.12
19/02/2019,11.56,31.06,16.16,18.38,18,46.12
20/02/2019,11.56,31.06,16.16,18.38,18,46.12
21/02/2019,11.56,31.06,16.16,18.38,18,46.12
22/02/2019,11.56,31.06,16.16,18.38,18,46.12
23/02/2019,11.56,31.06,16.16,18.38,18,46.12
24/02/2019,11.56,31.06,16.16,18.38,18,46.12
25/02/2019,11.56,31.06,16.16,18.38,18,46.12
26/02/2019,11.56,31.06,16.16,18.38,18,46.12
27/02/2019,11.56,31.06,16.16,18.38,18,46.12
28/02/2019,11.56,31.06,16.16,18.38,18,46.12
01/03/2019,11.26,31.72,13.46,18.91,18,46.12
02/03/2019,11.26,31.72,13.46,18.91,18,46.12
03/03/2019,11.26,31.72,13.46,18.91,18,46.12
04/03/2019,11.26,31.72,13.46,18.91,18,46.12
05/03/2019,11.26,31.72,13.46,18.91,18,46.12
06/03/2019,11.26,31.72,13.46,18.91,18,46.12
07/03/2019,11.26,31.72,13.46,18.91,18,46.12
08/03/2019,11.26,31.72,13.46,18.91,18,46.12
09/03/2019,11.26,31.72,13.46,18.91,18,46.12
10/03/2019,11.26,31.72,13.46,18.91,18,46.12
11/03/2019,11.26,31.72,13.46,18.91,18,46.12
12/03/2019,11.26,31.72,13.46,18.91,18,46.12
13/03/2019,11.26,31.72,13.46,18.91,18,46.12
14/03/2019,11.26,31.72,13.46,18.91,18,46.12
15/03/2019,11.26,31.72,13.46,18.91,18,46.12
16/03/2019,11.26,31.72,13.46,18.91,18,46.12
17/03/2019,11.26,31.72,13.46,18.91,18,46.12
18/03/2019,11.26,31.72,13.46,18.91,18,46.12
19/03/2019,11.26,31.72,13.46,18.91,18,46.12
20/03/2019,11.26,31.72,13.46,18.91,18,46.12
21/03/2019,11.26,31.72,13.46,18.91,18,46.12
22/03/2019,11.26,31.72,13.46,18.91,18,46.12
23/03/2019,11.26,31.72,13.46,18.91,18,46.12
24/03/2019,11.26,31.72,13.46,18.91,18,46.12
25/03/2019,11.26,31.72,13.46,18.91,18,46.12
26/03/2019,11.26,31.72,13.46,18.91,18,46.12
27/03/2019,11.26,31.72,13.46,18.91,18,46.12
28/03/2019,11.26,31.72,13.46,18.91,18,46.12
29/03/2019,11.26,31.72,13.46,18.91,18,46.12
30/03/2019,11.26,31.72,13.46,18.91,18,46.12
31/03/2019,11.26,31.72,13.46,18.91,18,46.12
01/04/2019,10,34.48,12.25,22.33,18,42.88
02/04/2019,10,34.48,12.25,22.33,18,42.88
03/04/2019,10,34.48,12.25,22.33,18,42.88
04/04/2019,10,34.48,12.25,22.33,18,42.88
05/04/2019,10,34.48,12.25,22.33,18,42.88
06/04/2019,10,34.48,12.25,22.33,18,42.88
07/04/2019,10,34.48,12.25,22.33,18,42.88
08/04/2019,10,34.48,12.25,22.33,18,42.88
09/04/2019,10,34.48,12.25,22.33,18,42.88
10/04/2019,10,34.48,12.25,22.33,18,42.88
11/04/2019,10,34.48,12.25,22.33,18,42.88
12/04/2019,10,34.48,12.25,22.33,18,42.88
13/04/2019,10,34.48,12.25,22.33,18,42.88
14/04/2019,10,34.48,12.25,22.33,18,42.88
15/04/2019,10,34.48,12.25,22.33,18,42.88
16/04/2019,10,34.48,12.25,22.33,18,42.88
17/04/2019,10,34.48,12.25,22.33,18,42.88
18/04/2019,10,34.48,12.25,22.33,18,42.88
19/04/2019,10,34.48,12.25,22.33,18,42.88
20/04/2019,10,34.48,12.25,22.33,18,42.88
21/04/2019,10,34.48,12.25,22.33,18,42.88
22/04/2019,10,34.48,12.25,22.33,18,42.88
23/04/2019,10,34.48,12.25,22.33,18,42.88
24/04/2019,10,34.48,12.25,22.33,18,42.88
25/04/2019,10,34.48,12.25,22.33,18,42.88
26/04/2019,10,34.48,12.25,22.33,18,42.88
27/04/2019,10,34.48,12.25,22.33,18,42.88
28/04/2019,10,34.48,12.25,22.33,18,42.88
29/04/2019,10,34.48,12.25,22.33,18,42.88
30/04/2019,10,34.48,12.25,22.33,18,42.88
01/05/2019,10.35,34.98,10.98,22.31,18,42.88
02/05/2019,10.35,34.98,10.98,22.31,18,42.88
03/05/2019,10.35,34.98,10.98,22.31,18,42.88
04/05/2019,10.35,34.98,10.98,22.31,18,42.88
05/05/2019,10.35,34.98,10.98,22.31,18,42.88
06/05/2019,10.35,34.98,10.98,22.31,18,42.88
07/05/2019,10.35,34.98,10.98,22.31,18,42.88
08/05/2019,10.35,34.98,10.98,22.31,18,42.88
09/05/2019,10.35,34.98,10.98,22.31,18,42.88
10/05/2019,10.35,34.98,10.98,22.31,18,42.88
11/05/2019,10.35,34.98,10.98,22.31,18,42.88
12/05/2019,10.35,34.98,10.98,22.31,18,42.88
13/05/2019,10.35,34.98,10.98,22.31,18,42.88
14/05/2019,10.35,34.98,10.98,22.31,18,42.88
15/05/2019,10.35,34.98,10.98,22.31,18,42.88
16/05/2019,10.35,34.98,10.98,22.31,18,42.88
17/05/2019,10.35,34.98,10.98,22.31,18,42.88
18/05/2019,10.35,34.98,10.98,22.31,18,42.88
19/05/2019,10.35,34.98,10.98,22.31,18,42.88
20/05/2019,10.35,34.98,10.98,22.31,18,42.88
21/05/2019,10.35,34.98,10.98,22.31,18,42.88
22/05/2019,10.35,34.98,10.98,22.31,18,42.88
23/05/2019,10.35,34.98,10.98,22.31,18,42.88
24/05/2019,10.35,34.98,10.98,22.31,18,42.88
25/05/2019,10.35,34.98,10.98,22.31,18,42.88
26/05/2019,10.35,34.98,10.98,22.31,18,42.88
27/05/2019,10.35,34.98,10.98,22.31,18,42.88
28/05/2019,10.35,34.98,10.98,22.31,18,42.88
29/05/2019,10.35,34.98,10.98,22.31,18,42.88
30/05/2019,10.35,34.98,10.98,22.31,18,42.88
31/05/2019,10.35,34.98,10.98,22.31,18,42.88
01/06/2019,8.95,32.21,9.62,22.7,18,42.88
02/06/2019,8.95,32.21,9.62,22.7,18,42.88
03/06/2019,8.95,32.21,9.62,22.7,18,42.88
04/06/2019,8.95,32.21,9.62,22.7,18,42.88
05/06/2019,8.95,32.21,9.62,22.7,18,42.88
06/06/2019,8.95,32.21,9.62,22.7,18,42.88
07/06/2019,8.95,32.21,9.62,22.7,18,42.88
08/06/2019,8.95,32.21,9.62,22.7,18,42.88
09/06/2019,8.95,32.21,9.62,22.7,18,42.88
10/06/2019,8.95,32.21,9.62,22.7,18,42.88
11/06/2019,8.95,32.21,9.62,22.7,18,42.88
12/06/2019,8.95,32.21,9.62,22.7,18,42.88
13/06/2019,8.95,32.21,9.62,22.7,18,42.88
14/06/2019,8.95,32.21,9.62,22.7,18,42.88
15/06/2019,8.95,32.21,9.62,22.7,18,42.88
16/06/2019,8.95,32.21,9.62,22.7,18,42.88
17/06/2019,8.95,32.21,9.62,22.7,18,42.88
18/06/2019,8.95,32.21,9.62,22.7,18,42.88
19/06/2019,8.95,32.21,9.62,22.7,18,42.88
20/06/2019,8.95,32.21,9.62,22.7,18,42.88
21/06/2019,8.95,32.21,9.62,22.7,18,42.88
22/06/2019,8.95,32.21,9.62,22.7,18,42.88
23/06/2019,8.95,32.21,9.62,22.7,18,42.88
24/06/2019,8.95,32.21,9.62,22.7,18,42.88
25/06/2019,8.95,32.21,9.62,22.7,18,42.88
26/06/2019,8.95,32.21,9.62,22.7,18,42.88
27/06/2019,8.95,32.21,9.62,22.7,18,42.88
28/06/2019,8.95,32.21,9.62,22.7,18,42.88
29/06/2019,8.95,32.21,9.62,22.7,18,42.88
30/06/2019,8.95,32.21,9.62,22.7,18,42.88
01/07/2019,9.26,32.32,10.22,25.55,18,42.78
02/07/2019,9.26,32.32,10.22,25.55,18,42.78
03/07/2019,9.26,32.32,10.22,25.55,18,42.78
04/07/2019,9.26,32.32,10.22,25.55,18,42.78
05/07/2019,9.26,32.32,10.22,25.55,18,42.78
06/07/2019,9.26,32.32,10.22,25.55,18,42.78
07/07/2019,9.26,32.32,10.22,25.55,18,42.78
08/07/2019,9.26,32.32,10.22,25.55,18,42.78
09/07/2019,9.26,32.32,10.22,25.55,18,42.78
10/07/2019,9.26,32.32,10.22,25.55,18,42.78
11/07/2019,9.26,32.32,10.22,25.55,18,42.78
12/07/2019,9.26,32.32,10.22,25.55,18,42.78
13/07/2019,9.26,32.32,10.22,25.55,18,42.78
14/07/2019,9.26,32.32,10.22,25.55,18,42.78
15/07/2019,9.26,32.32,10.22,25.55,18,42.78
16/07/2019,9.26,32.32,10.22,25.55,18,42.78
17/07/2019,9.26,32.32,10.22,25.55,18,42.78
18/07/2019,9.26,32.32,10.22,25.55,18,42.78
19/07/2019,9.26,32.32,10.22,25.55,18,42.78
20/07/2019,9.26,32.32,10.22,25.55,18,42.78
21/07/2019,9.26,32.32,10.22,25.55,18,42.78
22/07/2019,9.26,32.32,10.22,25.55,18,42.78
23/07/2019,9.26,32.32,10.22,25.55,18,42.78
24/07/2019,9.26,32.32,10.22,25.55,18,42.78
25/07/2019,9.26,32.32,10.22,25.55,18,42.78
26/07/2019,9.26,32.32,10.22,25.55,18,42.78
27/07/2019,9.26,32.32,10.22,25.55,18,42.78
28/07/2019,9.26,32.32,10.22,25.55,18,42.78
29/07/2019,9.26,32.32,10.22,25.55,18,42.78
30/07/2019,9.26,32.32,10.22,25.55,18,42.78
31/07/2019,9.26,32.32,10.22,25.55,18,42.78
01/08/2019,8.61,30.7,9.57,25.24,18,42.78
02/08/2019,8.61,30.7,9.57,25.24,18,42.78
03/08/2019,8.61,30.7,9.57,25.24,18,42.78
04/08/2019,8.61,30.7,9.57,25.24,18,42.78
05/08/2019,8.61,30.7,9.57,25.24,18,42.78
06/08/2019,8.61,30.7,9.57,25.24,18,42.78
07/08/2019,8.61,30.7,9.57,25.24,18,42.78
08/08/2019,8.61,30.7,9.57,25.24,18,42.78
09/08/2019,8.61,30.7,9.57,25.24,18,42.78
10/08/2019,8.61,30.7,9.57,25.24,18,42.78
11/08/2019,8.61,30.7,9.57,25.24,18,42.78
12/08/2019,8.61,30.7,9.57,25.24,18,42.78
13/08/2019,8.61,30.7,9.57,25.24,18,42.78
14/08/2019,8.61,30.7,9.57,25.24,18,42.78
15/08/2019,8.61,30.7,9.57,25.24,18,42.78
16/08/2019,8.61,30.7,9.57,25.24,18,42.78
17/08/2019,8.61,30.7,9.57,25.24,18,42.78
18/08/2019,8.61,30.7,9.57,25.24,18,42.78
19/08/2019,8.61,30.7,9.57,25.24,18,42.78
20/08/2019,8.61,30.7,9.57,25.24,18,42.78
21/08/2019,8.61,30.7,9.57,25.24,18,42.78
22/08/2019,8.61,30.7,9.57,25.24,18,42.78
23/08/2019,8.61,30.7,9.57,25.24,18,42.78
24/08/2019,8.61,30.7,9.57,25.24,18,42.78
25/08/2019,8.61,30.7,9.57,25.24,18,42.78
26/08/2019,8.61,30.7,9.57,25.24,18,42.78
27/08/2019,8.61,30.7,9.57,25.24,18,42.78
28/08/2019,8.61,30.7,9.57,25.24,18,42.78
29/08/2019,8.61,30.7,9.57,25.24,18,42.78
30/08/2019,8.61,30.7,9.57,25.24,18,42.78
31/08/2019,8.61,30.7,9.57,25.24,18,42.78
01/09/2019,8.34,32.04,8.72,23.56,18,42.78
02/09/2019,8.34,32.04,8.72,23.56,18,42.78
03/09/2019,8.34,32.04,8.72,23.56,18,42.78
04/09/2019,8.34,32.04,8.72,23.56,18,42.78
05/09/2019,8.34,32.04,8.72,23.56,18,42.78
06/09/2019,8.34,32.04,8.72,23.56,18,42.78
07/09/2019,8.34,32.04,8.72,23.56,18,42.78
08/09/2019,8.34,32.04,8.72,23.56,18,42.78
09/09/2019,8.34,32.04,8.72,23.56,18,42.78
10/09/2019,8.34,32.04,8.72,23.56,18,42.78
11/09/2019,8.34,32.04,8.72,23.56,18,42.78
12/09/2019,8.34,32.04,8.72,23.56,18,42.78
13/09/2019,8.34,32.04,8.72,23.56,18,42.78
14/09/2019,8.34,32.04,8.72,23.56,18,42.78
15/09/2019,8.34,32.04,8.72,23.56,18,42.78
16/09/2019,8.34,32.04,8.72,23.56,18,42.78
17/09/2019,8.34,32.04,8.72,23.56,18,42.78
18/09/2019,8.34,32.04,8.72,23.56,18,42.78
19/09/2019,8.34,32.04,8.72,23.56,18,42.78
20/09/2019,8.34,32.04,8.72,23.56,18,42.78
21/09/2019,8.34,32.04,8.72,23.56,18,42.78
22/09/2019,8.34,32.04,8.72,23.56,18,42.78
23/09/2019,8.34,32.04,8.72,23.56,18,42.78
24/09/2019,8.34,32.04,8.72,23.56,18,42.78
25/09/2019,8.34,32.04,8.72,23.56,18,42.78
26/09/2019,8.34,32.04,8.72,23.56,18,42.78
27/09/2019,8.34,32.04,8.72,23.56,18,42.78
28/09/2019,8.34,32.04,8.72,23.56,18,42.78
29/09/2019,8.34,32.04,8.72,23.56,18,42.78
30/09/2019,8.34,32.04,8.72,23.56,18,42.78
01/10/2019,8.26,29.88,9.09,22.01,18,42.64
02/10/2019,8.26,29.88,9.09,22.01,18,42.64
03/10/2019,8.26,29.88,9.09,22.01,18,42.64
04/10/2019,8.26,29.88,9.09,22.01,18,42.64
05/10/2019,8.26,29.88,9.09,22.01,18,42.64
06/10/2019,8.26,29.88,9.09,22.01,18,42.64
07/10/2019,8.26,29.88,9.09,22.01,18,42.64
08/10/2019,8.26,29.88,9.09,22.01,18,42.64
09/10/2019,8.26,29.88,9.09,22.01,18,42.64
10/10/2019,8.26,29.88,9.09,22.01,18,42.64
11/10/2019,8.26,29.88,9.09,22.01,18,42.64
12/10/2019,8.26,29.88,9.09,22.01,18,42.64
13/10/2019,8.26,29.88,9.09,22.01,18,42.64
14/10/2019,8.26,29.88,9.09,22.01,18,42.64
15/10/2019,8.26,29.88,9.09,22.01,18,42.64
16/10/2019,8.26,29.88,9.09,22.01,18,42.64
17/10/2019,8.26,29.88,9.09,22.01,18,42.64
18/10/2019,8.26,29.88,9.09,22.01,18,42.64
19/10/2019,8.26,29.88,9.09,22.01,18,42.64
20/10/2019,8.26,29.88,9.09,22.01,18,42.64
21/10/2019,8.26,29.88,9.09,22.01,18,42.64
22/10/2019,8.26,29.88,9.09,22.01,18,42.64
23/10/2019,8.26,29.88,9.09,22.01,18,42.64
24/10/2019,8.26,29.88,9.09,22.01,18,42.64
25/10/2019,8.26,29.88,9.09,22.01,18,42.64
26/10/2019,8.26,29.88,9.09,22.01,18,42.64
27/10/2019,8.26,29.88,9.09,22.01,18,42.64
28/10/2019,8.26,29.88,9.09,22.01,18,42.64
29/10/2019,8.26,29.88,9.09,22.01,18,42.64
30/10/2019,8.26,29.88,9.09,22.01,18,42.64
31/10/2019,8.26,29.88,9.09,22.01,18,42.64
01/11/2019,8.17,30.94,12.98,21.45,18,42.64
02/11/2019,8.17,30.94,12.98,21.45,18,42.64
03/11/2019,8.17,30.94,12.98,21.45,18,42.64
04/11/2019,8.17,30.94,12.98,21.45,18,42.64
05/11/2019,8.17,30.94,12.98,21.45,18,42.64
06/11/2019,8.17,30.94,12.98,21.45,18,42.64
07/11/2019,8.17,30.94,12.98,21.45,18,42.64
08/11/2019,8.17,30.94,12.98,21.45,18,42.64
09/11/2019,8.17,30.94,12.98,21.45,18,42.64
10/11/2019,8.17,30.94,12.98,21.45,18,42.64
11/11/2019,8.17,30.94,12.98,21.45,18,42.64
12/11/2019,8.17,30.94,12.98,21.45,18,42.64
13/11/2019,8.17,30.94,12.98,21.45,18,42.64
14/11/2019,8.17,30.94,12.98,21.45,18,42.64
15/11/2019,8.17,30.94,12.98,21.45,18,42.64
16/11/2019,8.17,30.94,12.98,21.45,18,42.64
17/11/2019,8.17,30.94,12.98,21.45,18,42.64
18/11/2019,8.17,30.94,12.98,21.45,18,42.64
19/11/2019,8.17,30.94,12.98,21.45,18,42.64
20/11/2019,8.17,30.94,12.98,21.45,18,42.64
21/11/2019,8.17,30.94,12.98,21.45,18,42.64
22/11/2019,8.17,30.94,12.98,21.45,18,42.64
23/11/2019,8.17,30.94,12.98,21.45,18,42.64
24/11/2019,8.17,30.94,12.98,21.45,18,42.64
25/11/2019,8.17,30.94,12.98,21.45,18,42.64
26/11/2019,8.17,30.94,12.98,21.45,18,42.64
27/11/2019,8.17,30.94,12.98,21.45,18,42.64
28/11/2019,8.17,30.94,12.98,21.45,18,42.64
29/11/2019,8.17,30.94,12.98,21.45,18,42.64
30/11/2019,8.17,30.94,12.98,21.45,18,42.64
01/12/2019,7.94,32.46,11.22,21.82,18,42.64
02/12/2019,7.94,32.46,11.22,21.82,18,42.64
03/12/2019,7.94,32.46,11.22,21.82,18,42.64
04/12/2019,7.94,32.46,11.22,21.82,18,42.64
05/12/2019,7.94,32.46,11.22,21.82,18,42.64
06/12/2019,7.94,32.46,11.22,21.82,18,42.64
07/12/2019,7.94,32.46,11.22,21.82,18,42.64
08/12/2019,7.94,32.46,11.22,21.82,18,42.64
09/12/2019,7.94,32.46,11.22,21.82,18,42.64
10/12/2019,7.94,32.46,11.22,21.82,18,42.64
11/12/2019,7.94,32.46,11.22,21.82,18,42.64
12/12/2019,7.94,32.46,11.22,21.82,18,42.64
13/12/2019,7.94,32.46,11.22,21.82,18,42.64
14/12/2019,7.94,32.46,11.22,21.82,18,42.64
15/12/2019,7.94,32.46,11.22,21.82,18,42.64
16/12/2019,7.94,32.46,11.22,21.82,18,42.64
17/12/2019,7.94,32.46,11.22,21.82,18,42.64
18/12/2019,7.94,32.46,11.22,21.82,18,42.64
19/12/2019,7.94,32.46,11.22,21.82,18,42.64
20/12/2019,7.94,32.46,11.22,21.82,18,42.64
21/12/2019,7.94,32.46,11.22,21.82,18,42.64
22/12/2019,7.94,32.46,11.22,21.82,18,42.64
23/12/2019,7.94,32.46,11.22,21.82,18,42.64
24/12/2019,7.94,32.46,11.22,21.82,18,42.64
25/12/2019,7.94,32.46,11.22,21.82,18,42.64
26/12/2019,7.94,32.46,11.22,21.82,18,42.64
27/12/2019,7.94,32.46,11.22,21.82,18,42.64
28/12/2019,7.94,32.46,11.22,21.82,18,42.64
29/12/2019,7.94,32.46,11.22,21.82,18,42.64
30/12/2019,7.94,32.46,11.22,21.82,18,42.64
31/12/2019,7.94,32.46,11.22,21.82,18,42.64
01/01/2020,8.27,30.95,9.75,21.03,18,43.74
02/01/2020,8.27,30.95,9.75,21.03,18,43.74
03/01/2020,8.27,30.95,9.75,21.03,18,43.74
04/01/2020,8.27,30.95,9.75,21.03,18,43.74
05/01/2020,8.27,30.95,9.75,21.03,18,43.74
06/01/2020,8.27,30.95,9.75,21.03,18,43.74
07/01/2020,8.27,30.95,9.75,21.03,18,43.74
08/01/2020,8.27,30.95,9.75,21.03,18,43.74
09/01/2020,8.27,30.95,9.75,21.03,18,43.74
10/01/2020,8.27,30.95,9.75,21.03,18,43.74
11/01/2020,8.27,30.95,9.75,21.03,18,43.74
12/01/2020,8.27,30.95,9.75,21.03,18,43.74
13/01/2020,8.27,30.95,9.75,21.03,18,43.74
14/01/2020,8.27,30.95,9.75,21.03,18,43.74
15/01/2020,8.27,30.95,9.75,21.03,18,43.74
16/01/2020,8.27,30.95,9.75,21.03,18,43.74
17/01/2020,8.27,30.95,9.75,21.03,18,43.74
18/01/2020,8.27,30.95,9.75,21.03,18,43.74
19/01/2020,8.27,30.95,9.75,21.03,18,43.74
20/01/2020,8.27,30.95,9.75,21.03,18,43.74
21/01/2020,8.27,30.95,9.75,21.03,18,43.74
22/01/2020,8.27,30.95,9.75,21.03,18,43.74
23/01/2020,8.27,30.95,9.75,21.03,18,43.74
24/01/2020,8.27,30.95,9.75,21.03,18,43.74
25/01/2020,8.27,30.95,9.75,21.03,18,43.74
26/01/2020,8.27,30.95,9.75,21.03,18,43.74
27/01/2020,8.27,30.95,9.75,21.03,18,43.74
28/01/2020,8.27,30.95,9.75,21.03,18,43.74
29/01/2020,8.27,30.95,9.75,21.03,18,43.74
30/01/2020,8.27,30.95,9.75,21.03,18,43.74
31/01/2020,8.27,30.95,9.75,21.03,18,43.74
01/02/2020,8.25,27.22,8.15,20.51,18,43.74
02/02/2020,8.25,27.22,8.15,20.51,18,43.74
03/02/2020,8.25,27.22,8.15,20.51,18,43.74
04/02/2020,8.25,27.22,8.15,20.51,18,43.74
05/02/2020,8.25,27.22,8.15,20.51,18,43.74
06/02/2020,8.25,27.22,8.15,20.51,18,43.74
07/02/2020,8.25,27.22,8.15,20.51,18,43.74
08/02/2020,8.25,27.22,8.15,20.51,18,43.74
09/02/2020,8.25,27.22,8.15,20.51,18,43.74
10/02/2020,8.25,27.22,8.15,20.51,18,43.74
11/02/2020,8.25,27.22,8.15,20.51,18,43.74
12/02/2020,8.25,27.22,8.15,20.51,18,43.74
13/02/2020,8.25,27.22,8.15,20.51,18,43.74
14/02/2020,8.25,27.22,8.15,20.51,18,43.74
15/02/2020,8.25,27.22,8.15,20.51,18,43.74
16/02/2020,8.25,27.22,8.15,20.51,18,43.74
17/02/2020,8.25,27.22,8.15,20.51,18,43.74
18/02/2020,8.25,27.22,8.15,20.51,18,43.74
19/02/2020,8.25,27.22,8.15,20.51,18,43.74
20/02/2020,8.25,27.22,8.15,20.51,18,43.74
21/02/2020,8.25,27.22,8.15,20.51,18,43.74
22/02/2020,8.25,27.22,8.15,20.51,18,43.74
23/02/2020,8.25,27.22,8.15,20.51,18,43.74
24/02/2020,8.25,27.22,8.15,20.51,18,43.74
25/02/2020,8.25,27.22,8.15,20.51,18,43.74
26/02/2020,8.25,27.22,8.15,20.51,18,43.74
27/02/2020,8.25,27.22,8.15,20.51,18,43.74
28/02/2020,8.25,27.22,8.15,20.51,18,43.74
29/02/2020,8.25,27.22,8.15,20.51,18,43.74
01/03/2020,8.39,16.45,7.85,17.98,18,43.74
02/03/2020,8.39,16.45,7.85,17.98,18,43.74
03/03/2020,8.39,16.45,7.85,17.98,18,43.74
04/03/2020,8.39,16.45,7.85,17.98,18,43.74
05/03/2020,8.39,16.45,7.85,17.98,18,43.74
06/03/2020,8.39,16.45,7.85,17.98,18,43.74
07/03/2020,8.39,16.45,7.85,17.98,18,43.74
08/03/2020,8.39,16.45,7.85,17.98,18,43.74
09/03/2020,8.39,16.45,7.85,17.98,18,43.74
10/03/2020,8.39,16.45,7.85,17.98,18,43.74
11/03/2020,8.39,16.45,7.85,17.98,18,43.74
12/03/2020,8.39,16.45,7.85,17.98,18,43.74
13/03/2020,8.39,16.45,7.85,17.98,18,43.74
14/03/2020,8.39,16.45,7.85,17.98,18,43.74
15/03/2020,8.39,16.45,7.85,17.98,18,43.74
16/03/2020,8.39,16.45,7.85,17.98,18,43.74
17/03/2020,8.39,16.45,7.85,17.98,18,43.74
18/03/2020,8.39,16.45,7.85,17.98,18,43.74
19/03/2020,8.39,16.45,7.85,17.98,18,43.74
20/03/2020,8.39,16.45,7.85,17.98,18,43.74
21/03/2020,8.39,16.45,7.85,17.98,18,43.74
22/03/2020,8.39,16.45,7.85,17.98,18,43.74
23/03/2020,8.39,16.45,7.85,17.98,18,43.74
24/03/2020,8.39,16.45,7.85,17.98,18,43.74
25/03/2020,8.39,16.45,7.85,17.98,18,43.74
26/03/2020,8.39,16.45,7.85,17.98,18,43.74
27/03/2020,8.39,16.45,7.85,17.98,18,43.74
28/03/2020,8.39,16.45,7.85,17.98,18,43.74
29/03/2020,8.39,16.45,7.85,17.98,18,43.74
30/03/2020,8.39,16.45,7.85,17.98,18,43.74
31/03/2020,8.39,16.45,7.85,17.98,18,43.74
01/04/2020,7.76,9.64,4.87,18.04,18,41.89
02/04/2020,7.76,9.64,4.87,18.04,18,41.89
03/04/2020,7.76,9.64,4.87,18.04,18,41.89
04/04/2020,7.76,9.64,4.87,18.04,18,41.89
05/04/2020,7.76,9.64,4.87,18.04,18,41.89
06/04/2020,7.76,9.64,4.87,18.04,18,41.89
07/04/2020,7.76,9.64,4.87,18.04,18,41.89
08/04/2020,7.76,9.64,4.87,18.04,18,41.89
09/04/2020,7.76,9.64,4.87,18.04,18,41.89
10/04/2020,7.76,9.64,4.87,18.04,18,41.89
11/04/2020,7.76,9.64,4.87,18.04,18,41.89
12/04/2020,7.76,9.64,4.87,18.04,18,41.89
13/04/2020,7.76,9.64,4.87,18.04,18,41.89
14/04/2020,7.76,9.64,4.87,18.04,18,41.89
15/04/2020,7.76,9.64,4.87,18.04,18,41.89
16/04/2020,7.76,9.64,4.87,18.04,18,41.89
17/04/2020,7.76,9.64,4.87,18.04,18,41.89
18/04/2020,7.76,9.64,4.87,18.04,18,41.89
19/04/2020,7.76,9.64,4.87,18.04,18,41.89
20/04/2020,7.76,9.64,4.87,18.04,18,41.89
21/04/2020,7.76,9.64,4.87,18.04,18,41.89
22/04/2020,7.76,9.64,4.87,18.04,18,41.89
23/04/2020,7.76,9.64,4.87,18.04,18,41.89
24/04/2020,7.76,9.64,4.87,18.04,18,41.89
25/04/2020,7.76,9.64,4.87,18.04,18,41.89
26/04/2020,7.76,9.64,4.87,18.04,18,41.89
27/04/2020,7.76,9.64,4.87,18.04,18,41.89
28/04/2020,7.76,9.64,4.87,18.04,18,41.89
29/04/2020,7.76,9.64,4.87,18.04,18,41.89
30/04/2020,7.76,9.64,4.87,18.04,18,41.89
01/05/2020,6.56,14.92,4.16,18.15,18,41.89
02/05/2020,6.56,14.92,4.16,18.15,18,41.89
03/05/2020,6.56,14.92,4.16,18.15,18,41.89
04/05/2020,6.56,14.92,4.16,18.15,18,41.89
05/05/2020,6.56,14.92,4.16,18.15,18,41.89
06/05/2020,6.56,14.92,4.16,18.15,18,41.89
07/05/2020,6.56,14.92,4.16,18.15,18,41.89
08/05/2020,6.56,14.92,4.16,18.15,18,41.89
09/05/2020,6.56,14.92,4.16,18.15,18,41.89
10/05/2020,6.56,14.92,4.16,18.15,18,41.89
11/05/2020,6.56,14.92,4.16,18.15,18,41.89
12/05/2020,6.56,14.92,4.16,18.15,18,41.89
13/05/2020,6.56,14.92,4.16,18.15,18,41.89
14/05/2020,6.56,14.92,4.16,18.15,18,41.89
15/05/2020,6.56,14.92,4.16,18.15,18,41.89
16/05/2020,6.56,14.92,4.16,18.15,18,41.89
17/05/2020,6.56,14.92,4.16,18.15,18,41.89
18/05/2020,6.56,14.92,4.16,18.15,18,41.89
19/05/2020,6.56,14.92,4.16,18.15,18,41.89
20/05/2020,6.56,14.92,4.16,18.15,18,41.89
21/05/2020,6.56,14.92,4.16,18.15,18,41.89
22/05/2020,6.56,14.92,4.16,18.15,18,41.89
23/05/2020,6.56,14.92,4.16,18.15,18,41.89
24/05/2020,6.56,14.92,4.16,18.15,18,41.89
25/05/2020,6.56,14.92,4.16,18.15,18,41.89
26/05/2020,6.56,14.92,4.16,18.15,18,41.89
27/05/2020,6.56,14.92,4.16,18.15,18,41.89
28/05/2020,6.56,14.92,4.16,18.15,18,41.89
29/05/2020,6.56,14.92,4.16,18.15,18,41.89
30/05/2020,6.56,14.92,4.16,18.15,18,41.89
31/05/2020,6.56,14.92,4.16,18.15,18,41.89
01/06/2020,6.72,20.39,4.62,21.49,18,41.89
02/06/2020,6.72,20.39,4.62,21.49,18,41.89
03/06/2020,6.72,20.39,4.62,21.49,18,41.89
04/06/2020,6.72,20.39,4.62,21.49,18,41.89
05/06/2020,6.72,20.39,4.62,21.49,18,41.89
06/06/2020,6.72,20.39,4.62,21.49,18,41.89
07/06/2020,6.72,20.39,4.62,21.49,18,41.89
08/06/2020,6.72,20.39,4.62,21.49,18,41.89
09/06/2020,6.72,20.39,4.62,21.49,18,41.89
10/06/2020,6.72,20.39,4.62,21.49,18,41.89
11/06/2020,6.72,20.39,4.62,21.49,18,41.89
12/06/2020,6.72,20.39,4.62,21.49,18,41.89
13/06/2020,6.72,20.39,4.62,21.49,18,41.89
14/06/2020,6.72,20.39,4.62,21.49,18,41.89
15/06/2020,6.72,20.39,4.62,21.49,18,41.89
16/06/2020,6.72,20.39,4.62,21.49,18,41.89
17/06/2020,6.72,20.39,4.62,21.49,18,41.89
18/06/2020,6.72,20.39,4.62,21.49,18,41.89
19/06/2020,6.72,20.39,4.62,21.49,18,41.89
20/06/2020,6.72,20.39,4.62,21.49,18,41.89
21/06/2020,6.72,20.39,4.62,21.49,18,41.89
22/06/2020,6.72,20.39,4.62,21.49,18,41.89
23/06/2020,6.72,20.39,4.62,21.49,18,41.89
24/06/2020,6.72,20.39,4.62,21.49,18,41.89
25/06/2020,6.72,20.39,4.62,21.49,18,41.89
26/06/2020,6.72,20.39,4.62,21.49,18,41.89
27/06/2020,6.72,20.39,4.62,21.49,18,41.89
28/06/2020,6.72,20.39,4.62,21.49,18,41.89
29/06/2020,6.72,20.39,4.62,21.49,18,41.89
30/06/2020,6.72,20.39,4.62,21.49,18,41.89
01/07/2020,6.45,21.56,4.5,25.27,18,40.76
02/07/2020,6.45,21.56,4.5,25.27,18,40.76
03/07/2020,6.45,21.56,4.5,25.27,18,40.76
04/07/2020,6.45,21.56,4.5,25.27,18,40.76
05/07/2020,6.45,21.56,4.5,25.27,18,40.76
06/07/2020,6.45,21.56,4.5,25.27,18,40.76
07/07/2020,6.45,21.56,4.5,25.27,18,40.76
08/07/2020,6.45,21.56,4.5,25.27,18,40.76
09/07/2020,6.45,21.56,4.5,25.27,18,40.76
10/07/2020,6.45,21.56,4.5,25.27,18,40.76
11/07/2020,6.45,21.56,4.5,25.27,18,40.76
12/07/2020,6.45,21.56,4.5,25.27,18,40.76
13/07/2020,6.45,21.56,4.5,25.27,18,40.76
14/07/2020,6.45,21.56,4.5,25.27,18,40.76
15/07/2020,6.45,21.56,4.5,25.27,18,40.76
16/07/2020,6.45,21.56,4.5,25.27,18,40.76
17/07/2020,6.45,21.56,4.5,25.27,18,40.76
18/07/2020,6.45,21.56,4.5,25.27,18,40.76
19/07/2020,6.45,21.56,4.5,25.27,18,40.76
20/07/2020,6.45,21.56,4.5,25.27,18,40.76
21/07/2020,6.45,21.56,4.5,25.27,18,40.76
22/07/2020,6.45,21.56,4.5,25.27,18,40.76
23/07/2020,6.45,21.56,4.5,25.27,18,40.76
24/07/2020,6.45,21.56,4.5,25.27,18,40.76
25/07/2020,6.45,21.56,4.5,25.27,18,40.76
26/07/2020,6.45,21.56,4.5,25.27,18,40.76
27/07/2020,6.45,21.56,4.5,25.27,18,40.76
28/07/2020,6.45,21.56,4.5,25.27,18,40.76
29/07/2020,6.45,21.56,4.5,25.27,18,40.76
30/07/2020,6.45,21.56,4.5,25.27,18,40.76
31/07/2020,6.45,21.56,4.5,25.27,18,40.76
01/08/2020,6.02,21.44,7.1,24.44,18,40.76
02/08/2020,6.02,21.44,7.1,24.44,18,40.76
03/08/2020,6.02,21.44,7.1,24.44,18,40.76
04/08/2020,6.02,21.44,7.1,24.44,18,40.76
05/08/2020,6.02,21.44,7.1,24.44,18,40.76
06/08/2020,6.02,21.44,7.1,24.44,18,40.76
07/08/2020,6.02,21.44,7.1,24.44,18,40.76
08/08/2020,6.02,21.44,7.1,24.44,18,40.76
09/08/2020,6.02,21.44,7.1,24.44,18,40.76
10/08/2020,6.02,21.44,7.1,24.44,18,40.76
11/08/2020,6.02,21.44,7.1,24.44,18,40.76
12/08/2020,6.02,21.44,7.1,24.44,18,40.76
13/08/2020,6.02,21.44,7.1,24.44,18,40.76
14/08/2020,6.02,21.44,7.1,24.44,18,40.76
15/08/2020,6.02,21.44,7.1,24.44,18,40.76
16/08/2020,6.02,21.44,7.1,24.44,18,40.76
17/08/2020,6.02,21.44,7.1,24.44,18,40.76
18/08/2020,6.02,21.44,7.1,24.44,18,40.76
19/08/2020,6.02,21.44,7.1,24.44,18,40.76
20/08/2020,6.02,21.44,7.1,24.44,18,40.76
21/08/2020,6.02,21.44,7.1,24.44,18,40.76
22/08/2020,6.02,21.44,7.1,24.44,18,40.76
23/08/2020,6.02,21.44,7.1,24.44,18,40.76
24/08/2020,6.02,21.44,7.1,24.44,18,40.76
25/08/2020,6.02,21.44,7.1,24.44,18,40.76
26/08/2020,6.02,21.44,7.1,24.44,18,40.76
27/08/2020,6.02,21.44,7.1,24.44,18,40.76
28/08/2020,6.02,21.44,7.1,24.44,18,40.76
29/08/2020,6.02,21.44,7.1,24.44,18,40.76
30/08/2020,6.02,21.44,7.1,24.44,18,40.76
31/08/2020,6.02,21.44,7.1,24.44,18,40.76
01/09/2020,6.26,19.93,10.16,25.48,18,40.76
02/09/2020,6.26,19.93,10.16,25.48,18,40.76
03/09/2020,6.26,19.93,10.16,25.48,18,40.76
04/09/2020,6.26,19.93,10.16,25.48,18,40.76
05/09/2020,6.26,19.93,10.16,25.48,18,40.76
06/09/2020,6.26,19.93,10.16,25.48,18,40.76
07/09/2020,6.26,19.93,10.16,25.48,18,40.76
08/09/2020,6.26,19.93,10.16,25.48,18,40.76
09/09/2020,6.26,19.93,10.16,25.48,18,40.76
10/09/2020,6.26,19.93,10.16,25.48,18,40.76
11/09/2020,6.26,19.93,10.16,25.48,18,40.76
12/09/2020,6.26,19.93,10.16,25.48,18,40.76
13/09/2020,6.26,19.93,10.16,25.48,18,40.76
14/09/2020,6.26,19.93,10.16,25.48,18,40.76
15/09/2020,6.26,19.93,10.16,25.48,18,40.76
16/09/2020,6.26,19.93,10.16,25.48,18,40.76
17/09/2020,6.26,19.93,10.16,25.48,18,40.76
18/09/2020,6.26,19.93,10.16,25.48,18,40.76
19/09/2020,6.26,19.93,10.16,25.48,18,40.76
20/09/2020,6.26,19.93,10.16,25.48,18,40.76
21/09/2020,6.26,19.93,10.16,25.48,18,40.76
22/09/2020,6.26,19.93,10.16,25.48,18,40.76
23/09/2020,6.26,19.93,10.16,25.48,18,40.76
24/09/2020,6.26,19.93,10.16,25.48,18,40.76
25/09/2020,6.26,19.93,10.16,25.48,18,40.76
26/09/2020,6.26,19.93,10.16,25.48,18,40.76
27/09/2020,6.26,19.93,10.16,25.48,18,40.76
28/09/2020,6.26,19.93,10.16,25.48,18,40.76
29/09/2020,6.26,19.93,10.16,25.48,18,40.76
30/09/2020,6.26,19.93,10.16,25.48,18,40.76
01/10/2020,6.92,19.52,12.98,23.1,18,41.27
02/10/2020,6.92,19.52,12.98,23.1,18,41.27
03/10/2020,6.92,19.52,12.98,23.1,18,41.27
04/10/2020,6.92,19.52,12.98,23.1,18,41.27
05/10/2020,6.92,19.52,12.98,23.1,18,41.27
06/10/2020,6.92,19.52,12.98,23.1,18,41.27
07/10/2020,6.92,19.52,12.98,23.1,18,41.27
08/10/2020,6.92,19.52,12.98,23.1,18,41.27
09/10/2020,6.92,19.52,12.98,23.1,18,41.27
10/10/2020,6.92,19.52,12.98,23.1,18,41.27
11/10/2020,6.92,19.52,12.98,23.1,18,41.27
12/10/2020,6.92,19.52,12.98,23.1,18,41.27
13/10/2020,6.92,19.52,12.98,23.1,18,41.27
14/10/2020,6.92,19.52,12.98,23.1,18,41.27
15/10/2020,6.92,19.52,12.98,23.1,18,41.27
16/10/2020,6.92,19.52,12.98,23.1,18,41.27
17/10/2020,6.92,19.52,12.98,23.1,18,41.27
18/10/2020,6.92,19.52,12.98,23.1,18,41.27
19/10/2020,6.92,19.52,12.98,23.1,18,41.27
20/10/2020,6.92,19.52,12.98,23.1,18,41.27
21/10/2020,6.92,19.52,12.98,23.1,18,41.27
22/10/2020,6.92,19.52,12.98,23.1,18,41.27
23/10/2020,6.92,19.52,12.98,23.1,18,41.27
24/10/2020,6.92,19.52,12.98,23.1,18,41.27
25/10/2020,6.92,19.52,12.98,23.1,18,41.27
26/10/2020,6.92,19.52,12.98,23.1,18,41.27
27/10/2020,6.92,19.52,12.98,23.1,18,41.27
28/10/2020,6.92,19.52,12.98,23.1,18,41.27
29/10/2020,6.92,19.52,12.98,23.1,18,41.27
30/10/2020,6.92,19.52,12.98,23.1,18,41.27
31/10/2020,6.92,19.52,12.98,23.1,18,41.27
01/11/2020,7.41,20.29,12.8,23.88,18,41.27
02/11/2020,7.41,20.29,12.8,23.88,18,41.27
03/11/2020,7.41,20.29,12.8,23.88,18,41.27
04/11/2020,7.41,20.29,12.8,23.88,18,41.27
05/11/2020,7.41,20.29,12.8,23.88,18,41.27
06/11/2020,7.41,20.29,12.8,23.88,18,41.27
07/11/2020,7.41,20.29,12.8,23.88,18,41.27
08/11/2020,7.41,20.29,12.8,23.88,18,41.27
09/11/2020,7.41,20.29,12.8,23.88,18,41.27
10/11/2020,7.41,20.29,12.8,23.88,18,41.27
11/11/2020,7.41,20.29,12.8,23.88,18,41.27
12/11/2020,7.41,20.29,12.8,23.88,18,41.27
13/11/2020,7.41,20.29,12.8,23.88,18,41.27
14/11/2020,7.41,20.29,12.8,23.88,18,41.27
15/11/2020,7.41,20.29,12.8,23.88,18,41.27
16/11/2020,7.41,20.29,12.8,23.88,18,41.27
17/11/2020,7.41,20.29,12.8,23.88,18,41.27
18/11/2020,7.41,20.29,12.8,23.88,18,41.27
19/11/2020,7.41,20.29,12.8,23.88,18,41.27
20/11/2020,7.41,20.29,12.8,23.88,18,41.27
21/11/2020,7.41,20.29,12.8,23.88,18,41.27
22/11/2020,7.41,20.29,12.8,23.88,18,41.27
23/11/2020,7.41,20.29,12.8,23.88,18,41.27
24/11/2020,7.41,20.29,12.8,23.88,18,41.27
25/11/2020,7.41,20.29,12.8,23.88,18,41.27
26/11/2020,7.41,20.29,12.8,23.88,18,41.27
27/11/2020,7.41,20.29,12.8,23.88,18,41.27
28/11/2020,7.41,20.29,12.8,23.88,18,41.27
29/11/2020,7.41,20.29,12.8,23.88,18,41.27
30/11/2020,7.41,20.29,12.8,23.88,18,41.27
01/12/2020,9.1,23.57,15.68,28.26,18,41.27
02/12/2020,9.1,23.57,15.68,28.26,18,41.27
03/12/2020,9.1,23.57,15.68,28.26,18,41.27
04/12/2020,9.1,23.57,15.68,28.26,18,41.27
05/12/2020,9.1,23.57,15.68,28.26,18,41.27
06/12/2020,9.1,23.57,15.68,28.26,18,41.27
07/12/2020,9.1,23.57,15.68,28.26,18,41.27
08/12/2020,9.1,23.57,15.68,28.26,18,41.27
09/12/2020,9.1,23.57,15.68,28.26,18,41.27
10/12/2020,9.1,23.57,15.68,28.26,18,41.27
11/12/2020,9.1,23.57,15.68,28.26,18,41.27
12/12/2020,9.1,23.57,15.68,28.26,18,41.27
13/12/2020,9.1,23.57,15.68,28.26,18,41.27
14/12/2020,9.1,23.57,15.68,28.26,18,41.27
15/12/2020,9.1,23.57,15.68,28.26,18,41.27
16/12/2020,9.1,23.57,15.68,28.26,18,41.27
17/12/2020,9.1,23.57,15.68,28.26,18,41.27
18/12/2020,9.1,23.57,15.68,28.26,18,41.27
19/12/2020,9.1,23.57,15.68,28.26,18,41.27
20/12/2020,9.1,23.57,15.68,28.26,18,41.27
21/12/2020,9.1,23.57,15.68,28.26,18,41.27
22/12/2020,9.1,23.57,15.68,28.26,18,41.27
23/12/2020,9.1,23.57,15.68,28.26,18,41.27
24/12/2020,9.1,23.57,15.68,28.26,18,41.27
25/12/2020,9.1,23.57,15.68,28.26,18,41.27
26/12/2020,9.1,23.57,15.68,28.26,18,41.27
27/12/2020,9.1,23.57,15.68,28.26,18,41.27
28/12/2020,9.1,23.57,15.68,28.26,18,41.27
29/12/2020,9.1,23.57,15.68,28.26,18,41.27
30/12/2020,9.1,23.57,15.68,28.26,18,41.27
31/12/2020,9.1,23.57,15.68,28.26,18,41.27
01/01/2021,9.72,25.25,19.93,29.82,18,40.48
02/01/2021,9.72,25.25,19.93,29.82,18,40.48
03/01/2021,9.72,25.25,19.93,29.82,18,40.48
04/01/2021,9.72,25.25,19.93,29.82,18,40.48
05/01/2021,9.72,25.25,19.93,29.82,18,40.48
06/01/2021,9.72,25.25,19.93,29.82,18,40.48
07/01/2021,9.72,25.25,19.93,29.82,18,40.48
08/01/2021,9.72,25.25,19.93,29.82,18,40.48
09/01/2021,9.72,25.25,19.93,29.82,18,40.48
10/01/2021,9.72,25.25,19.93,29.82,18,40.48
11/01/2021,9.72,25.25,19.93,29.82,18,40.48
12/01/2021,9.72,25.25,19.93,29.82,18,40.48
13/01/2021,9.72,25.25,19.93,29.82,18,40.48
14/01/2021,9.72,25.25,19.93,29.82,18,40.48
15/01/2021,9.72,25.25,19.93,29.82,18,40.48
16/01/2021,9.72,25.25,19.93,29.82,18,40.48
17/01/2021,9.72,25.25,19.93,29.82,18,40.48
18/01/2021,9.72,25.25,19.93,29.82,18,40.48
19/01/2021,9.72,25.25,19.93,29.82,18,40.48
20/01/2021,9.72,25.25,19.93,29.82,18,40.48
21/01/2021,9.72,25.25,19.93,29.82,18,40.48
22/01/2021,9.72,25.25,19.93,29.82,18,40.48
23/01/2021,9.72,25.25,19.93,29.82,18,40.48
24/01/2021,9.72,25.25,19.93,29.82,18,40.48
25/01/2021,9.72,25.25,19.93,29.82,18,40.48
26/01/2021,9.72,25.25,19.93,29.82,18,40.48
27/01/2021,9.72,25.25,19.93,29.82,18,40.48
28/01/2021,9.72,25.25,19.93,29.82,18,40.48
29/01/2021,9.72,25.25,19.93,29.82,18,40.48
30/01/2021,9.72,25.25,19.93,29.82,18,40.48
31/01/2021,9.72,25.25,19.93,29.82,18,40.48
01/02/2021,9.71,28.39,15.7,33.16,18,40.48
02/02/2021,9.71,28.39,15.7,33.16,18,40.48
03/02/2021,9.71,28.39,15.7,33.16,18,40.48
04/02/2021,9.71,28.39,15.7,33.16,18,40.48
05/02/2021,9.71,28.39,15.7,33.16,18,40.48
06/02/2021,9.71,28.39,15.7,33.16,18,40.48
07/02/2021,9.71,28.39,15.7,33.16,18,40.48
08/02/2021,9.71,28.39,15.7,33.16,18,40.48
09/02/2021,9.71,28.39,15.7,33.16,18,40.48
10/02/2021,9.71,28.39,15.7,33.16,18,40.48
11/02/2021,9.71,28.39,15.7,33.16,18,40.48
12/02/2021,9.71,28.39,15.7,33.16,18,40.48
13/02/2021,9.71,28.39,15.7,33.16,18,40.48
14/02/2021,9.71,28.39,15.7,33.16,18,40.48
15/02/2021,9.71,28.39,15.7,33.16,18,40.48
16/02/2021,9.71,28.39,15.7,33.16,18,40.48
17/02/2021,9.71,28.39,15.7,33.16,18,40.48
18/02/2021,9.71,28.39,15.7,33.16,18,40.48
19/02/2021,9.71,28.39,15.7,33.16,18,40.48
20/02/2021,9.71,28.39,15.7,33.16,18,40.48
21/02/2021,9.71,28.39,15.7,33.16,18,40.48
22/02/2021,9.71,28.39,15.7,33.16,18,40.48
23/02/2021,9.71,28.39,15.7,33.16,18,40.48
24/02/2021,9.71,28.39,15.7,33.16,18,40.48
25/02/2021,9.71,28.39,15.7,33.16,18,40.48
26/02/2021,9.71,28.39,15.7,33.16,18,40.48
27/02/2021,9.71,28.39,15.7,33.16,18,40.48
28/02/2021,9.71,28.39,15.7,33.16,18,40.48
01/03/2021,10.27,29.96,15.4,35.27,18,40.48
02/03/2021,10.27,29.96,15.4,35.27,18,40.48
03/03/2021,10.27,29.96,15.4,35.27,18,40.48
04/03/2021,10.27,29.96,15.4,35.27,18,40.48
05/03/2021,10.27,29.96,15.4,35.27,18,40.48
06/03/2021,10.27,29.96,15.4,35.27,18,40.48
07/03/2021,10.27,29.96,15.4,35.27,18,40.48
08/03/2021,10.27,29.96,15.4,35.27,18,40.48
09/03/2021,10.27,29.96,15.4,35.27,18,40.48
10/03/2021,10.27,29.96,15.4,35.27,18,40.48
11/03/2021,10.27,29.96,15.4,35.27,18,40.48
12/03/2021,10.27,29.96,15.4,35.27,18,40.48
13/03/2021,10.27,29.96,15.4,35.27,18,40.48
14/03/2021,10.27,29.96,15.4,35.27,18,40.48
15/03/2021,10.27,29.96,15.4,35.27,18,40.48
16/03/2021,10.27,29.96,15.4,35.27,18,40.48
17/03/2021,10.27,29.96,15.4,35.27,18,40.48
18/03/2021,10.27,29.96,15.4,35.27,18,40.48
19/03/2021,10.27,29.96,15.4,35.27,18,40.48
20/03/2021,10.27,29.96,15.4,35.27,18,40.48
21/03/2021,10.27,29.96,15.4,35.27,18,40.48
22/03/2021,10.27,29.96,15.4,35.27,18,40.48
23/03/2021,10.27,29.96,15.4,35.27,18,40.48
24/03/2021,10.27,29.96,15.4,35.27,18,40.48
25/03/2021,10.27,29.96,15.4,35.27,18,40.48
26/03/2021,10.27,29.96,15.4,35.27,18,40.48
27/03/2021,10.27,29.96,15.4,35.27,18,40.48
28/03/2021,10.27,29.96,15.4,35.27,18,40.48
29/03/2021,10.27,29.96,15.4,35.27,18,40.48
30/03/2021,10.27,29.96,15.4,35.27,18,40.48
31/03/2021,10.27,29.96,15.4,35.27,18,40.48
01/04/2021,10.64,29.51,18.59,38.82,18,37.31
02/04/2021,10.64,29.51,18.59,38.82,18,37.31
03/04/2021,10.64,29.51,18.59,38.82,18,37.31
04/04/2021,10.64,29.51,18.59,38.82,18,37.31
05/04/2021,10.64,29.51,18.59,38.82,18,37.31
06/04/2021,10.64,29.51,18.59,38.82,18,37.31
07/04/2021,10.64,29.51,18.59,38.82,18,37.31
08/04/2021,10.64,29.51,18.59,38.82,18,37.31
09/04/2021,10.64,29.51,18.59,38.82,18,37.31
10/04/2021,10.64,29.51,18.59,38.82,18,37.31
11/04/2021,10.64,29.51,18.59,38.82,18,37.31
12/04/2021,10.64,29.51,18.59,38.82,18,37.31
13/04/2021,10.64,29.51,18.59,38.82,18,37.31
14/04/2021,10.64,29.51,18.59,38.82,18,37.31
15/04/2021,10.64,29.51,18.59,38.82,18,37.31
16/04/2021,10.64,29.51,18.59,38.82,18,37.31
17/04/2021,10.64,29.51,18.59,38.82,18,37.31
18/04/2021,10.64,29.51,18.59,38.82,18,37.31
19/04/2021,10.64,29.51,18.59,38.82,18,37.31
20/04/2021,10.64,29.51,18.59,38.82,18,37.31
21/04/2021,10.64,29.51,18.59,38.82,18,37.31
22/04/2021,10.64,29.51,18.59,38.82,18,37.31
23/04/2021,10.64,29.51,18.59,38.82,18,37.31
24/04/2021,10.64,29.51,18.59,38.82,18,37.31
25/04/2021,10.64,29.51,18.59,38.82,18,37.31
26/04/2021,10.64,29.51,18.59,38.82,18,37.31
27/04/2021,10.64,29.51,18.59,38.82,18,37.31
28/04/2021,10.64,29.51,18.59,38.82,18,37.31
29/04/2021,10.64,29.51,18.59,38.82,18,37.31
30/04/2021,10.64,29.51,18.59,38.82,18,37.31
01/05/2021,11.11,30.73,22.55,46.68,18,37.31
02/05/2021,11.11,30.73,22.55,46.68,18,37.31
03/05/2021,11.11,30.73,22.55,46.68,18,37.31
04/05/2021,11.11,30.73,22.55,46.68,18,37.31
05/05/2021,11.11,30.73,22.55,46.68,18,37.31
06/05/2021,11.11,30.73,22.55,46.68,18,37.31
07/05/2021,11.11,30.73,22.55,46.68,18,37.31
08/05/2021,11.11,30.73,22.55,46.68,18,37.31
09/05/2021,11.11,30.73,22.55,46.68,18,37.31
10/05/2021,11.11,30.73,22.55,46.68,18,37.31
11/05/2021,11.11,30.73,22.55,46.68,18,37.31
12/05/2021,11.11,30.73,22.55,46.68,18,37.31
13/05/2021,11.11,30.73,22.55,46.68,18,37.31
14/05/2021,11.11,30.73,22.55,46.68,18,37.31
15/05/2021,11.11,30.73,22.55,46.68,18,37.31
16/05/2021,11.11,30.73,22.55,46.68,18,37.31
17/05/2021,11.11,30.73,22.55,46.68,18,37.31
18/05/2021,11.11,30.73,22.55,46.68,18,37.31
19/05/2021,11.11,30.73,22.55,46.68,18,37.31
20/05/2021,11.11,30.73,22.55,46.68,18,37.31
21/05/2021,11.11,30.73,22.55,46.68,18,37.31
22/05/2021,11.11,30.73,22.55,46.68,18,37.31
23/05/2021,11.11,30.73,22.55,46.68,18,37.31
24/05/2021,11.11,30.73,22.55,46.68,18,37.31
25/05/2021,11.11,30.73,22.55,46.68,18,37.31
26/05/2021,11.11,30.73,22.55,46.68,18,37.31
27/05/2021,11.11,30.73,22.55,46.68,18,37.31
28/05/2021,11.11,30.73,22.55,46.68,18,37.31
29/05/2021,11.11,30.73,22.55,46.68,18,37.31
30/05/2021,11.11,30.73,22.55,46.68,18,37.31
31/05/2021,11.11,30.73,22.55,46.68,18,37.31
01/06/2021,13.97,32.98,24.79,45.98,18,37.31
02/06/2021,13.97,32.98,24.79,45.98,18,37.31
03/06/2021,13.97,32.98,24.79,45.98,18,37.31
04/06/2021,13.97,32.98,24.79,45.98,18,37.31
05/06/2021,13.97,32.98,24.79,45.98,18,37.31
06/06/2021,13.97,32.98,24.79,45.98,18,37.31
07/06/2021,13.97,32.98,24.79,45.98,18,37.31
08/06/2021,13.97,32.98,24.79,45.98,18,37.31
09/06/2021,13.97,32.98,24.79,45.98,18,37.31
10/06/2021,13.97,32.98,24.79,45.98,18,37.31
11/06/2021,13.97,32.98,24.79,45.98,18,37.31
12/06/2021,13.97,32.98,24.79,45.98,18,37.31
13/06/2021,13.97,32.98,24.79,45.98,18,37.31
14/06/2021,13.97,32.98,24.79,45.98,18,37.31
15/06/2021,13.97,32.98,24.79,45.98,18,37.31
16/06/2021,13.97,32.98,24.79,45.98,18,37.31
17/06/2021,13.97,32.98,24.79,45.98,18,37.31
18/06/2021,13.97,32.98,24.79,45.98,18,37.31
19/06/2021,13.97,32.98,24.79,45.98,18,37.31
20/06/2021,13.97,32.98,24.79,45.98,18,37.31
21/06/2021,13.97,32.98,24.79,45.98,18,37.31
22/06/2021,13.97,32.98,24.79,45.98,18,37.31
23/06/2021,13.97,32.98,24.79,45.98,18,37.31
24/06/2021,13.97,32.98,24.79,45.98,18,37.31
25/06/2021,13.97,32.98,24.79,45.98,18,37.31
26/06/2021,13.97,32.98,24.79,45.98,18,37.31
27/06/2021,13.97,32.98,24.79,45.98,18,37.31
28/06/2021,13.97,32.98,24.79,45.98,18,37.31
29/06/2021,13.97,32.98,24.79,45.98,18,37.31
30/06/2021,13.97,32.98,24.79,45.98,18,37.31
01/07/2021,16.52,34.51,30.9,44.29,18,38.04
02/07/2021,16.52,34.51,30.9,44.29,18,38.04
03/07/2021,16.52,34.51,30.9,44.29,18,38.04
04/07/2021,16.52,34.51,30.9,44.29,18,38.04
05/07/2021,16.52,34.51,30.9,44.29,18,38.04
06/07/2021,16.52,34.51,30.9,44.29,18,38.04
07/07/2021,16.52,34.51,30.9,44.29,18,38.04
08/07/2021,16.52,34.51,30.9,44.29,18,38.04
09/07/2021,16.52,34.51,30.9,44.29,18,38.04
10/07/2021,16.52,34.51,30.9,44.29,18,38.04
11/07/2021,16.52,34.51,30.9,44.29,18,38.04
12/07/2021,16.52,34.51,30.9,44.29,18,38.04
13/07/2021,16.52,34.51,30.9,44.29,18,38.04
14/07/2021,16.52,34.51,30.9,44.29,18,38.04
15/07/2021,16.52,34.51,30.9,44.29,18,38.04
16/07/2021,16.52,34.51,30.9,44.29,18,38.04
17/07/2021,16.52,34.51,30.9,44.29,18,38.04
18/07/2021,16.52,34.51,30.9,44.29,18,38.04
19/07/2021,16.52,34.51,30.9,44.29,18,38.04
20/07/2021,16.52,34.51,30.9,44.29,18,38.04
21/07/2021,16.52,34.51,30.9,44.29,18,38.04
22/07/2021,16.52,34.51,30.9,44.29,18,38.04
23/07/2021,16.52,34.51,30.9,44.29,18,38.04
24/07/2021,16.52,34.51,30.9,44.29,18,38.04
25/07/2021,16.52,34.51,30.9,44.29,18,38.04
26/07/2021,16.52,34.51,30.9,44.29,18,38.04
27/07/2021,16.52,34.51,30.9,44.29,18,38.04
28/07/2021,16.52,34.51,30.9,44.29,18,38.04
29/07/2021,16.52,34.51,30.9,44.29,18,38.04
30/07/2021,16.52,34.51,30.9,44.29,18,38.04
31/07/2021,16.52,34.51,30.9,44.29,18,38.04
01/08/2021,18.92,32.41,37.4,48.43,18,38.04
02/08/2021,18.92,32.41,37.4,48.43,18,38.04
03/08/2021,18.92,32.41,37.4,48.43,18,38.04
04/08/2021,18.92,32.41,37.4,48.43,18,38.04
05/08/2021,18.92,32.41,37.4,48.43,18,38.04
06/08/2021,18.92,32.41,37.4,48.43,18,38.04
07/08/2021,18.92,32.41,37.4,48.43,18,38.04
08/08/2021,18.92,32.41,37.4,48.43,18,38.04
09/08/2021,18.92,32.41,37.4,48.43,18,38.04
10/08/2021,18.92,32.41,37.4,48.43,18,38.04
11/08/2021,18.92,32.41,37.4,48.43,18,38.04
12/08/2021,18.92,32.41,37.4,48.43,18,38.04
13/08/2021,18.92,32.41,37.4,48.43,18,38.04
14/08/2021,18.92,32.41,37.4,48.43,18,38.04
15/08/2021,18.92,32.41,37.4,48.43,18,38.04
16/08/2021,18.92,32.41,37.4,48.43,18,38.04
17/08/2021,18.92,32.41,37.4,48.43,18,38.04
18/08/2021,18.92,32.41,37.4,48.43,18,38.04
19/08/2021,18.92,32.41,37.4,48.43,18,38.04
20/08/2021,18.92,32.41,37.4,48.43,18,38.04
21/08/2021,18.92,32.41,37.4,48.43,18,38.04
22/08/2021,18.92,32.41,37.4,48.43,18,38.04
23/08/2021,18.92,32.41,37.4,48.43,18,38.04
24/08/2021,18.92,32.41,37.4,48.43,18,38.04
25/08/2021,18.92,32.41,37.4,48.43,18,38.04
26/08/2021,18.92,32.41,37.4,48.43,18,38.04
27/08/2021,18.92,32.41,37.4,48.43,18,38.04
28/08/2021,18.92,32.41,37.4,48.43,18,38.04
29/08/2021,18.92,32.41,37.4,48.43,18,38.04
30/08/2021,18.92,32.41,37.4,48.43,18,38.04
31/08/2021,18.92,32.41,37.4,48.43,18,38.04
01/09/2021,20.8,34.21,51.49,57.76,18,38.04
02/09/2021,20.8,34.21,51.49,57.76,18,38.04
03/09/2021,20.8,34.21,51.49,57.76,18,38.04
04/09/2021,20.8,34.21,51.49,57.76,18,38.04
05/09/2021,20.8,34.21,51.49,57.76,18,38.04
06/09/2021,20.8,34.21,51.49,57.76,18,38.04
07/09/2021,20.8,34.21,51.49,57.76,18,38.04
08/09/2021,20.8,34.21,51.49,57.76,18,38.04
09/09/2021,20.8,34.21,51.49,57.76,18,38.04
10/09/2021,20.8,34.21,51.49,57.76,18,38.04
11/09/2021,20.8,34.21,51.49,57.76,18,38.04
12/09/2021,20.8,34.21,51.49,57.76,18,38.04
13/09/2021,20.8,34.21,51.49,57.76,18,38.04
14/09/2021,20.8,34.21,51.49,57.76,18,38.04
15/09/2021,20.8,34.21,51.49,57.76,18,38.04
16/09/2021,20.8,34.21,51.49,57.76,18,38.04
17/09/2021,20.8,34.21,51.49,57.76,18,38.04
18/09/2021,20.8,34.21,51.49,57.76,18,38.04
19/09/2021,20.8,34.21,51.49,57.76,18,38.04
20/09/2021,20.8,34.21,51.49,57.76,18,38.04
21/09/2021,20.8,34.21,51.49,57.76,18,38.04
22/09/2021,20.8,34.21,51.49,57.76,18,38.04
23/09/2021,20.8,34.21,51.49,57.76,18,38.04
24/09/2021,20.8,34.21,51.49,57.76,18,38.04
25/09/2021,20.8,34.21,51.49,57.76,18,38.04
26/09/2021,20.8,34.21,51.49,57.76,18,38.04
27/09/2021,20.8,34.21,51.49,57.76,18,38.04
28/09/2021,20.8,34.21,51.49,57.76,18,38.04
29/09/2021,20.8,34.21,51.49,57.76,18,38.04
30/09/2021,20.8,34.21,51.49,57.76,18,38.04
01/10/2021,26.79,38.46,70.11,61.62,18,44.91
02/10/2021,26.79,38.46,70.11,61.62,18,44.91
03/10/2021,26.79,38.46,70.11,61.62,18,44.91
04/10/2021,26.79,38.46,70.11,61.62,18,44.91
05/10/2021,26.79,38.46,70.11,61.62,18,44.91
06/10/2021,26.79,38.46,70.11,61.62,18,44.91
07/10/2021,26.79,38.46,70.11,61.62,18,44.91
08/10/2021,26.79,38.46,70.11,61.62,18,44.91
09/10/2021,26.79,38.46,70.11,61.62,18,44.91
10/10/2021,26.79,38.46,70.11,61.62,18,44.91
11/10/2021,26.79,38.46,70.11,61.62,18,44.91
12/10/2021,26.79,38.46,70.11,61.62,18,44.91
13/10/2021,26.79,38.46,70.11,61.62,18,44.91
14/10/2021,26.79,38.46,70.11,61.62,18,44.91
15/10/2021,26.79,38.46,70.11,61.62,18,44.91
16/10/2021,26.79,38.46,70.11,61.62,18,44.91
17/10/2021,26.79,38.46,70.11,61.62,18,44.91
18/10/2021,26.79,38.46,70.11,61.62,18,44.91
19/10/2021,26.79,38.46,70.11,61.62,18,44.91
20/10/2021,26.79,38.46,70.11,61.62,18,44.91
21/10/2021,26.79,38.46,70.11,61.62,18,44.91
22/10/2021,26.79,38.46,70.11,61.62,18,44.91
23/10/2021,26.79,38.46,70.11,61.62,18,44.91
24/10/2021,26.79,38.46,70.11,61.62,18,44.91
25/10/2021,26.79,38.46,70.11,61.62,18,44.91
26/10/2021,26.79,38.46,70.11,61.62,18,44.91
27/10/2021,26.79,38.46,70.11,61.62,18,44.91
28/10/2021,26.79,38.46,70.11,61.62,18,44.91
29/10/2021,26.79,38.46,70.11,61.62,18,44.91
30/10/2021,26.79,38.46,70.11,61.62,18,44.91
31/10/2021,26.79,38.46,70.11,61.62,18,44.91
01/11/2021,17.9,37.87,67.19,60.74,18,44.91
02/11/2021,17.9,37.87,67.19,60.74,18,44.91
03/11/2021,17.9,37.87,67.19,60.74,18,44.91
04/11/2021,17.9,37.87,67.19,60.74,18,44.91
05/11/2021,17.9,37.87,67.19,60.74,18,44.91
06/11/2021,17.9,37.87,67.19,60.74,18,44.91
07/11/2021,17.9,37.87,67.19,60.74,18,44.91
08/11/2021,17.9,37.87,67.19,60.74,18,44.91
09/11/2021,17.9,37.87,67.19,60.74,18,44.91
10/11/2021,17.9,37.87,67.19,60.74,18,44.91
11/11/2021,17.9,37.87,67.19,60.74,18,44.91
12/11/2021,17.9,37.87,67.19,60.74,18,44.91
13/11/2021,17.9,37.87,67.19,60.74,18,44.91
14/11/2021,17.9,37.87,67.19,60.74,18,44.91
15/11/2021,17.9,37.87,67.19,60.74,18,44.91
16/11/2021,17.9,37.87,67.19,60.74,18,44.91
17/11/2021,17.9,37.87,67.19,60.74,18,44.91
18/11/2021,17.9,37.87,67.19,60.74,18,44.91
19/11/2021,17.9,37.87,67.19,60.74,18,44.91
20/11/2021,17.9,37.87,67.19,60.74,18,44.91
21/11/2021,17.9,37.87,67.19,60.74,18,44.91
22/11/2021,17.9,37.87,67.19,60.74,18,44.91
23/11/2021,17.9,37.87,67.19,60.74,18,44.91
24/11/2021,17.9,37.87,67.19,60.74,18,44.91
25/11/2021,17.9,37.87,67.19,60.74,18,44.91
26/11/2021,17.9,37.87,67.19,60.74,18,44.91
27/11/2021,17.9,37.87,67.19,60.74,18,44.91
28/11/2021,17.9,37.87,67.19,60.74,18,44.91
29/11/2021,17.9,37.87,67.19,60.74,18,44.91
30/11/2021,17.9,37.87,67.19,60.74,18,44.91
01/12/2021,19.33,35.14,91.49,73.72,18,44.91
02/12/2021,19.33,35.14,91.49,73.72,18,44.91
03/12/2021,19.33,35.14,91.49,73.72,18,44.91
04/12/2021,19.33,35.14,91.49,73.72,18,44.91
05/12/2021,19.33,35.14,91.49,73.72,18,44.91
06/12/2021,19.33,35.14,91.49,73.72,18,44.91
07/12/2021,19.33,35.14,91.49,73.72,18,44.91
08/12/2021,19.33,35.14,91.49,73.72,18,44.91
09/12/2021,19.33,35.14,91.49,73.72,18,44.91
10/12/2021,19.33,35.14,91.49,73.72,18,44.91
11/12/2021,19.33,35.14,91.49,73.72,18,44.91
12/12/2021,19.33,35.14,91.49,73.72,18,44.91
13/12/2021,19.33,35.14,91.49,73.72,18,44.91
14/12/2021,19.33,35.14,91.49,73.72,18,44.91
15/12/2021,19.33,35.14,91.49,73.72,18,44.91
16/12/2021,19.33,35.14,91.49,73.72,18,44.91
17/12/2021,19.33,35.14,91.49,73.72,18,44.91
18/12/2021,19.33,35.14,91.49,73.72,18,44.91
19/12/2021,19.33,35.14,91.49,73.72,18,44.91
20/12/2021,19.33,35.14,91.49,73.72,18,44.91
21/12/2021,19.33,35.14,91.49,73.72,18,44.91
22/12/2021,19.33,35.14,91.49,73.72,18,44.91
23/12/2021,19.33,35.14,91.49,73.72,18,44.91
24/12/2021,19.33,35.14,91.49,73.72,18,44.91
25/12/2021,19.33,35.14,91.49,73.72,18,44.91
26/12/2021,19.33,35.14,91.49,73.72,18,44.91
27/12/2021,19.33,35.14,91.49,73.72,18,44.91
28/12/2021,19.33,35.14,91.49,73.72,18,44.91
29/12/2021,19.33,35.14,91.49,73.72,18,44.91
30/12/2021,19.33,35.14,91.49,73.72,18,44.91
31/12/2021,19.33,35.14,91.49,73.72,18,44.91
01/01/2022,24.09,40.17,65.82,75.66,18,62.42
02/01/2022,24.09,40.17,65.82,75.66,18,62.42
03/01/2022,24.09,40.17,65.82,75.66,18,62.42
04/01/2022,24.09,40.17,65.82,75.66,18,62.42
05/01/2022,24.09,40.17,65.82,75.66,18,62.42
06/01/2022,24.09,40.17,65.82,75.66,18,62.42
07/01/2022,24.09,40.17,65.82,75.66,18,62.42
08/01/2022,24.09,40.17,65.82,75.66,18,62.42
09/01/2022,24.09,40.17,65.82,75.66,18,62.42
10/01/2022,24.09,40.17,65.82,75.66,18,62.42
11/01/2022,24.09,40.17,65.82,75.66,18,62.42
12/01/2022,24.09,40.17,65.82,75.66,18,62.42
13/01/2022,24.09,40.17,65.82,75.66,18,62.42
14/01/2022,24.09,40.17,65.82,75.66,18,62.42
15/01/2022,24.09,40.17,65.82,75.66,18,62.42
16/01/2022,24.09,40.17,65.82,75.66,18,62.42
17/01/2022,24.09,40.17,65.82,75.66,18,62.42
18/01/2022,24.09,40.17,65.82,75.66,18,62.42
19/01/2022,24.09,40.17,65.82,75.66,18,62.42
20/01/2022,24.09,40.17,65.82,75.66,18,62.42
21/01/2022,24.09,40.17,65.82,75.66,18,62.42
22/01/2022,24.09,40.17,65.82,75.66,18,62.42
23/01/2022,24.09,40.17,65.82,75.66,18,62.42
24/01/2022,24.09,40.17,65.82,75.66,18,62.42
25/01/2022,24.09,40.17,65.82,75.66,18,62.42
26/01/2022,24.09,40.17,65.82,75.66,18,62.42
27/01/2022,24.09,40.17,65.82,75.66,18,62.42
28/01/2022,24.09,40.17,65.82,75.66,18,62.42
29/01/2022,24.09,40.17,65.82,75.66,18,62.42
30/01/2022,24.09,40.17,65.82,75.66,18,62.42
31/01/2022,24.09,40.17,65.82,75.66,18,62.42
01/02/2022,27.28,45.33,65.12,82.91,18,62.42
02/02/2022,27.28,45.33,65.12,82.91,18,62.42
03/02/2022,27.28,45.33,65.12,82.91,18,62.42
04/02/2022,27.28,45.33,65.12,82.91,18,62.42
05/02/2022,27.28,45.33,65.12,82.91,18,62.42
06/02/2022,27.28,45.33,65.12,82.91,18,62.42
07/02/2022,27.28,45.33,65.12,82.91,18,62.42
08/02/2022,27.28,45.33,65.12,82.91,18,62.42
09/02/2022,27.28,45.33,65.12,82.91,18,62.42
10/02/2022,27.28,45.33,65.12,82.91,18,62.42
11/02/2022,27.28,45.33,65.12,82.91,18,62.42
12/02/2022,27.28,45.33,65.12,82.91,18,62.42
13/02/2022,27.28,45.33,65.12,82.91,18,62.42
14/02/2022,27.28,45.33,65.12,82.91,18,62.42
15/02/2022,27.28,45.33,65.12,82.91,18,62.42
16/02/2022,27.28,45.33,65.12,82.91,18,62.42
17/02/2022,27.28,45.33,65.12,82.91,18,62.42
18/02/2022,27.28,45.33,65.12,82.91,18,62.42
19/02/2022,27.28,45.33,65.12,82.91,18,62.42
20/02/2022,27.28,45.33,65.12,82.91,18,62.42
21/02/2022,27.28,45.33,65.12,82.91,18,62.42
22/02/2022,27.28,45.33,65.12,82.91,18,62.42
23/02/2022,27.28,45.33,65.12,82.91,18,62.42
24/02/2022,27.28,45.33,65.12,82.91,18,62.42
25/02/2022,27.28,45.33,65.12,82.91,18,62.42
26/02/2022,27.28,45.33,65.12,82.91,18,62.42
27/02/2022,27.28,45.33,65.12,82.91,18,62.42
28/02/2022,27.28,45.33,65.12,82.91,18,62.42
01/03/2022,41.56,56.56,101.29,73.86,18,62.42
02/03/2022,41.56,56.56,101.29,73.86,18,62.42
03/03/2022,41.56,56.56,101.29,73.86,18,62.42
04/03/2022,41.56,56.56,101.29,73.86,18,62.42
05/03/2022,41.56,56.56,101.29,73.86,18,62.42
06/03/2022,41.56,56.56,101.29,73.86,18,62.42
07/03/2022,41.56,56.56,101.29,73.86,18,62.42
08/03/2022,41.56,56.56,101.29,73.86,18,62.42
09/03/2022,41.56,56.56,101.29,73.86,18,62.42
10/03/2022,41.56,56.56,101.29,73.86,18,62.42
11/03/2022,41.56,56.56,101.29,73.86,18,62.42
12/03/2022,41.56,56.56,101.29,73.86,18,62.42
13/03/2022,41.56,56.56,101.29,73.86,18,62.42
14/03/2022,41.56,56.56,101.29,73.86,18,62.42
15/03/2022,41.56,56.56,101.29,73.86,18,62.42
16/03/2022,41.56,56.56,101.29,73.86,18,62.42
17/03/2022,41.56,56.56,101.29,73.86,18,62.42
18/03/2022,41.56,56.56,101.29,73.86,18,62.42
19/03/2022,41.56,56.56,101.29,73.86,18,62.42
20/03/2022,41.56,56.56,101.29,73.86,18,62.42
21/03/2022,41.56,56.56,101.29,73.86,18,62.42
22/03/2022,41.56,56.56,101.29,73.86,18,62.42
23/03/2022,41.56,56.56,101.29,73.86,18,62.42
24/03/2022,41.56,56.56,101.29,73.86,18,62.42
25/03/2022,41.56,56.56,101.29,73.86,18,62.42
26/03/2022,41.56,56.56,101.29,73.86,18,62.42
27/03/2022,41.56,56.56,101.29,73.86,18,62.42
28/03/2022,41.56,56.56,101.29,73.86,18,62.42
29/03/2022,41.56,56.56,101.29,73.86,18,62.42
30/03/2022,41.56,56.56,101.29,73.86,18,62.42
31/03/2022,41.56,56.56,101.29,73.86,18,62.42
01/04/2022,36.87,51.47,62.03,75.92,18,67.3
02/04/2022,36.87,51.47,62.03,75.92,18,67.3
03/04/2022,36.87,51.47,62.03,75.92,18,67.3
04/04/2022,36.87,51.47,62.03,75.92,18,67.3
05/04/2022,36.87,51.47,62.03,75.92,18,67.3
06/04/2022,36.87,51.47,62.03,75.92,18,67.3
07/04/2022,36.87,51.47,62.03,75.92,18,67.3
08/04/2022,36.87,51.47,62.03,75.92,18,67.3
09/04/2022,36.87,51.47,62.03,75.92,18,67.3
10/04/2022,36.87,51.47,62.03,75.92,18,67.3
11/04/2022,36.87,51.47,62.03,75.92,18,67.3
12/04/2022,36.87,51.47,62.03,75.92,18,67.3
13/04/2022,36.87,51.47,62.03,75.92,18,67.3
14/04/2022,36.87,51.47,62.03,75.92,18,67.3
15/04/2022,36.87,51.47,62.03,75.92,18,67.3
16/04/2022,36.87,51.47,62.03,75.92,18,67.3
17/04/2022,36.87,51.47,62.03,75.92,18,67.3
18/04/2022,36.87,51.47,62.03,75.92,18,67.3
19/04/2022,36.87,51.47,62.03,75.92,18,67.3
20/04/2022,36.87,51.47,62.03,75.92,18,67.3
21/04/2022,36.87,51.47,62.03,75.92,18,67.3
22/04/2022,36.87,51.47,62.03,75.92,18,67.3
23/04/2022,36.87,51.47,62.03,75.92,18,67.3
24/04/2022,36.87,51.47,62.03,75.92,18,67.3
25/04/2022,36.87,51.47,62.03,75.92,18,67.3
26/04/2022,36.87,51.47,62.03,75.92,18,67.3
27/04/2022,36.87,51.47,62.03,75.92,18,67.3
28/04/2022,36.87,51.47,62.03,75.92,18,67.3
29/04/2022,36.87,51.47,62.03,75.92,18,67.3
30/04/2022,36.87,51.47,62.03,75.92,18,67.3
01/05/2022,49.11,57.61,35.02,81.87,18,67.3
02/05/2022,49.11,57.61,35.02,81.87,18,67.3
03/05/2022,49.11,57.61,35.02,81.87,18,67.3
04/05/2022,49.11,57.61,35.02,81.87,18,67.3
05/05/2022,49.11,57.61,35.02,81.87,18,67.3
06/05/2022,49.11,57.61,35.02,81.87,18,67.3
07/05/2022,49.11,57.61,35.02,81.87,18,67.3
08/05/2022,49.11,57.61,35.02,81.87,18,67.3
09/05/2022,49.11,57.61,35.02,81.87,18,67.3
10/05/2022,49.11,57.61,35.02,81.87,18,67.3
11/05/2022,49.11,57.61,35.02,81.87,18,67.3
12/05/2022,49.11,57.61,35.02,81.87,18,67.3
13/05/2022,49.11,57.61,35.02,81.87,18,67.3
14/05/2022,49.11,57.61,35.02,81.87,18,67.3
15/05/2022,49.11,57.61,35.02,81.87,18,67.3
16/05/2022,49.11,57.61,35.02,81.87,18,67.3
17/05/2022,49.11,57.61,35.02,81.87,18,67.3
18/05/2022,49.11,57.61,35.02,81.87,18,67.3
19/05/2022,49.11,57.61,35.02,81.87,18,67.3
20/05/2022,49.11,57.61,35.02,81.87,18,67.3
21/05/2022,49.11,57.61,35.02,81.87,18,67.3
22/05/2022,49.11,57.61,35.02,81.87,18,67.3
23/05/2022,49.11,57.61,35.02,81.87,18,67.3
24/05/2022,49.11,57.61,35.02,81.87,18,67.3
25/05/2022,49.11,57.61,35.02,81.87,18,67.3
26/05/2022,49.11,57.61,35.02,81.87,18,67.3
27/05/2022,49.11,57.61,35.02,81.87,18,67.3
28/05/2022,49.11,57.61,35.02,81.87,18,67.3
29/05/2022,49.11,57.61,35.02,81.87,18,67.3
30/05/2022,49.11,57.61,35.02,81.87,18,67.3
31/05/2022,49.11,57.61,35.02,81.87,18,67.3
01/06/2022,50.26,62.87,48.27,80.14,18,67.3
02/06/2022,50.26,62.87,48.27,80.14,18,67.3
03/06/2022,50.26,62.87,48.27,80.14,18,67.3
04/06/2022,50.26,62.87,48.27,80.14,18,67.3
05/06/2022,50.26,62.87,48.27,80.14,18,67.3
06/06/2022,50.26,62.87,48.27,80.14,18,67.3
07/06/2022,50.26,62.87,48.27,80.14,18,67.3
08/06/2022,50.26,62.87,48.27,80.14,18,67.3
09/06/2022,50.26,62.87,48.27,80.14,18,67.3
10/06/2022,50.26,62.87,48.27,80.14,18,67.3
11/06/2022,50.26,62.87,48.27,80.14,18,67.3
12/06/2022,50.26,62.87,48.27,80.14,18,67.3
13/06/2022,50.26,62.87,48.27,80.14,18,67.3
14/06/2022,50.26,62.87,48.27,80.14,18,67.3
15/06/2022,50.26,62.87,48.27,80.14,18,67.3
16/06/2022,50.26,62.87,48.27,80.14,18,67.3
17/06/2022,50.26,62.87,48.27,80.14,18,67.3
18/06/2022,50.26,62.87,48.27,80.14,18,67.3
19/06/2022,50.26,62.87,48.27,80.14,18,67.3
20/06/2022,50.26,62.87,48.27,80.14,18,67.3
21/06/2022,50.26,62.87,48.27,80.14,18,67.3
22/06/2022,50.26,62.87,48.27,80.14,18,67.3
23/06/2022,50.26,62.87,48.27,80.14,18,67.3
24/06/2022,50.26,62.87,48.27,80.14,18,67.3
25/06/2022,50.26,62.87,48.27,80.14,18,67.3
26/06/2022,50.26,62.87,48.27,80.14,18,67.3
27/06/2022,50.26,62.87,48.27,80.14,18,67.3
28/06/2022,50.26,62.87,48.27,80.14,18,67.3
29/06/2022,50.26,62.87,48.27,80.14,18,67.3
30/06/2022,50.26,62.87,48.27,80.14,18,67.3
01/07/2022,53.12,59.06,78.32,79.57,18,116.88
02/07/2022,53.12,59.06,78.32,79.57,18,116.88
03/07/2022,53.12,59.06,78.32,79.57,18,116.88
04/07/2022,53.12,59.06,78.32,79.57,18,116.88
05/07/2022,53.12,59.06,78.32,79.57,18,116.88
06/07/2022,53.12,59.06,78.32,79.57,18,116.88
07/07/2022,53.12,59.06,78.32,79.57,18,116.88
08/07/2022,53.12,59.06,78.32,79.57,18,116.88
09/07/2022,53.12,59.06,78.32,79.57,18,116.88
10/07/2022,53.12,59.06,78.32,79.57,18,116.88
11/07/2022,53.12,59.06,78.32,79.57,18,116.88
12/07/2022,53.12,59.06,78.32,79.57,18,116.88
13/07/2022,53.12,59.06,78.32,79.57,18,116.88
14/07/2022,53.12,59.06,78.32,79.57,18,116.88
15/07/2022,53.12,59.06,78.32,79.57,18,116.88
16/07/2022,53.12,59.06,78.32,79.57,18,116.88
17/07/2022,53.12,59.06,78.32,79.57,18,116.88
18/07/2022,53.12,59.06,78.32,79.57,18,116.88
19/07/2022,53.12,59.06,78.32,79.57,18,116.88
20/07/2022,53.12,59.06,78.32,79.57,18,116.88
21/07/2022,53.12,59.06,78.32,79.57,18,116.88
22/07/2022,53.12,59.06,78.32,79.57,18,116.88
23/07/2022,53.12,59.06,78.32,79.57,18,116.88
24/07/2022,53.12,59.06,78.32,79.57,18,116.88
25/07/2022,53.12,59.06,78.32,79.57,18,116.88
26/07/2022,53.12,59.06,78.32,79.57,18,116.88
27/07/2022,53.12,59.06,78.32,79.57,18,116.88
28/07/2022,53.12,59.06,78.32,79.57,18,116.88
29/07/2022,53.12,59.06,78.32,79.57,18,116.88
30/07/2022,53.12,59.06,78.32,79.57,18,116.88
31/07/2022,53.12,59.06,78.32,79.57,18,116.88
01/08/2022,52.8,52.99,128.83,87.93,18,116.88
02/08/2022,52.8,52.99,128.83,87.93,18,116.88
03/08/2022,52.8,52.99,128.83,87.93,18,116.88
04/08/2022,52.8,52.99,128.83,87.93,18,116.88
05/08/2022,52.8,52.99,128.83,87.93,18,116.88
06/08/2022,52.8,52.99,128.83,87.93,18,116.88
07/08/2022,52.8,52.99,128.83,87.93,18,116.88
08/08/2022,52.8,52.99,128.83,87.93,18,116.88
09/08/2022,52.8,52.99,128.83,87.93,18,116.88
10/08/2022,52.8,52.99,128.83,87.93,18,116.88
11/08/2022,52.8,52.99,128.83,87.93,18,116.88
12/08/2022,52.8,52.99,128.83,87.93,18,116.88
13/08/2022,52.8,52.99,128.83,87.93,18,116.88
14/08/2022,52.8,52.99,128.83,87.93,18,116.88
15/08/2022,52.8,52.99,128.83,87.93,18,116.88
16/08/2022,52.8,52.99,128.83,87.93,18,116.88
17/08/2022,52.8,52.99,128.83,87.93,18,116.88
18/08/2022,52.8,52.99,128.83,87.93,18,116.88
19/08/2022,52.8,52.99,128.83,87.93,18,116.88
20/08/2022,52.8,52.99,128.83,87.93,18,116.88
21/08/2022,52.8,52.99,128.83,87.93,18,116.88
22/08/2022,52.8,52.99,128.83,87.93,18,116.88
23/08/2022,52.8,52.99,128.83,87.93,18,116.88
24/08/2022,52.8,52.99,128.83,87.93,18,116.88
25/08/2022,52.8,52.99,128.83,87.93,18,116.88
26/08/2022,52.8,52.99,128.83,87.93,18,116.88
27/08/2022,52.8,52.99,128.83,87.93,18,116.88
28/08/2022,52.8,52.99,128.83,87.93,18,116.88
29/08/2022,52.8,52.99,128.83,87.93,18,116.88
30/08/2022,52.8,52.99,128.83,87.93,18,116.88
31/08/2022,52.8,52.99,128.83,87.93,18,116.88
01/09/2022,60.58,50,91.58,78.37,18,116.88
02/09/2022,60.58,50,91.58,78.37,18,116.88
03/09/2022,60.58,50,91.58,78.37,18,116.88
04/09/2022,60.58,50,91.58,78.37,18,116.88
05/09/2022,60.58,50,91.58,78.37,18,116.88
06/09/2022,60.58,50,91.58,78.37,18,116.88
07/09/2022,60.58,50,91.58,78.37,18,116.88
08/09/2022,60.58,50,91.58,78.37,18,116.88
09/09/2022,60.58,50,91.58,78.37,18,116.88
10/09/2022,60.58,50,91.58,78.37,18,116.88
11/09/2022,60.58,50,91.58,78.37,18,116.88
12/09/2022,60.58,50,91.58,78.37,18,116.88
13/09/2022,60.58,50,91.58,78.37,18,116.88
14/09/2022,60.58,50,91.58,78.37,18,116.88
15/09/2022,60.58,50,91.58,78.37,18,116.88
16/09/2022,60.58,50,91.58,78.37,18,116.88
17/09/2022,60.58,50,91.58,78.37,18,116.88
18/09/2022,60.58,50,91.58,78.37,18,116.88
19/09/2022,60.58,50,91.58,78.37,18,116.88
20/09/2022,60.58,50,91.58,78.37,18,116.88
21/09/2022,60.58,50,91.58,78.37,18,116.88
22/09/2022,60.58,50,91.58,78.37,18,116.88
23/09/2022,60.58,50,91.58,78.37,18,116.88
24/09/2022,60.58,50,91.58,78.37,18,116.88
25/09/2022,60.58,50,91.58,78.37,18,116.88
26/09/2022,60.58,50,91.58,78.37,18,116.88
27/09/2022,60.58,50,91.58,78.37,18,116.88
28/09/2022,60.58,50,91.58,78.37,18,116.88
29/09/2022,60.58,50,91.58,78.37,18,116.88
30/09/2022,60.58,50,91.58,78.37,18,116.88
01/10/2022,54.45,52.23,37.56,72.41,18,114.99
02/10/2022,54.45,52.23,37.56,72.41,18,114.99
03/10/2022,54.45,52.23,37.56,72.41,18,114.99
04/10/2022,54.45,52.23,37.56,72.41,18,114.99
05/10/2022,54.45,52.23,37.56,72.41,18,114.99
06/10/2022,54.45,52.23,37.56,72.41,18,114.99
07/10/2022,54.45,52.23,37.56,72.41,18,114.99
08/10/2022,54.45,52.23,37.56,72.41,18,114.99
09/10/2022,54.45,52.23,37.56,72.41,18,114.99
10/10/2022,54.45,52.23,37.56,72.41,18,114.99
11/10/2022,54.45,52.23,37.56,72.41,18,114.99
12/10/2022,54.45,52.23,37.56,72.41,18,114.99
13/10/2022,54.45,52.23,37.56,72.41,18,114.99
14/10/2022,54.45,52.23,37.56,72.41,18,114.99
15/10/2022,54.45,52.23,37.56,72.41,18,114.99
16/10/2022,54.45,52.23,37.56,72.41,18,114.99
17/10/2022,54.45,52.23,37.56,72.41,18,114.99
18/10/2022,54.45,52.23,37.56,72.41,18,114.99
19/10/2022,54.45,52.23,37.56,72.41,18,114.99
20/10/2022,54.45,52.23,37.56,72.41,18,114.99
21/10/2022,54.45,52.23,37.56,72.41,18,114.99
22/10/2022,54.45,52.23,37.56,72.41,18,114.99
23/10/2022,54.45,52.23,37.56,72.41,18,114.99
24/10/2022,54.45,52.23,37.56,72.41,18,114.99
25/10/2022,54.45,52.23,37.56,72.41,18,114.99
26/10/2022,54.45,52.23,37.56,72.41,18,114.99
27/10/2022,54.45,52.23,37.56,72.41,18,114.99
28/10/2022,54.45,52.23,37.56,72.41,18,114.99
29/10/2022,54.45,52.23,37.56,72.41,18,114.99
30/10/2022,54.45,52.23,37.56,72.41,18,114.99
31/10/2022,54.45,52.23,37.56,72.41,18,114.99
01/11/2022,46.19,49.3,43.62,70.06,18,114.99
02/11/2022,46.19,49.3,43.62,70.06,18,114.99
03/11/2022,46.19,49.3,43.62,70.06,18,114.99
04/11/2022,46.19,49.3,43.62,70.06,18,114.99
05/11/2022,46.19,49.3,43.62,70.06,18,114.99
06/11/2022,46.19,49.3,43.62,70.06,18,114.99
07/11/2022,46.19,49.3,43.62,70.06,18,114.99
08/11/2022,46.19,49.3,43.62,70.06,18,114.99
09/11/2022,46.19,49.3,43.62,70.06,18,114.99
10/11/2022,46.19,49.3,43.62,70.06,18,114.99
11/11/2022,46.19,49.3,43.62,70.06,18,114.99
12/11/2022,46.19,49.3,43.62,70.06,18,114.99
13/11/2022,46.19,49.3,43.62,70.06,18,114.99
14/11/2022,46.19,49.3,43.62,70.06,18,114.99
15/11/2022,46.19,49.3,43.62,70.06,18,114.99
16/11/2022,46.19,49.3,43.62,70.06,18,114.99
17/11/2022,46.19,49.3,43.62,70.06,18,114.99
18/11/2022,46.19,49.3,43.62,70.06,18,114.99
19/11/2022,46.19,49.3,43.62,70.06,18,114.99
20/11/2022,46.19,49.3,43.62,70.06,18,114.99
21/11/2022,46.19,49.3,43.62,70.06,18,114.99
22/11/2022,46.19,49.3,43.62,70.06,18,114.99
23/11/2022,46.19,49.3,43.62,70.06,18,114.99
24/11/2022,46.19,49.3,43.62,70.06,18,114.99
25/11/2022,46.19,49.3,43.62,70.06,18,114.99
26/11/2022,46.19,49.3,43.62,70.06,18,114.99
27/11/2022,46.19,49.3,43.62,70.06,18,114.99
28/11/2022,46.19,49.3,43.62,70.06,18,114.99
29/11/2022,46.19,49.3,43.62,70.06,18,114.99
30/11/2022,46.19,49.3,43.62,70.06,18,114.99
01/12/2022,51.45,42.1,94.64,72.85,18,114.99
02/12/2022,51.45,42.1,94.64,72.85,18,114.99
03/12/2022,51.45,42.1,94.64,72.85,18,114.99
04/12/2022,51.45,42.1,94.64,72.85,18,114.99
05/12/2022,51.45,42.1,94.64,72.85,18,114.99
06/12/2022,51.45,42.1,94.64,72.85,18,114.99
07/12/2022,51.45,42.1,94.64,72.85,18,114.99
08/12/2022,51.45,42.1,94.64,72.85,18,114.99
09/12/2022,51.45,42.1,94.64,72.85,18,114.99
10/12/2022,51.45,42.1,94.64,72.85,18,114.99
11/12/2022,51.45,42.1,94.64,72.85,18,114.99
12/12/2022,51.45,42.1,94.64,72.85,18,114.99
13/12/2022,51.45,42.1,94.64,72.85,18,114.99
14/12/2022,51.45,42.1,94.64,72.85,18,114.99
15/12/2022,51.45,42.1,94.64,72.85,18,114.99
16/12/2022,51.45,42.1,94.64,72.85,18,114.99
17/12/2022,51.45,42.1,94.64,72.85,18,114.99
18/12/2022,51.45,42.1,94.64,72.85,18,114.99
19/12/2022,51.45,42.1,94.64,72.85,18,114.99
20/12/2022,51.45,42.1,94.64,72.85,18,114.99
21/12/2022,51.45,42.1,94.64,72.85,18,114.99
22/12/2022,51.45,42.1,94.64,72.85,18,114.99
23/12/2022,51.45,42.1,94.64,72.85,18,114.99
24/12/2022,51.45,42.1,94.64,72.85,18,114.99
25/12/2022,51.45,42.1,94.64,72.85,18,114.99
26/12/2022,51.45,42.1,94.64,72.85,18,114.99
27/12/2022,51.45,42.1,94.64,72.85,18,114.99
28/12/2022,51.45,42.1,94.64,72.85,18,114.99
29/12/2022,51.45,42.1,94.64,72.85,18,114.99
30/12/2022,51.45,42.1,94.64,72.85,18,114.99
31/12/2022,51.45,42.1,94.64,72.85,18,114.99
01/01/2023,46.95,42.69,54.1,65.52,18,75.94
02/01/2023,46.95,42.69,54.1,65.52,18,75.94
03/01/2023,46.95,42.69,54.1,65.52,18,75.94
04/01/2023,46.95,42.69,54.1,65.52,18,75.94
05/01/2023,46.95,42.69,54.1,65.52,18,75.94
06/01/2023,46.95,42.69,54.1,65.52,18,75.94
07/01/2023,46.95,42.69,54.1,65.52,18,75.94
08/01/2023,46.95,42.69,54.1,65.52,18,75.94
09/01/2023,46.95,42.69,54.1,65.52,18,75.94
10/01/2023,46.95,42.69,54.1,65.52,18,75.94
11/01/2023,46.95,42.69,54.1,65.52,18,75.94
12/01/2023,46.95,42.69,54.1,65.52,18,75.94
13/01/2023,46.95,42.69,54.1,65.52,18,75.94
14/01/2023,46.95,42.69,54.1,65.52,18,75.94
15/01/2023,46.95,42.69,54.1,65.52,18,75.94
16/01/2023,46.95,42.69,54.1,65.52,18,75.94
17/01/2023,46.95,42.69,54.1,65.52,18,75.94
18/01/2023,46.95,42.69,54.1,65.52,18,75.94
19/01/2023,46.95,42.69,54.1,65.52,18,75.94
20/01/2023,46.95,42.69,54.1,65.52,18,75.94
21/01/2023,46.95,42.69,54.1,65.52,18,75.94
22/01/2023,46.95,42.69,54.1,65.52,18,75.94
23/01/2023,46.95,42.69,54.1,65.52,18,75.94
24/01/2023,46.95,42.69,54.1,65.52,18,75.94
25/01/2023,46.95,42.69,54.1,65.52,18,75.94
26/01/2023,46.95,42.69,54.1,65.52,18,75.94
27/01/2023,46.95,42.69,54.1,65.52,18,75.94
28/01/2023,46.95,42.69,54.1,65.52,18,75.94
29/01/2023,46.95,42.69,54.1,65.52,18,75.94
30/01/2023,46.95,42.69,54.1,65.52,18,75.94
31/01/2023,46.95,42.69,54.1,65.52,18,75.94
01/02/2023,28.72,43.16,46.18,79.32,18,75.94
02/02/2023,28.72,43.16,46.18,79.32,18,75.94
03/02/2023,28.72,43.16,46.18,79.32,18,75.94
04/02/2023,28.72,43.16,46.18,79.32,18,75.94
05/02/2023,28.72,43.16,46.18,79.32,18,75.94
06/02/2023,28.72,43.16,46.18,79.32,18,75.94
07/02/2023,28.72,43.16,46.18,79.32,18,75.94
08/02/2023,28.72,43.16,46.18,79.32,18,75.94
09/02/2023,28.72,43.16,46.18,79.32,18,75.94
10/02/2023,28.72,43.16,46.18,79.32,18,75.94
11/02/2023,28.72,43.16,46.18,79.32,18,75.94
12/02/2023,28.72,43.16,46.18,79.32,18,75.94
13/02/2023,28.72,43.16,46.18,79.32,18,75.94
14/02/2023,28.72,43.16,46.18,79.32,18,75.94
15/02/2023,28.72,43.16,46.18,79.32,18,75.94
16/02/2023,28.72,43.16,46.18,79.32,18,75.94
17/02/2023,28.72,43.16,46.18,79.32,18,75.94
18/02/2023,28.72,43.16,46.18,79.32,18,75.94
19/02/2023,28.72,43.16,46.18,79.32,18,75.94
20/02/2023,28.72,43.16,46.18,79.32,18,75.94
21/02/2023,28.72,43.16,46.18,79.32,18,75.94
22/02/2023,28.72,43.16,46.18,79.32,18,75.94
23/02/2023,28.72,43.16,46.18,79.32,18,75.94
24/02/2023,28.72,43.16,46.18,79.32,18,75.94
25/02/2023,28.72,43.16,46.18,79.32,18,75.94
26/02/2023,28.72,43.16,46.18,79.32,18,75.94
27/02/2023,28.72,43.16,46.18,79.32,18,75.94
28/02/2023,28.72,43.16,46.18,79.32,18,75.94
01/03/2023,23.17,40.82,38.56,74.21,18,75.94
02/03/2023,23.17,40.82,38.56,74.21,18,75.94
03/03/2023,23.17,40.82,38.56,74.21,18,75.94
04/03/2023,23.17,40.82,38.56,74.21,18,75.94
05/03/2023,23.17,40.82,38.56,74.21,18,75.94
06/03/2023,23.17,40.82,38.56,74.21,18,75.94
07/03/2023,23.17,40.82,38.56,74.21,18,75.94
08/03/2023,23.17,40.82,38.56,74.21,18,75.94
09/03/2023,23.17,40.82,38.56,74.21,18,75.94
10/03/2023,23.17,40.82,38.56,74.21,18,75.94
11/03/2023,23.17,40.82,38.56,74.21,18,75.94
12/03/2023,23.17,40.82,38.56,74.21,18,75.94
13/03/2023,23.17,40.82,38.56,74.21,18,75.94
14/03/2023,23.17,40.82,38.56,74.21,18,75.94
15/03/2023,23.17,40.82,38.56,74.21,18,75.94
16/03/2023,23.17,40.82,38.56,74.21,18,75.94
17/03/2023,23.17,40.82,38.56,74.21,18,75.94
18/03/2023,23.17,40.82,38.56,74.21,18,75.94
19/03/2023,23.17,40.82,38.56,74.21,18,75.94
20/03/2023,23.17,40.82,38.56,74.21,18,75.94
21/03/2023,23.17,40.82,38.56,74.21,18,75.94
22/03/2023,23.17,40.82,38.56,74.21,18,75.94
23/03/2023,23.17,40.82,38.56,74.21,18,75.94
24/03/2023,23.17,40.82,38.56,74.21,18,75.94
25/03/2023,23.17,40.82,38.56,74.21,18,75.94
26/03/2023,23.17,40.82,38.56,74.21,18,75.94
27/03/2023,23.17,40.82,38.56,74.21,18,75.94
28/03/2023,23.17,40.82,38.56,74.21,18,75.94
29/03/2023,23.17,40.82,38.56,74.21,18,75.94
30/03/2023,23.17,40.82,38.56,74.21,18,75.94
31/03/2023,23.17,40.82,38.56,74.21,18,75.94
01/04/2023,23.95,42.85,34.18,66.42,18,63.72
02/04/2023,23.95,42.85,34.18,66.42,18,63.72
03/04/2023,23.95,42.85,34.18,66.42,18,63.72
04/04/2023,23.95,42.85,34.18,66.42,18,63.72
05/04/2023,23.95,42.85,34.18,66.42,18,63.72
06/04/2023,23.95,42.85,34.18,66.42,18,63.72
07/04/2023,23.95,42.85,34.18,66.42,18,63.72
08/04/2023,23.95,42.85,34.18,66.42,18,63.72
09/04/2023,23.95,42.85,34.18,66.42,18,63.72
10/04/2023,23.95,42.85,34.18,66.42,18,63.72
11/04/2023,23.95,42.85,34.18,66.42,18,63.72
12/04/2023,23.95,42.85,34.18,66.42,18,63.72
13/04/2023,23.95,42.85,34.18,66.42,18,63.72
14/04/2023,23.95,42.85,34.18,66.42,18,63.72
15/04/2023,23.95,42.85,34.18,66.42,18,63.72
16/04/2023,23.95,42.85,34.18,66.42,18,63.72
17/04/2023,23.95,42.85,34.18,66.42,18,63.72
18/04/2023,23.95,42.85,34.18,66.42,18,63.72
19/04/2023,23.95,42.85,34.18,66.42,18,63.72
20/04/2023,23.95,42.85,34.18,66.42,18,63.72
21/04/2023,23.95,42.85,34.18,66.42,18,63.72
22/04/2023,23.95,42.85,34.18,66.42,18,63.72
23/04/2023,23.95,42.85,34.18,66.42,18,63.72
24/04/2023,23.95,42.85,34.18,66.42,18,63.72
25/04/2023,23.95,42.85,34.18,66.42,18,63.72
26/04/2023,23.95,42.85,34.18,66.42,18,63.72
27/04/2023,23.95,42.85,34.18,66.42,18,63.72
28/04/2023,23.95,42.85,34.18,66.42,18,63.72
29/04/2023,23.95,42.85,34.18,66.42,18,63.72
30/04/2023,23.95,42.85,34.18,66.42,18,63.72
01/05/2023,20.48,38.32,25.2,55.96,18,63.72
02/05/2023,20.48,38.32,25.2,55.96,18,63.72
03/05/2023,20.48,38.32,25.2,55.96,18,63.72
04/05/2023,20.48,38.32,25.2,55.96,18,63.72
05/05/2023,20.48,38.32,25.2,55.96,18,63.72
06/05/2023,20.48,38.32,25.2,55.96,18,63.72
07/05/2023,20.48,38.32,25.2,55.96,18,63.72
08/05/2023,20.48,38.32,25.2,55.96,18,63.72
09/05/2023,20.48,38.32,25.2,55.96,18,63.72
10/05/2023,20.48,38.32,25.2,55.96,18,63.72
11/05/2023,20.48,38.32,25.2,55.96,18,63.72
12/05/2023,20.48,38.32,25.2,55.96,18,63.72
13/05/2023,20.48,38.32,25.2,55.96,18,63.72
14/05/2023,20.48,38.32,25.2,55.96,18,63.72
15/05/2023,20.48,38.32,25.2,55.96,18,63.72
16/05/2023,20.48,38.32,25.2,55.96,18,63.72
17/05/2023,20.48,38.32,25.2,55.96,18,63.72
18/05/2023,20.48,38.32,25.2,55.96,18,63.72
19/05/2023,20.48,38.32,25.2,55.96,18,63.72
20/05/2023,20.48,38.32,25.2,55.96,18,63.72
21/05/2023,20.48,38.32,25.2,55.96,18,63.72
22/05/2023,20.48,38.32,25.2,55.96,18,63.72
23/05/2023,20.48,38.32,25.2,55.96,18,63.72
24/05/2023,20.48,38.32,25.2,55.96,18,63.72
25/05/2023,20.48,38.32,25.2,55.96,18,63.72
26/05/2023,20.48,38.32,25.2,55.96,18,63.72
27/05/2023,20.48,38.32,25.2,55.96,18,63.72
28/05/2023,20.48,38.32,25.2,55.96,18,63.72
29/05/2023,20.48,38.32,25.2,55.96,18,63.72
30/05/2023,20.48,38.32,25.2,55.96,18,63.72
31/05/2023,20.48,38.32,25.2,55.96,18,63.72
01/06/2023,16.15,37.46,27.42,53.04,18,63.72
02/06/2023,16.15,37.46,27.42,53.04,18,63.72
03/06/2023,16.15,37.46,27.42,53.04,18,63.72
04/06/2023,16.15,37.46,27.42,53.04,18,63.72
05/06/2023,16.15,37.46,27.42,53.04,18,63.72
06/06/2023,16.15,37.46,27.42,53.04,18,63.72
07/06/2023,16.15,37.46,27.42,53.04,18,63.72
08/06/2023,16.15,37.46,27.42,53.04,18,63.72
09/06/2023,16.15,37.46,27.42,53.04,18,63.72
10/06/2023,16.15,37.46,27.42,53.04,18,63.72
11/06/2023,16.15,37.46,27.42,53.04,18,63.72
12/06/2023,16.15,37.46,27.42,53.04,18,63.72
13/06/2023,16.15,37.46,27.42,53.04,18,63.72
14/06/2023,16.15,37.46,27.42,53.04,18,63.72
15/06/2023,16.15,37.46,27.42,53.04,18,63.72
16/06/2023,16.15,37.46,27.42,53.04,18,63.72
17/06/2023,16.15,37.46,27.42,53.04,18,63.72
18/06/2023,16.15,37.46,27.42,53.04,18,63.72
19/06/2023,16.15,37.46,27.42,53.04,18,63.72
20/06/2023,16.15,37.46,27.42,53.04,18,63.72
21/06/2023,16.15,37.46,27.42,53.04,18,63.72
22/06/2023,16.15,37.46,27.42,53.04,18,63.72
23/06/2023,16.15,37.46,27.42,53.04,18,63.72
24/06/2023,16.15,37.46,27.42,53.04,18,63.72
25/06/2023,16.15,37.46,27.42,53.04,18,63.72
26/06/2023,16.15,37.46,27.42,53.04,18,63.72
27/06/2023,16.15,37.46,27.42,53.04,18,63.72
28/06/2023,16.15,37.46,27.42,53.04,18,63.72
29/06/2023,16.15,37.46,27.42,53.04,18,63.72
30/06/2023,16.15,37.46,27.42,53.04,18,63.72
01/07/2023,16.33,39.23,24.73,48.42,18,69.42
02/07/2023,16.33,39.23,24.73,48.42,18,69.42
03/07/2023,16.33,39.23,24.73,48.42,18,69.42
04/07/2023,16.33,39.23,24.73,48.42,18,69.42
05/07/2023,16.33,39.23,24.73,48.42,18,69.42
06/07/2023,16.33,39.23,24.73,48.42,18,69.42
07/07/2023,16.33,39.23,24.73,48.42,18,69.42
08/07/2023,16.33,39.23,24.73,48.42,18,69.42
09/07/2023,16.33,39.23,24.73,48.42,18,69.42
10/07/2023,16.33,39.23,24.73,48.42,18,69.42
11/07/2023,16.33,39.23,24.73,48.42,18,69.42
12/07/2023,16.33,39.23,24.73,48.42,18,69.42
13/07/2023,16.33,39.23,24.73,48.42,18,69.42
14/07/2023,16.33,39.23,24.73,48.42,18,69.42
15/07/2023,16.33,39.23,24.73,48.42,18,69.42
16/07/2023,16.33,39.23,24.73,48.42,18,69.42
17/07/2023,16.33,39.23,24.73,48.42,18,69.42
18/07/2023,16.33,39.23,24.73,48.42,18,69.42
19/07/2023,16.33,39.23,24.73,48.42,18,69.42
20/07/2023,16.33,39.23,24.73,48.42,18,69.42
21/07/2023,16.33,39.23,24.73,48.42,18,69.42
22/07/2023,16.33,39.23,24.73,48.42,18,69.42
23/07/2023,16.33,39.23,24.73,48.42,18,69.42
24/07/2023,16.33,39.23,24.73,48.42,18,69.42
25/07/2023,16.33,39.23,24.73,48.42,18,69.42
26/07/2023,16.33,39.23,24.73,48.42,18,69.42
27/07/2023,16.33,39.23,24.73,48.42,18,69.42
28/07/2023,16.33,39.23,24.73,48.42,18,69.42
29/07/2023,16.33,39.23,24.73,48.42,18,69.42
30/07/2023,16.33,39.23,24.73,48.42,18,69.42
31/07/2023,16.33,39.23,24.73,48.42,18,69.42
01/08/2023,18,42.88,28.71,42.64,18,69.42
02/08/2023,18,42.88,28.71,42.64,18,69.42
03/08/2023,18,42.88,28.71,42.64,18,69.42
04/08/2023,18,42.88,28.71,42.64,18,69.42
05/08/2023,18,42.88,28.71,42.64,18,69.42
06/08/2023,18,42.88,28.71,42.64,18,69.42
07/08/2023,18,42.88,28.71,42.64,18,69.42
08/08/2023,18,42.88,28.71,42.64,18,69.42
09/08/2023,18,42.88,28.71,42.64,18,69.42
10/08/2023,18,42.88,28.71,42.64,18,69.42
11/08/2023,18,42.88,28.71,42.64,18,69.42
12/08/2023,18,42.88,28.71,42.64,18,69.42
13/08/2023,18,42.88,28.71,42.64,18,69.42
14/08/2023,18,42.88,28.71,42.64,18,69.42
15/08/2023,18,42.88,28.71,42.64,18,69.42
16/08/2023,18,42.88,28.71,42.64,18,69.42
17/08/2023,18,42.88,28.71,42.64,18,69.42
18/08/2023,18,42.88,28.71,42.64,18,69.42
19/08/2023,18,42.88,28.71,42.64,18,69.42
20/08/2023,18,42.88,28.71,42.64,18,69.42
21/08/2023,18,42.88,28.71,42.64,18,69.42
22/08/2023,18,42.88,28.71,42.64,18,69.42
23/08/2023,18,42.88,28.71,42.64,18,69.42
24/08/2023,18,42.88,28.71,42.64,18,69.42
25/08/2023,18,42.88,28.71,42.64,18,69.42
26/08/2023,18,42.88,28.71,42.64,18,69.42
27/08/2023,18,42.88,28.71,42.64,18,69.42
28/08/2023,18,42.88,28.71,42.64,18,69.42
29/08/2023,18,42.88,28.71,42.64,18,69.42
30/08/2023,18,42.88,28.71,42.64,18,69.42
31/08/2023,18,42.88,28.71,42.64,18,69.42
01/09/2023,20.1,47.69,31.72,38.93,18,69.42
02/09/2023,20.1,47.69,31.72,38.93,18,69.42
03/09/2023,20.1,47.69,31.72,38.93,18,69.42
04/09/2023,20.1,47.69,31.72,38.93,18,69.42
05/09/2023,20.1,47.69,31.72,38.93,18,69.42
06/09/2023,20.1,47.69,31.72,38.93,18,69.42
07/09/2023,20.1,47.69,31.72,38.93,18,69.42
08/09/2023,20.1,47.69,31.72,38.93,18,69.42
09/09/2023,20.1,47.69,31.72,38.93,18,69.42
10/09/2023,20.1,47.69,31.72,38.93,18,69.42
11/09/2023,20.1,47.69,31.72,38.93,18,69.42
12/09/2023,20.1,47.69,31.72,38.93,18,69.42
13/09/2023,20.1,47.69,31.72,38.93,18,69.42
14/09/2023,20.1,47.69,31.72,38.93,18,69.42
15/09/2023,20.1,47.69,31.72,38.93,18,69.42
16/09/2023,20.1,47.69,31.72,38.93,18,69.42
17/09/2023,20.1,47.69,31.72,38.93,18,69.42
18/09/2023,20.1,47.69,31.72,38.93,18,69.42
19/09/2023,20.1,47.69,31.72,38.93,18,69.42
20/09/2023,20.1,47.69,31.72,38.93,18,69.42
21/09/2023,20.1,47.69,31.72,38.93,18,69.42
22/09/2023,20.1,47.69,31.72,38.93,18,69.42
23/09/2023,20.1,47.69,31.72,38.93,18,69.42
24/09/2023,20.1,47.69,31.72,38.93,18,69.42
25/09/2023,20.1,47.69,31.72,38.93,18,69.42
26/09/2023,20.1,47.69,31.72,38.93,18,69.42
27/09/2023,20.1,47.69,31.72,38.93,18,69.42
28/09/2023,20.1,47.69,31.72,38.93,18,69.42
29/09/2023,20.1,47.69,31.72,38.93,18,69.42
30/09/2023,20.1,47.69,31.72,38.93,18,69.42
01/10/2023,17.99,47.25,37.21,43.04,18,59.99
02/10/2023,17.99,47.25,37.21,43.04,18,59.99
03/10/2023,17.99,47.25,37.21,43.04,18,59.99
04/10/2023,17.99,47.25,37.21,43.04,18,59.99
05/10/2023,17.99,47.25,37.21,43.04,18,59.99
06/10/2023,17.99,47.25,37.21,43.04,18,59.99
07/10/2023,17.99,47.25,37.21,43.04,18,59.99
08/10/2023,17.99,47.25,37.21,43.04,18,59.99
09/10/2023,17.99,47.25,37.21,43.04,18,59.99
10/10/2023,17.99,47.25,37.21,43.04,18,59.99
11/10/2023,17.99,47.25,37.21,43.04,18,59.99
12/10/2023,17.99,47.25,37.21,43.04,18,59.99
13/10/2023,17.99,47.25,37.21,43.04,18,59.99
14/10/2023,17.99,47.25,37.21,43.04,18,59.99
15/10/2023,17.99,47.25,37.21,43.04,18,59.99
16/10/2023,17.99,47.25,37.21,43.04,18,59.99
17/10/2023,17.99,47.25,37.21,43.04,18,59.99
18/10/2023,17.99,47.25,37.21,43.04,18,59.99
19/10/2023,17.99,47.25,37.21,43.04,18,59.99
20/10/2023,17.99,47.25,37.21,43.04,18,59.99
21/10/2023,17.99,47.25,37.21,43.04,18,59.99
22/10/2023,17.99,47.25,37.21,43.04,18,59.99
23/10/2023,17.99,47.25,37.21,43.04,18,59.99
24/10/2023,17.99,47.25,37.21,43.04,18,59.99
25/10/2023,17.99,47.25,37.21,43.04,18,59.99
26/10/2023,17.99,47.25,37.21,43.04,18,59.99
27/10/2023,17.99,47.25,37.21,43.04,18,59.99
28/10/2023,17.99,47.25,37.21,43.04,18,59.99
29/10/2023,17.99,47.25,37.21,43.04,18,59.99
30/10/2023,17.99,47.25,37.21,43.04,18,59.99
31/10/2023,17.99,47.25,37.21,43.04,18,59.99
01/11/2023,15.5,42.2,36.62,41.87,18,59.99
02/11/2023,15.5,42.2,36.62,41.87,18,59.99
03/11/2023,15.5,42.2,36.62,41.87,18,59.99
04/11/2023,15.5,42.2,36.62,41.87,18,59.99
05/11/2023,15.5,42.2,36.62,41.87,18,59.99
06/11/2023,15.5,42.2,36.62,41.87,18,59.99
07/11/2023,15.5,42.2,36.62,41.87,18,59.99
08/11/2023,15.5,42.2,36.62,41.87,18,59.99
09/11/2023,15.5,42.2,36.62,41.87,18,59.99
10/11/2023,15.5,42.2,36.62,41.87,18,59.99
11/11/2023,15.5,42.2,36.62,41.87,18,59.99
12/11/2023,15.5,42.2,36.62,41.87,18,59.99
13/11/2023,15.5,42.2,36.62,41.87,18,59.99
14/11/2023,15.5,42.2,36.62,41.87,18,59.99
15/11/2023,15.5,42.2,36.62,41.87,18,59.99
16/11/2023,15.5,42.2,36.62,41.87,18,59.99
17/11/2023,15.5,42.2,36.62,41.87,18,59.99
18/11/2023,15.5,42.2,36.62,41.87,18,59.99
19/11/2023,15.5,42.2,36.62,41.87,18,59.99
20/11/2023,15.5,42.2,36.62,41.87,18,59.99
21/11/2023,15.5,42.2,36.62,41.87,18,59.99
22/11/2023,15.5,42.2,36.62,41.87,18,59.99
23/11/2023,15.5,42.2,36.62,41.87,18,59.99
24/11/2023,15.5,42.2,36.62,41.87,18,59.99
25/11/2023,15.5,42.2,36.62,41.87,18,59.99
26/11/2023,15.5,42.2,36.62,41.87,18,59.99
27/11/2023,15.5,42.2,36.62,41.87,18,59.99
28/11/2023,15.5,42.2,36.62,41.87,18,59.99
29/11/2023,15.5,42.2,36.62,41.87,18,59.99
30/11/2023,15.5,42.2,36.62,41.87,18,59.99
01/12/2023,17.83,38.84,29.15,37.43,18,59.99
02/12/2023,17.83,38.84,29.15,37.43,18,59.99
03/12/2023,17.83,38.84,29.15,37.43,18,59.99
04/12/2023,17.83,38.84,29.15,37.43,18,59.99
05/12/2023,17.83,38.84,29.15,37.43,18,59.99
06/12/2023,17.83,38.84,29.15,37.43,18,59.99
07/12/2023,17.83,38.84,29.15,37.43,18,59.99
08/12/2023,17.83,38.84,29.15,37.43,18,59.99
09/12/2023,17.83,38.84,29.15,37.43,18,59.99
10/12/2023,17.83,38.84,29.15,37.43,18,59.99
11/12/2023,17.83,38.84,29.15,37.43,18,59.99
12/12/2023,17.83,38.84,29.15,37.43,18,59.99
13/12/2023,17.83,38.84,29.15,37.43,18,59.99
14/12/2023,17.83,38.84,29.15,37.43,18,59.99
15/12/2023,17.83,38.84,29.15,37.43,18,59.99
16/12/2023,17.83,38.84,29.15,37.43,18,59.99
17/12/2023,17.83,38.84,29.15,37.43,18,59.99
18/12/2023,17.83,38.84,29.15,37.43,18,59.99
19/12/2023,17.83,38.84,29.15,37.43,18,59.99
20/12/2023,17.83,38.84,29.15,37.43,18,59.99
21/12/2023,17.83,38.84,29.15,37.43,18,59.99
22/12/2023,17.83,38.84,29.15,37.43,18,59.99
23/12/2023,17.83,38.84,29.15,37.43,18,59.99
24/12/2023,17.83,38.84,29.15,37.43,18,59.99
25/12/2023,17.83,38.84,29.15,37.43,18,59.99
26/12/2023,17.83,38.84,29.15,37.43,18,59.99
27/12/2023,17.83,38.84,29.15,37.43,18,59.99
28/12/2023,17.83,38.84,29.15,37.43,18,59.99
29/12/2023,17.83,38.84,29.15,37.43,18,59.99
30/12/2023,17.83,38.84,29.15,37.43,18,59.99
31/12/2023,17.83,38.84,29.15,37.43,18,59.99
01/01/2024,15.87,39.85,25.7,35.51,18,52.79
02/01/2024,15.87,39.85,25.7,35.51,18,52.79
03/01/2024,15.87,39.85,25.7,35.51,18,52.79
04/01/2024,15.87,39.85,25.7,35.51,18,52.79
05/01/2024,15.87,39.85,25.7,35.51,18,52.79
06/01/2024,15.87,39.85,25.7,35.51,18,52.79
07/01/2024,15.87,39.85,25.7,35.51,18,52.79
08/01/2024,15.87,39.85,25.7,35.51,18,52.79
09/01/2024,15.87,39.85,25.7,35.51,18,52.79
10/01/2024,15.87,39.85,25.7,35.51,18,52.79
11/01/2024,15.87,39.85,25.7,35.51,18,52.79
12/01/2024,15.87,39.85,25.7,35.51,18,52.79
13/01/2024,15.87,39.85,25.7,35.51,18,52.79
14/01/2024,15.87,39.85,25.7,35.51,18,52.79
15/01/2024,15.87,39.85,25.7,35.51,18,52.79
16/01/2024,15.87,39.85,25.7,35.51,18,52.79
17/01/2024,15.87,39.85,25.7,35.51,18,52.79
18/01/2024,15.87,39.85,25.7,35.51,18,52.79
19/01/2024,15.87,39.85,25.7,35.51,18,52.79
20/01/2024,15.87,39.85,25.7,35.51,18,52.79
21/01/2024,15.87,39.85,25.7,35.51,18,52.79
22/01/2024,15.87,39.85,25.7,35.51,18,52.79
23/01/2024,15.87,39.85,25.7,35.51,18,52.79
24/01/2024,15.87,39.85,25.7,35.51,18,52.79
25/01/2024,15.87,39.85,25.7,35.51,18,52.79
26/01/2024,15.87,39.85,25.7,35.51,18,52.79
27/01/2024,15.87,39.85,25.7,35.51,18,52.79
28/01/2024,15.87,39.85,25.7,35.51,18,52.79
29/01/2024,15.87,39.85,25.7,35.51,18,52.79
30/01/2024,15.87,39.85,25.7,35.51,18,52.79
31/01/2024,15.87,39.85,25.7,35.51,18,52.79
01/02/2024,14.94,41.7,21.49,33.79,18,52.79
02/02/2024,14.94,41.7,21.49,33.79,18,52.79
03/02/2024,14.94,41.7,21.49,33.79,18,52.79
04/02/2024,14.94,41.7,21.49,33.79,18,52.79
05/02/2024,14.94,41.7,21.49,33.79,18,52.79
06/02/2024,14.94,41.7,21.49,33.79,18,52.79
07/02/2024,14.94,41.7,21.49,33.79,18,52.79
08/02/2024,14.94,41.7,21.49,33.79,18,52.79
09/02/2024,14.94,41.7,21.49,33.79,18,52.79
10/02/2024,14.94,41.7,21.49,33.79,18,52.79
11/02/2024,14.94,41.7,21.49,33.79,18,52.79
12/02/2024,14.94,41.7,21.49,33.79,18,52.79
13/02/2024,14.94,41.7,21.49,33.79,18,52.79
14/02/2024,14.94,41.7,21.49,33.79,18,52.79
15/02/2024,14.94,41.7,21.49,33.79,18,52.79
16/02/2024,14.94,41.7,21.49,33.79,18,52.79
17/02/2024,14.94,41.7,21.49,33.79,18,52.79
18/02/2024,14.94,41.7,21.49,33.79,18,52.79
19/02/2024,14.94,41.7,21.49,33.79,18,52.79
20/02/2024,14.94,41.7,21.49,33.79,18,52.79
21/02/2024,14.94,41.7,21.49,33.79,18,52.79
22/02/2024,14.94,41.7,21.49,33.79,18,52.79
23/02/2024,14.94,41.7,21.49,33.79,18,52.79
24/02/2024,14.94,41.7,21.49,33.79,18,52.79
25/02/2024,14.94,41.7,21.49,33.79,18,52.79
26/02/2024,14.94,41.7,21.49,33.79,18,52.79
27/02/2024,14.94,41.7,21.49,33.79,18,52.79
28/02/2024,14.94,41.7,21.49,33.79,18,52.79
29/02/2024,14.94,41.7,21.49,33.79,18,52.79
01/03/2024,16.15,42.43,23.33,35.07,18,52.79
02/03/2024,16.15,42.43,23.33,35.07,18,52.79
03/03/2024,16.15,42.43,23.33,35.07,18,52.79
04/03/2024,16.15,42.43,23.33,35.07,18,52.79
05/03/2024,16.15,42.43,23.33,35.07,18,52.79
06/03/2024,16.15,42.43,23.33,35.07,18,52.79
07/03/2024,16.15,42.43,23.33,35.07,18,52.79
08/03/2024,16.15,42.43,23.33,35.07,18,52.79
09/03/2024,16.15,42.43,23.33,35.07,18,52.79
10/03/2024,16.15,42.43,23.33,35.07,18,52.79
11/03/2024,16.15,42.43,23.33,35.07,18,52.79
12/03/2024,16.15,42.43,23.33,35.07,18,52.79
13/03/2024,16.15,42.43,23.33,35.07,18,52.79
14/03/2024,16.15,42.43,23.33,35.07,18,52.79
15/03/2024,16.15,42.43,23.33,35.07,18,52.79
16/03/2024,16.15,42.43,23.33,35.07,18,52.79
17/03/2024,16.15,42.43,23.33,35.07,18,52.79
18/03/2024,16.15,42.43,23.33,35.07,18,52.79
19/03/2024,16.15,42.43,23.33,35.07,18,52.79
20/03/2024,16.15,42.43,23.33,35.07,18,52.79
21/03/2024,16.15,42.43,23.33,35.07,18,52.79
22/03/2024,16.15,42.43,23.33,35.07,18,52.79
23/03/2024,16.15,42.43,23.33,35.07,18,52.79
24/03/2024,16.15,42.43,23.33,35.07,18,52.79
25/03/2024,16.15,42.43,23.33,35.07,18,52.79
26/03/2024,16.15,42.43,23.33,35.07,18,52.79
27/03/2024,16.15,42.43,23.33,35.07,18,52.79
28/03/2024,16.15,42.43,23.33,35.07,18,52.79
29/03/2024,16.15,42.43,23.33,35.07,18,52.79
30/03/2024,16.15,42.43,23.33,35.07,18,52.79
31/03/2024,16.15,42.43,23.33,35.07,18,52.79
01/04/2024,16.29,45.49,24.66,34.68,18,47.38
02/04/2024,16.29,45.49,24.66,34.68,18,47.38
03/04/2024,16.29,45.49,24.66,34.68,18,47.38
04/04/2024,16.29,45.49,24.66,34.68,18,47.38
05/04/2024,16.29,45.49,24.66,34.68,18,47.38
06/04/2024,16.29,45.49,24.66,34.68,18,47.38
07/04/2024,16.29,45.49,24.66,34.68,18,47.38
08/04/2024,16.29,45.49,24.66,34.68,18,47.38
09/04/2024,16.29,45.49,24.66,34.68,18,47.38
10/04/2024,16.29,45.49,24.66,34.68,18,47.38
11/04/2024,16.29,45.49,24.66,34.68,18,47.38
12/04/2024,16.29,45.49,24.66,34.68,18,47.38
13/04/2024,16.29,45.49,24.66,34.68,18,47.38
14/04/2024,16.29,45.49,24.66,34.68,18,47.38
15/04/2024,16.29,45.49,24.66,34.68,18,47.38
16/04/2024,16.29,45.49,24.66,34.68,18,47.38
17/04/2024,16.29,45.49,24.66,34.68,18,47.38
18/04/2024,16.29,45.49,24.66,34.68,18,47.38
19/04/2024,16.29,45.49,24.66,34.68,18,47.38
20/04/2024,16.29,45.49,24.66,34.68,18,47.38
21/04/2024,16.29,45.49,24.66,34.68,18,47.38
22/04/2024,16.29,45.49,24.66,34.68,18,47.38
23/04/2024,16.29,45.49,24.66,34.68,18,47.38
24/04/2024,16.29,45.49,24.66,34.68,18,47.38
25/04/2024,16.29,45.49,24.66,34.68,18,47.38
26/04/2024,16.29,45.49,24.66,34.68,18,47.38
27/04/2024,16.29,45.49,24.66,34.68,18,47.38
28/04/2024,16.29,45.49,24.66,34.68,18,47.38
29/04/2024,16.29,45.49,24.66,34.68,18,47.38
30/04/2024,16.29,45.49,24.66,34.68,18,47.38
01/05/2024,17.77,40.88,26.37,39.51,18,47.38
02/05/2024,17.77,40.88,26.37,39.51,18,47.38
03/05/2024,17.77,40.88,26.37,39.51,18,47.38
04/05/2024,17.77,40.88,26.37,39.51,18,47.38
05/05/2024,17.77,40.88,26.37,39.51,18,47.38
06/05/2024,17.77,40.88,26.37,39.51,18,47.38
07/05/2024,17.77,40.88,26.37,39.51,18,47.38
08/05/2024,17.77,40.88,26.37,39.51,18,47.38
09/05/2024,17.77,40.88,26.37,39.51,18,47.38
10/05/2024,17.77,40.88,26.37,39.51,18,47.38
11/05/2024,17.77,40.88,26.37,39.51,18,47.38
12/05/2024,17.77,40.88,26.37,39.51,18,47.38
13/05/2024,17.77,40.88,26.37,39.51,18,47.38
14/05/2024,17.77,40.88,26.37,39.51,18,47.38
15/05/2024,17.77,40.88,26.37,39.51,18,47.38
16/05/2024,17.77,40.88,26.37,39.51,18,47.38
17/05/2024,17.77,40.88,26.37,39.51,18,47.38
18/05/2024,17.77,40.88,26.37,39.51,18,47.38
19/05/2024,17.77,40.88,26.37,39.51,18,47.38
20/05/2024,17.77,40.88,26.37,39.51,18,47.38
21/05/2024,17.77,40.88,26.37,39.51,18,47.38
22/05/2024,17.77,40.88,26.37,39.51,18,47.38
23/05/2024,17.77,40.88,26.37,39.51,18,47.38
24/05/2024,17.77,40.88,26.37,39.51,18,47.38
25/05/2024,17.77,40.88,26.37,39.51,18,47.38
26/05/2024,17.77,40.88,26.37,39.51,18,47.38
27/05/2024,17.77,40.88,26.37,39.51,18,47.38
28/05/2024,17.77,40.88,26.37,39.51,18,47.38
29/05/2024,17.77,40.88,26.37,39.51,18,47.38
30/05/2024,17.77,40.88,26.37,39.51,18,47.38
31/05/2024,17.77,40.88,26.37,39.51,18,47.38
01/06/2024,16.51,40.94,28.18,45.95,18,47.38
02/06/2024,16.51,40.94,28.18,45.95,18,47.38
03/06/2024,16.51,40.94,28.18,45.95,18,47.38
04/06/2024,16.51,40.94,28.18,45.95,18,47.38
05/06/2024,16.51,40.94,28.18,45.95,18,47.38
06/06/2024,16.51,40.94,28.18,45.95,18,47.38
07/06/2024,16.51,40.94,28.18,45.95,18,47.38
08/06/2024,16.51,40.94,28.18,45.95,18,47.38
09/06/2024,16.51,40.94,28.18,45.95,18,47.38
10/06/2024,16.51,40.94,28.18,45.95,18,47.38
11/06/2024,16.51,40.94,28.18,45.95,18,47.38
12/06/2024,16.51,40.94,28.18,45.95,18,47.38
13/06/2024,16.51,40.94,28.18,45.95,18,47.38
14/06/2024,16.51,40.94,28.18,45.95,18,47.38
15/06/2024,16.51,40.94,28.18,45.95,18,47.38
16/06/2024,16.51,40.94,28.18,45.95,18,47.38
17/06/2024,16.51,40.94,28.18,45.95,18,47.38
18/06/2024,16.51,40.94,28.18,45.95,18,47.38
19/06/2024,16.51,40.94,28.18,45.95,18,47.38
20/06/2024,16.51,40.94,28.18,45.95,18,47.38
21/06/2024,16.51,40.94,28.18,45.95,18,47.38
22/06/2024,16.51,40.94,28.18,45.95,18,47.38
23/06/2024,16.51,40.94,28.18,45.95,18,47.38
24/06/2024,16.51,40.94,28.18,45.95,18,47.38
25/06/2024,16.51,40.94,28.18,45.95,18,47.38
26/06/2024,16.51,40.94,28.18,45.95,18,47.38
27/06/2024,16.51,40.94,28.18,45.95,18,47.38
28/06/2024,16.51,40.94,28.18,45.95,18,47.38
29/06/2024,16.51,40.94,28.18,45.95,18,47.38
30/06/2024,16.51,40.94,28.18,45.95,18,47.38
01/07/2024,16.43,41.85,25.53,40.73,18,45.99
02/07/2024,16.43,41.85,25.53,40.73,18,45.99
03/07/2024,16.43,41.85,25.53,40.73,18,45.99
04/07/2024,16.43,41.85,25.53,40.73,18,45.99
05/07/2024,16.43,41.85,25.53,40.73,18,45.99
06/07/2024,16.43,41.85,25.53,40.73,18,45.99
07/07/2024,16.43,41.85,25.53,40.73,18,45.99
08/07/2024,16.43,41.85,25.53,40.73,18,45.99
09/07/2024,16.43,41.85,25.53,40.73,18,45.99
10/07/2024,16.43,41.85,25.53,40.73,18,45.99
11/07/2024,16.43,41.85,25.53,40.73,18,45.99
12/07/2024,16.43,41.85,25.53,40.73,18,45.99
13/07/2024,16.43,41.85,25.53,40.73,18,45.99
14/07/2024,16.43,41.85,25.53,40.73,18,45.99
15/07/2024,16.43,41.85,25.53,40.73,18,45.99
16/07/2024,16.43,41.85,25.53,40.73,18,45.99
17/07/2024,16.43,41.85,25.53,40.73,18,45.99
18/07/2024,16.43,41.85,25.53,40.73,18,45.99
19/07/2024,16.43,41.85,25.53,40.73,18,45.99
20/07/2024,16.43,41.85,25.53,40.73,18,45.99
21/07/2024,16.43,41.85,25.53,40.73,18,45.99
22/07/2024,16.43,41.85,25.53,40.73,18,45.99
23/07/2024,16.43,41.85,25.53,40.73,18,45.99
24/07/2024,16.43,41.85,25.53,40.73,18,45.99
25/07/2024,16.43,41.85,25.53,40.73,18,45.99
26/07/2024,16.43,41.85,25.53,40.73,18,45.99
27/07/2024,16.43,41.85,25.53,40.73,18,45.99
28/07/2024,16.43,41.85,25.53,40.73,18,45.99
29/07/2024,16.43,41.85,25.53,40.73,18,45.99
30/07/2024,16.43,41.85,25.53,40.73,18,45.99
31/07/2024,16.43,41.85,25.53,40.73,18,45.99
01/08/2024,17.62,39.22,28.7,39.15,18,45.99
02/08/2024,17.62,39.22,28.7,39.15,18,45.99
03/08/2024,17.62,39.22,28.7,39.15,18,45.99
04/08/2024,17.62,39.22,28.7,39.15,18,45.99
05/08/2024,17.62,39.22,28.7,39.15,18,45.99
06/08/2024,17.62,39.22,28.7,39.15,18,45.99
07/08/2024,17.62,39.22,28.7,39.15,18,45.99
08/08/2024,17.62,39.22,28.7,39.15,18,45.99
09/08/2024,17.62,39.22,28.7,39.15,18,45.99
10/08/2024,17.62,39.22,28.7,39.15,18,45.99
11/08/2024,17.62,39.22,28.7,39.15,18,45.99
12/08/2024,17.62,39.22,28.7,39.15,18,45.99
13/08/2024,17.62,39.22,28.7,39.15,18,45.99
14/08/2024,17.62,39.22,28.7,39.15,18,45.99
15/08/2024,17.62,39.22,28.7,39.15,18,45.99
16/08/2024,17.62,39.22,28.7,39.15,18,45.99
17/08/2024,17.62,39.22,28.7,39.15,18,45.99
18/08/2024,17.62,39.22,28.7,39.15,18,45.99
19/08/2024,17.62,39.22,28.7,39.15,18,45.99
20/08/2024,17.62,39.22,28.7,39.15,18,45.99
21/08/2024,17.62,39.22,28.7,39.15,18,45.99
22/08/2024,17.62,39.22,28.7,39.15,18,45.99
23/08/2024,17.62,39.22,28.7,39.15,18,45.99
24/08/2024,17.62,39.22,28.7,39.15,18,45.99
25/08/2024,17.62,39.22,28.7,39.15,18,45.99
26/08/2024,17.62,39.22,28.7,39.15,18,45.99
27/08/2024,17.62,39.22,28.7,39.15,18,45.99
28/08/2024,17.62,39.22,28.7,39.15,18,45.99
29/08/2024,17.62,39.22,28.7,39.15,18,45.99
30/08/2024,17.62,39.22,28.7,39.15,18,45.99
31/08/2024,17.62,39.22,28.7,39.15,18,45.99
01/09/2024,16.59,35.4,29.84,39.93,18,45.99
02/09/2024,16.59,35.4,29.84,39.93,18,45.99
03/09/2024,16.59,35.4,29.84,39.93,18,45.99
04/09/2024,16.59,35.4,29.84,39.93,18,45.99
05/09/2024,16.59,35.4,29.84,39.93,18,45.99
06/09/2024,16.59,35.4,29.84,39.93,18,45.99
07/09/2024,16.59,35.4,29.84,39.93,18,45.99
08/09/2024,16.59,35.4,29.84,39.93,18,45.99
09/09/2024,16.59,35.4,29.84,39.93,18,45.99
10/09/2024,16.59,35.4,29.84,39.93,18,45.99
11/09/2024,16.59,35.4,29.84,39.93,18,45.99
12/09/2024,16.59,35.4,29.84,39.93,18,45.99
13/09/2024,16.59,35.4,29.84,39.93,18,45.99
14/09/2024,16.59,35.4,29.84,39.93,18,45.99
15/09/2024,16.59,35.4,29.84,39.93,18,45.99
16/09/2024,16.59,35.4,29.84,39.93,18,45.99
17/09/2024,16.59,35.4,29.84,39.93,18,45.99
18/09/2024,16.59,35.4,29.84,39.93,18,45.99
19/09/2024,16.59,35.4,29.84,39.93,18,45.99
20/09/2024,16.59,35.4,29.84,39.93,18,45.99
21/09/2024,16.59,35.4,29.84,39.93,18,45.99
22/09/2024,16.59,35.4,29.84,39.93,18,45.99
23/09/2024,16.59,35.4,29.84,39.93,18,45.99
24/09/2024,16.59,35.4,29.84,39.93,18,45.99
25/09/2024,16.59,35.4,29.84,39.93,18,45.99
26/09/2024,16.59,35.4,29.84,39.93,18,45.99
27/09/2024,16.59,35.4,29.84,39.93,18,45.99
28/09/2024,16.59,35.4,29.84,39.93,18,45.99
29/09/2024,16.59,35.4,29.84,39.93,18,45.99
30/09/2024,16.59,35.4,29.84,39.93,18,45.99
01/10/2024,17.46,36.79,33.85,37.63,18,45.07
02/10/2024,17.46,36.79,33.85,37.63,18,45.07
03/10/2024,17.46,36.79,33.85,37.63,18,45.07
04/10/2024,17.46,36.79,33.85,37.63,18,45.07
05/10/2024,17.46,36.79,33.85,37.63,18,45.07
06/10/2024,17.46,36.79,33.85,37.63,18,45.07
07/10/2024,17.46,36.79,33.85,37.63,18,45.07
08/10/2024,17.46,36.79,33.85,37.63,18,45.07
09/10/2024,17.46,36.79,33.85,37.63,18,45.07
10/10/2024,17.46,36.79,33.85,37.63,18,45.07
11/10/2024,17.46,36.79,33.85,37.63,18,45.07
12/10/2024,17.46,36.79,33.85,37.63,18,45.07
13/10/2024,17.46,36.79,33.85,37.63,18,45.07
14/10/2024,17.46,36.79,33.85,37.63,18,45.07
15/10/2024,17.46,36.79,33.85,37.63,18,45.07
16/10/2024,17.46,36.79,33.85,37.63,18,45.07
17/10/2024,17.46,36.79,33.85,37.63,18,45.07
18/10/2024,17.46,36.79,33.85,37.63,18,45.07
19/10/2024,17.46,36.79,33.85,37.63,18,45.07
20/10/2024,17.46,36.79,33.85,37.63,18,45.07
21/10/2024,17.46,36.79,33.85,37.63,18,45.07
22/10/2024,17.46,36.79,33.85,37.63,18,45.07
23/10/2024,17.46,36.79,33.85,37.63,18,45.07
24/10/2024,17.46,36.79,33.85,37.63,18,45.07
25/10/2024,17.46,36.79,33.85,37.63,18,45.07
26/10/2024,17.46,36.79,33.85,37.63,18,45.07
27/10/2024,17.46,36.79,33.85,37.63,18,45.07
28/10/2024,17.46,36.79,33.85,37.63,18,45.07
29/10/2024,17.46,36.79,33.85,37.63,18,45.07
30/10/2024,17.46,36.79,33.85,37.63,18,45.07
31/10/2024,17.46,36.79,33.85,37.63,18,45.07
01/11/2024,17.44,36.85,37.79,37.57,18,45.07
02/11/2024,17.44,36.85,37.79,37.57,18,45.07
03/11/2024,17.44,36.85,37.79,37.57,18,45.07
04/11/2024,17.44,36.85,37.79,37.57,18,45.07
05/11/2024,17.44,36.85,37.79,37.57,18,45.07
06/11/2024,17.44,36.85,37.79,37.57,18,45.07
07/11/2024,17.44,36.85,37.79,37.57,18,45.07
08/11/2024,17.44,36.85,37.79,37.57,18,45.07
09/11/2024,17.44,36.85,37.79,37.57,18,45.07
10/11/2024,17.44,36.85,37.79,37.57,18,45.07
11/11/2024,17.44,36.85,37.79,37.57,18,45.07
12/11/2024,17.44,36.85,37.79,37.57,18,45.07
13/11/2024,17.44,36.85,37.79,37.57,18,45.07
14/11/2024,17.44,36.85,37.79,37.57,18,45.07
15/11/2024,17.44,36.85,37.79,37.57,18,45.07
16/11/2024,17.44,36.85,37.79,37.57,18,45.07
17/11/2024,17.44,36.85,37.79,37.57,18,45.07
18/11/2024,17.44,36.85,37.79,37.57,18,45.07
19/11/2024,17.44,36.85,37.79,37.57,18,45.07
20/11/2024,17.44,36.85,37.79,37.57,18,45.07
21/11/2024,17.44,36.85,37.79,37.57,18,45.07
22/11/2024,17.44,36.85,37.79,37.57,18,45.07
23/11/2024,17.44,36.85,37.79,37.57,18,45.07
24/11/2024,17.44,36.85,37.79,37.57,18,45.07
25/11/2024,17.44,36.85,37.79,37.57,18,45.07
26/11/2024,17.44,36.85,37.79,37.57,18,45.07
27/11/2024,17.44,36.85,37.79,37.57,18,45.07
28/11/2024,17.44,36.85,37.79,37.57,18,45.07
29/11/2024,17.44,36.85,37.79,37.57,18,45.07
30/11/2024,17.44,36.85,37.79,37.57,18,45.07
01/12/2024,16.11,36.9,38.28,33.95,18,45.07
02/12/2024,16.11,36.9,38.28,33.95,18,45.07
03/12/2024,16.11,36.9,38.28,33.95,18,45.07
04/12/2024,16.11,36.9,38.28,33.95,18,45.07
05/12/2024,16.11,36.9,38.28,33.95,18,45.07
06/12/2024,16.11,36.9,38.28,33.95,18,45.07
07/12/2024,16.11,36.9,38.28,33.95,18,45.07
08/12/2024,16.11,36.9,38.28,33.95,18,45.07
09/12/2024,16.11,36.9,38.28,33.95,18,45.07
10/12/2024,16.11,36.9,38.28,33.95,18,45.07
11/12/2024,16.11,36.9,38.28,33.95,18,45.07
12/12/2024,16.11,36.9,38.28,33.95,18,45.07
13/12/2024,16.11,36.9,38.28,33.95,18,45.07
14/12/2024,16.11,36.9,38.28,33.95,18,45.07
15/12/2024,16.11,36.9,38.28,33.95,18,45.07
16/12/2024,16.11,36.9,38.28,33.95,18,45.07
17/12/2024,16.11,36.9,38.28,33.95,18,45.07
18/12/2024,16.11,36.9,38.28,33.95,18,45.07
19/12/2024,16.11,36.9,38.28,33.95,18,45.07
20/12/2024,16.11,36.9,38.28,33.95,18,45.07
21/12/2024,16.11,36.9,38.28,33.95,18,45.07
22/12/2024,16.11,36.9,38.28,33.95,18,45.07
23/12/2024,16.11,36.9,38.28,33.95,18,45.07
24/12/2024,16.11,36.9,38.28,33.95,18,45.07
25/12/2024,16.11,36.9,38.28,33.95,18,45.07
26/12/2024,16.11,36.9,38.28,33.95,18,45.07
27/12/2024,16.11,36.9,38.28,33.95,18,45.07
28/12/2024,16.11,36.9,38.28,33.95,18,45.07
29/12/2024,16.11,36.9,38.28,33.95,18,45.07
30/12/2024,16.11,36.9,38.28,33.95,18,45.07
31/12/2024,16.11,36.9,38.28,33.95,18,45.07
01/01/2025,14.86,40.52,42.22,33.9,18,58.05
02/01/2025,14.86,40.52,42.22,33.9,18,58.05
03/01/2025,14.86,40.52,42.22,33.9,18,58.05
04/01/2025,14.86,40.52,42.22,33.9,18,58.05
05/01/2025,14.86,40.52,42.22,33.9,18,58.05
06/01/2025,14.86,40.52,42.22,33.9,18,58.05
07/01/2025,14.86,40.52,42.22,33.9,18,58.05
08/01/2025,14.86,40.52,42.22,33.9,18,58.05
09/01/2025,14.86,40.52,42.22,33.9,18,58.05
10/01/2025,14.86,40.52,42.22,33.9,18,58.05
11/01/2025,14.86,40.52,42.22,33.9,18,58.05
12/01/2025,14.86,40.52,42.22,33.9,18,58.05
13/01/2025,14.86,40.52,42.22,33.9,18,58.05
14/01/2025,14.86,40.52,42.22,33.9,18,58.05
15/01/2025,14.86,40.52,42.22,33.9,18,58.05
16/01/2025,14.86,40.52,42.22,33.9,18,58.05
17/01/2025,14.86,40.52,42.22,33.9,18,58.05
18/01/2025,14.86,40.52,42.22,33.9,18,58.05
19/01/2025,14.86,40.52,42.22,33.9,18,58.05
20/01/2025,14.86,40.52,42.22,33.9,18,58.05
21/01/2025,14.86,40.52,42.22,33.9,18,58.05
22/01/2025,14.86,40.52,42.22,33.9,18,58.05
23/01/2025,14.86,40.52,42.22,33.9,18,58.05
24/01/2025,14.86,40.52,42.22,33.9,18,58.05
25/01/2025,14.86,40.52,42.22,33.9,18,58.05
26/01/2025,14.86,40.52,42.22,33.9,18,58.05
27/01/2025,14.86,40.52,42.22,33.9,18,58.05
28/01/2025,14.86,40.52,42.22,33.9,18,58.05
29/01/2025,14.86,40.52,42.22,33.9,18,58.05
30/01/2025,14.86,40.52,42.22,33.9,18,58.05
31/01/2025,14.86,40.52,42.22,33.9,18,58.05
01/02/2025,13.17,38.01,42.65,42.74,18,58.05
02/02/2025,13.17,38.01,42.65,42.74,18,58.05
03/02/2025,13.17,38.01,42.65,42.74,18,58.05
04/02/2025,13.17,38.01,42.65,42.74,18,58.05
05/02/2025,13.17,38.01,42.65,42.74,18,58.05
06/02/2025,13.17,38.01,42.65,42.74,18,58.05
07/02/2025,13.17,38.01,42.65,42.74,18,58.05
08/02/2025,13.17,38.01,42.65,42.74,18,58.05
09/02/2025,13.17,38.01,42.65,42.74,18,58.05
10/02/2025,13.17,38.01,42.65,42.74,18,58.05
11/02/2025,13.17,38.01,42.65,42.74,18,58.05
12/02/2025,13.17,38.01,42.65,42.74,18,58.05
13/02/2025,13.17,38.01,42.65,42.74,18,58.05
14/02/2025,13.17,38.01,42.65,42.74,18,58.05
15/02/2025,13.17,38.01,42.65,42.74,18,58.05
16/02/2025,13.17,38.01,42.65,42.74,18,58.05
17/02/2025,13.17,38.01,42.65,42.74,18,58.05
18/02/2025,13.17,38.01,42.65,42.74,18,58.05
19/02/2025,13.17,38.01,42.65,42.74,18,58.05
20/02/2025,13.17,38.01,42.65,42.74,18,58.05
21/02/2025,13.17,38.01,42.65,42.74,18,58.05
22/02/2025,13.17,38.01,42.65,42.74,18,58.05
23/02/2025,13.17,38.01,42.65,42.74,18,58.05
24/02/2025,13.17,38.01,42.65,42.74,18,58.05
25/02/2025,13.17,38.01,42.65,42.74,18,58.05
26/02/2025,13.17,38.01,42.65,42.74,18,58.05
27/02/2025,13.17,38.01,42.65,42.74,18,58.05
28/02/2025,13.17,38.01,42.65,42.74,18,58.05
01/03/2025,12.14,35.71,34.76,41.77,18,58.05
02/03/2025,12.14,35.71,34.76,41.77,18,58.05
03/03/2025,12.14,35.71,34.76,41.77,18,58.05
04/03/2025,12.14,35.71,34.76,41.77,18,58.05
05/03/2025,12.14,35.71,34.76,41.77,18,58.05
06/03/2025,12.14,35.71,34.76,41.77,18,58.05
07/03/2025,12.14,35.71,34.76,41.77,18,58.05
08/03/2025,12.14,35.71,34.76,41.77,18,58.05
09/03/2025,12.14,35.71,34.76,41.77,18,58.05
10/03/2025,12.14,35.71,34.76,41.77,18,58.05
11/03/2025,12.14,35.71,34.76,41.77,18,58.05
12/03/2025,12.14,35.71,34.76,41.77,18,58.05
13/03/2025,12.14,35.71,34.76,41.77,18,58.05
14/03/2025,12.14,35.71,34.76,41.77,18,58.05
15/03/2025,12.14,35.71,34.76,41.77,18,58.05
16/03/2025,12.14,35.71,34.76,41.77,18,58.05
17/03/2025,12.14,35.71,34.76,41.77,18,58.05
18/03/2025,12.14,35.71,34.76,41.77,18,58.05
19/03/2025,12.14,35.71,34.76,41.77,18,58.05
20/03/2025,12.14,35.71,34.76,41.77,18,58.05
21/03/2025,12.14,35.71,34.76,41.77,18,58.05
22/03/2025,12.14,35.71,34.76,41.77,18,58.05
23/03/2025,12.14,35.71,34.76,41.77,18,58.05
24/03/2025,12.14,35.71,34.76,41.77,18,58.05
25/03/2025,12.14,35.71,34.76,41.77,18,58.05
26/03/2025,12.14,35.71,34.76,41.77,18,58.05
27/03/2025,12.14,35.71,34.76,41.77,18,58.05
28/03/2025,12.14,35.71,34.76,41.77,18,58.05
29/03/2025,12.14,35.71,34.76,41.77,18,58.05
30/03/2025,12.14,35.71,34.76,41.77,18,58.05
31/03/2025,12.14,35.71,34.76,41.77,18,58.05
01/04/2025,11.44,33.23,29.17,44.5,18,55.97
02/04/2025,11.44,33.23,29.17,44.5,18,55.97
03/04/2025,11.44,33.23,29.17,44.5,18,55.97
04/04/2025,11.44,33.23,29.17,44.5,18,55.97
05/04/2025,11.44,33.23,29.17,44.5,18,55.97
06/04/2025,11.44,33.23,29.17,44.5,18,55.97
07/04/2025,11.44,33.23,29.17,44.5,18,55.97
08/04/2025,11.44,33.23,29.17,44.5,18,55.97
09/04/2025,11.44,33.23,29.17,44.5,18,55.97
10/04/2025,11.44,33.23,29.17,44.5,18,55.97
11/04/2025,11.44,33.23,29.17,44.5,18,55.97
12/04/2025,11.44,33.23,29.17,44.5,18,55.97
13/04/2025,11.44,33.23,29.17,44.5,18,55.97
14/04/2025,11.44,33.23,29.17,44.5,18,55.97
15/04/2025,11.44,33.23,29.17,44.5,18,55.97
16/04/2025,11.44,33.23,29.17,44.5,18,55.97
17/04/2025,11.44,33.23,29.17,44.5,18,55.97
18/04/2025,11.44,33.23,29.17,44.5,18,55.97
19/04/2025,11.44,33.23,29.17,44.5,18,55.97
20/04/2025,11.44,33.23,29.17,44.5,18,55.97
21/04/2025,11.44,33.23,29.17,44.5,18,55.97
22/04/2025,11.44,33.23,29.17,44.5,18,55.97
23/04/2025,11.44,33.23,29.17,44.5,18,55.97
24/04/2025,11.44,33.23,29.17,44.5,18,55.97
25/04/2025,11.44,33.23,29.17,44.5,18,55.97
26/04/2025,11.44,33.23,29.17,44.5,18,55.97
27/04/2025,11.44,33.23,29.17,44.5,18,55.97
28/04/2025,11.44,33.23,29.17,44.5,18,55.97
29/04/2025,11.44,33.23,29.17,44.5,18,55.97
30/04/2025,11.44,33.23,29.17,44.5,18,55.97
01/05/2025,11.65,33.02,28.43,49.67,18,55.97
02/05/2025,11.65,33.02,28.43,49.67,18,55.97
03/05/2025,11.65,33.02,28.43,49.67,18,55.97
04/05/2025,11.65,33.02,28.43,49.67,18,55.97
05/05/2025,11.65,33.02,28.43,49.67,18,55.97
06/05/2025,11.65,33.02,28.43,49.67,18,55.97
07/05/2025,11.65,33.02,28.43,49.67,18,55.97
08/05/2025,11.65,33.02,28.43,49.67,18,55.97
09/05/2025,11.65,33.02,28.43,49.67,18,55.97
10/05/2025,11.65,33.02,28.43,49.67,18,55.97
11/05/2025,11.65,33.02,28.43,49.67,18,55.97
12/05/2025,11.65,33.02,28.43,49.67,18,55.97
13/05/2025,11.65,33.02,28.43,49.67,18,55.97
14/05/2025,11.65,33.02,28.43,49.67,18,55.97
15/05/2025,11.65,33.02,28.43,49.67,18,55.97
16/05/2025,11.65,33.02,28.43,49.67,18,55.97
17/05/2025,11.65,33.02,28.43,49.67,18,55.97
18/05/2025,11.65,33.02,28.43,49.67,18,55.97
19/05/2025,11.65,33.02,28.43,49.67,18,55.97
20/05/2025,11.65,33.02,28.43,49.67,18,55.97
21/05/2025,11.65,33.02,28.43,49.67,18,55.97
22/05/2025,11.65,33.02,28.43,49.67,18,55.97
23/05/2025,11.65,33.02,28.43,49.67,18,55.97
24/05/2025,11.65,33.02,28.43,49.67,18,55.97
25/05/2025,11.65,33.02,28.43,49.67,18,55.97
26/05/2025,11.65,33.02,28.43,49.67,18,55.97
27/05/2025,11.65,33.02,28.43,49.67,18,55.97
28/05/2025,11.65,33.02,28.43,49.67,18,55.97
29/05/2025,11.65,33.02,28.43,49.67,18,55.97
30/05/2025,11.65,33.02,28.43,49.67,18,55.97
31/05/2025,11.65,33.02,28.43,49.67,18,55.97
01/06/2025,12.19,33.02,29.72,49.91,18,55.97
02/06/2025,12.19,33.02,29.72,49.91,18,55.97
03/06/2025,12.19,33.02,29.72,49.91,18,55.97
04/06/2025,12.19,33.02,29.72,49.91,18,55.97
05/06/2025,12.19,33.02,29.72,49.91,18,55.97
06/06/2025,12.19,33.02,29.72,49.91,18,55.97
07/06/2025,12.19,33.02,29.72,49.91,18,55.97
08/06/2025,12.19,33.02,29.72,49.91,18,55.97
09/06/2025,12.19,33.02,29.72,49.91,18,55.97
10/06/2025,12.19,33.02,29.72,49.91,18,55.97
11/06/2025,12.19,33.02,29.72,49.91,18,55.97
12/06/2025,12.19,33.02,29.72,49.91,18,55.97
13/06/2025,12.19,33.02,29.72,49.91,18,55.97
14/06/2025,12.19,33.02,29.72,49.91,18,55.97
15/06/2025,12.19,33.02,29.72,49.91,18,55.97
16/06/2025,12.19,33.02,29.72,49.91,18,55.97
17/06/2025,12.19,33.02,29.72,49.91,18,55.97
18/06/2025,12.19,33.02,29.72,49.91,18,55.97
19/06/2025,12.19,33.02,29.72,49.91,18,55.97
20/06/2025,12.19,33.02,29.72,49.91,18,55.97
21/06/2025,12.19,33.02,29.72,49.91,18,55.97
22/06/2025,12.19,33.02,29.72,49.91,18,55.97
23/06/2025,12.19,33.02,29.72,49.91,18,55.97
24/06/2025,12.19,33.02,29.72,49.91,18,55.97
25/06/2025,12.19,33.02,29.72,49.91,18,55.97
26/06/2025,12.19,33.02,29.72,49.91,18,55.97
27/06/2025,12.19,33.02,29.72,49.91,18,55.97
28/06/2025,12.19,33.02,29.72,49.91,18,55.97
29/06/2025,12.19,33.02,29.72,49.91,18,55.97
30/06/2025,12.19,33.02,29.72,49.91,18,55.97
01/07/2025,12.89,33.02,27.69,48.12,18,54.24
02/07/2025,12.89,33.02,27.69,48.12,18,54.24
03/07/2025,12.89,33.02,27.69,48.12,18,54.24
04/07/2025,12.89,33.02,27.69,48.12,18,54.24
05/07/2025,12.89,33.02,27.69,48.12,18,54.24
06/07/2025,12.89,33.02,27.69,48.12,18,54.24
07/07/2025,12.89,33.02,27.69,48.12,18,54.24
08/07/2025,12.89,33.02,27.69,48.12,18,54.24
09/07/2025,12.89,33.02,27.69,48.12,18,54.24
10/07/2025,12.89,33.02,27.69,48.12,18,54.24
11/07/2025,12.89,33.02,27.69,48.12,18,54.24
12/07/2025,12.89,33.02,27.69,48.12,18,54.24
13/07/2025,12.89,33.02,27.69,48.12,18,54.24
14/07/2025,12.89,33.02,27.69,48.12,18,54.24
15/07/2025,12.89,33.02,27.69,48.12,18,54.24
16/07/2025,12.89,33.02,27.69,48.12,18,54.24
17/07/2025,12.89,33.02,27.69,48.12,18,54.24
18/07/2025,12.89,33.02,27.69,48.12,18,54.24
19/07/2025,12.89,33.02,27.69,48.12,18,54.24
20/07/2025,12.89,33.02,27.69,48.12,18,54.24
21/07/2025,12.89,33.02,27.69,48.12,18,54.24
22/07/2025,12.89,33.02,27.69,48.12,18,54.24
23/07/2025,12.89,33.02,27.69,48.12,18,54.24
24/07/2025,12.89,33.02,27.69,48.12,18,54.24
25/07/2025,12.89,33.02,27.69,48.12,18,54.24
26/07/2025,12.89,33.02,27.69,48.12,18,54.24
27/07/2025,12.89,33.02,27.69,48.12,18,54.24
28/07/2025,12.89,33.02,27.69,48.12,18,54.24
29/07/2025,12.89,33.02,27.69,48.12,18,54.24
30/07/2025,12.89,33.02,27.69,48.12,18,54.24
31/07/2025,12.89,33.02,27.69,48.12,18,54.24
01/08/2025,13.05,33.02,27.12,50.7,18,54.24
02/08/2025,13.05,33.02,27.12,50.7,18,54.24
03/08/2025,13.05,33.02,27.12,50.7,18,54.24
04/08/2025,13.05,33.02,27.12,50.7,18,54.24
05/08/2025,13.05,33.02,27.12,50.7,18,54.24
06/08/2025,13.05,33.02,27.12,50.7,18,54.24
07/08/2025,13.05,33.02,27.12,50.7,18,54.24
08/08/2025,13.05,33.02,27.12,50.7,18,54.24
09/08/2025,13.05,33.02,27.12,50.7,18,54.24
10/08/2025,13.05,33.02,27.12,50.7,18,54.24
11/08/2025,13.05,33.02,27.12,50.7,18,54.24
12/08/2025,13.05,33.02,27.12,50.7,18,54.24
13/08/2025,13.05,33.02,27.12,50.7,18,54.24
14/08/2025,13.05,33.02,27.12,50.7,18,54.24
15/08/2025,13.05,33.02,27.12,50.7,18,54.24
16/08/2025,13.05,33.02,27.12,50.7,18,54.24
17/08/2025,13.05,33.02,27.12,50.7,18,54.24
18/08/2025,13.05,33.02,27.12,50.7,18,54.24
19/08/2025,13.05,33.02,27.12,50.7,18,54.24
20/08/2025,13.05,33.02,27.12,50.7,18,54.24
21/08/2025,13.05,33.02,27.12,50.7,18,54.24
22/08/2025,13.05,33.02,27.12,50.7,18,54.24
23/08/2025,13.05,33.02,27.12,50.7,18,54.24
24/08/2025,13.05,33.02,27.12,50.7,18,54.24
25/08/2025,13.05,33.02,27.12,50.7,18,54.24
26/08/2025,13.05,33.02,27.12,50.7,18,54.24
27/08/2025,13.05,33.02,27.12,50.7,18,54.24
28/08/2025,13.05,33.02,27.12,50.7,18,54.24
29/08/2025,13.05,33.02,27.12,50.7,18,54.24
30/08/2025,13.05,33.02,27.12,50.7,18,54.24
31/08/2025,13.05,33.02,27.12,50.7,18,54.24
01/09/2025,12.09,33.02,27.16,55.52,18,54.24
02/09/2025,12.09,33.02,27.16,55.52,18,54.24
03/09/2025,12.09,33.02,27.16,55.52,18,54.24
04/09/2025,12.09,33.02,27.16,55.52,18,54.24
05/09/2025,12.09,33.02,27.16,55.52,18,54.24
06/09/2025,12.09,33.02,27.16,55.52,18,54.24
07/09/2025,12.09,33.02,27.16,55.52,18,54.24
08/09/2025,12.09,33.02,27.16,55.52,18,54.24
09/09/2025,12.09,33.02,27.16,55.52,18,54.24
10/09/2025,12.09,33.02,27.16,55.52,18,54.24
11/09/2025,12.09,33.02,27.16,55.52,18,54.24
12/09/2025,12.09,33.02,27.16,55.52,18,54.24
13/09/2025,12.09,33.02,27.16,55.52,18,54.24
14/09/2025,12.09,33.02,27.16,55.52,18,54.24
15/09/2025,12.09,33.02,27.16,55.52,18,54.24
16/09/2025,12.09,33.02,27.16,55.52,18,54.24
17/09/2025,12.09,33.02,27.16,55.52,18,54.24
18/09/2025,12.09,33.02,27.16,55.52,18,54.24
19/09/2025,12.09,33.02,27.16,55.52,18,54.24
20/09/2025,12.09,33.02,27.16,55.52,18,54.24
21/09/2025,12.09,33.02,27.16,55.52,18,54.24
22/09/2025,12.09,33.02,27.16,55.52,18,54.24
23/09/2025,12.09,33.02,27.16,55.52,18,54.24
24/09/2025,12.09,33.02,27.16,55.52,18,54.24
25/09/2025,12.09,33.02,27.16,55.52,18,54.24
26/09/2025,12.09,33.02,27.16,55.52,18,54.24
27/09/2025,12.09,33.02,27.16,55.52,18,54.24
28/09/2025,12.09,33.02,27.16,55.52,18,54.24
29/09/2025,12.09,33.02,27.16,55.52,18,54.24
30/09/2025,12.09,33.02,27.16,55.52,18,54.24
01/10/2025,12.22,33.02,26.84,55.23,18,67.93
02/10/2025,12.22,33.02,26.84,55.23,18,67.93
03/10/2025,12.22,33.02,26.84,55.23,18,67.93
04/10/2025,12.22,33.02,26.84,55.23,18,67.93
05/10/2025,12.22,33.02,26.84,55.23,18,67.93
06/10/2025,12.22,33.02,26.84,55.23,18,67.93
07/10/2025,12.22,33.02,26.84,55.23,18,67.93
08/10/2025,12.22,33.02,26.84,55.23,18,67.93
09/10/2025,12.22,33.02,26.84,55.23,18,67.93
10/10/2025,12.22,33.02,26.84,55.23,18,67.93
11/10/2025,12.22,33.02,26.84,55.23,18,67.93
12/10/2025,12.22,33.02,26.84,55.23,18,67.93
13/10/2025,12.22,33.02,26.84,55.23,18,67.93
14/10/2025,12.22,33.02,26.84,55.23,18,67.93
15/10/2025,12.22,33.02,26.84,55.23,18,67.93
16/10/2025,12.22,33.02,26.84,55.23,18,67.93
17/10/2025,12.22,33.02,26.84,55.23,18,67.93
18/10/2025,12.22,33.02,26.84,55.23,18,67.93
19/10/2025,12.22,33.02,26.84,55.23,18,67.93
20/10/2025,12.22,33.02,26.84,55.23,18,67.93
21/10/2025,12.22,33.02,26.84,55.23,18,67.93
22/10/2025,12.22,33.02,26.84,55.23,18,67.93
23/10/2025,12.22,33.02,26.84,55.23,18,67.93
24/10/2025,12.22,33.02,26.84,55.23,18,67.93
25/10/2025,12.22,33.02,26.84,55.23,18,67.93
26/10/2025,12.22,33.02,26.84,55.23,18,67.93
27/10/2025,12.22,33.02,26.84,55.23,18,67.93
28/10/2025,12.22,33.02,26.84,55.23,18,67.93
29/10/2025,12.22,33.02,26.84,55.23,18,67.93
30/10/2025,12.22,33.02,26.84,55.23,18,67.93
31/10/2025,12.22,33.02,26.84,55.23,18,67.93
01/11/2025,13.1,33.02,25.61,57.06,18,67.93
02/11/2025,13.1,33.02,25.61,57.06,18,67.93
03/11/2025,13.1,33.02,25.61,57.06,18,67.93
04/11/2025,13.1,33.02,25.61,57.06,18,67.93
05/11/2025,13.1,33.02,25.61,57.06,18,67.93
06/11/2025,13.1,33.02,25.61,57.06,18,67.93
07/11/2025,13.1,33.02,25.61,57.06,18,67.93
08/11/2025,13.1,33.02,25.61,57.06,18,67.93
09/11/2025,13.1,33.02,25.61,57.06,18,67.93
10/11/2025,13.1,33.02,25.61,57.06,18,67.93
11/11/2025,13.1,33.02,25.61,57.06,18,67.93
12/11/2025,13.1,33.02,25.61,57.06,18,67.93
13/11/2025,13.1,33.02,25.61,57.06,18,67.93
14/11/2025,13.1,33.02,25.61,57.06,18,67.93
15/11/2025,13.1,33.02,25.61,57.06,18,67.93
16/11/2025,13.1,33.02,25.61,57.06,18,67.93
17/11/2025,13.1,33.02,25.61,57.06,18,67.93
18/11/2025,13.1,33.02,25.61,57.06,18,67.93
19/11/2025,13.1,33.02,25.61,57.06,18,67.93
20/11/2025,13.1,33.02,25.61,57.06,18,67.93
21/11/2025,13.1,33.02,25.61,57.06,18,67.93
22/11/2025,13.1,33.02,25.61,57.06,18,67.93
23/11/2025,13.1,33.02,25.61,57.06,18,67.93
24/11/2025,13.1,33.02,25.61,57.06,18,67.93
25/11/2025,13.1,33.02,25.61,57.06,18,67.93
26/11/2025,13.1,33.02,25.61,57.06,18,67.93
27/11/2025,13.1,33.02,25.61,57.06,18,67.93
28/11/2025,13.1,33.02,25.61,57.06,18,67.93
29/11/2025,13.1,33.02,25.61,57.06,18,67.93
30/11/2025,13.1,33.02,25.61,57.06,18,67.93
01/12/2025,12.71,33.02,24.49,59.78,18,67.93
02/12/2025,12.71,33.02,24.49,59.78,18,67.93
03/12/2025,12.71,33.02,24.49,59.78,18,67.93
04/12/2025,12.71,33.02,24.49,59.78,18,67.93
05/12/2025,12.71,33.02,24.49,59.78,18,67.93
06/12/2025,12.71,33.02,24.49,59.78,18,67.93
07/12/2025,12.71,33.02,24.49,59.78,18,67.93
08/12/2025,12.71,33.02,24.49,59.78,18,67.93
09/12/2025,12.71,33.02,24.49,59.78,18,67.93
10/12/2025,12.71,33.02,24.49,59.78,18,67.93
11/12/2025,12.71,33.02,24.49,59.78,18,67.93
12/12/2025,12.71,33.02,24.49,59.78,18,67.93
13/12/2025,12.71,33.02,24.49,59.78,18,67.93
14/12/2025,12.71,33.02,24.49,59.78,18,67.93
15/12/2025,12.71,33.02,24.49,59.78,18,67.93
16/12/2025,12.71,33.02,24.49,59.78,18,67.93
17/12/2025,12.71,33.02,24.49,59.78,18,67.93
18/12/2025,12.71,33.02,24.49,59.78,18,67.93
19/12/2025,12.71,33.02,24.49,59.78,18,67.93
20/12/2025,12.71,33.02,24.49,59.78,18,67.93
21/12/2025,12.71,33.02,24.49,59.78,18,67.93
22/12/2025,12.71,33.02,24.49,59.78,18,67.93
23/12/2025,12.71,33.02,24.49,59.78,18,67.93
24/12/2025,12.71,33.02,24.49,59.78,18,67.93
25/12/2025,12.71,33.02,24.49,59.78,18,67.93
26/12/2025,12.71,33.02,24.49,59.78,18,67.93
27/12/2025,12.71,33.02,24.49,59.78,18,67.93
28/12/2025,12.71,33.02,24.49,59.78,18,67.93
29/12/2025,12.71,33.02,24.49,59.78,18,67.93
30/12/2025,12.71,33.02,24.49,59.78,18,67.93
31/12/2025,12.71,33.02,24.49,59.78,18,67.93
